shot_id,press_id,unit_id,mold_id,sensor_id,sensor_position,cavity_no,job_id,shot_ts,cycle_no,template_match_score,alarm_state,alarm_values,sort_signal,curve_retained,fill_time_to_sensor_s,peak_pressure_bar,time_to_peak_s,pressure_at_transfer_bar,fill_integral,pack_integral,cycle_integral,end_of_fill_pressure_bar,gate_seal_time_s,cooling_rate
1,IM-12,CPU-12,M-2301,M-2301-S1,post_gate,1,J-250100,2025-01-09 10:07:13.799812,2127101,0.673,alarm,fill_integral;pack_integral;peak_pressure_bar,pass,True,0.596,418.1164,1.82,402.0351,179.7429,2832.7798,3628.6631,,13.222,0.3836
2,IM-12,CPU-12,M-2301,M-2301-S1,post_gate,1,J-250100,2025-01-09 10:08:08.725589,2127102,0.684,alarm,fill_integral;pack_integral;peak_pressure_bar,pass,True,0.596,419.8339,1.82,403.6865,180.4172,2858.0967,3660.6812,,13.18,0.3846
3,IM-12,CPU-12,M-2301,M-2301-S1,post_gate,1,J-250100,2025-01-09 10:09:03.866383,2127103,0.677,alarm,fill_integral;pack_integral;peak_pressure_bar,pass,True,0.596,420.011,1.82,403.8569,180.4867,2834.627,3634.5996,,13.124,0.3849
4,IM-12,CPU-12,M-2301,M-2301-S1,post_gate,1,J-250100,2025-01-09 10:09:59.133128,2127104,0.702,alarm,fill_integral;pack_integral;peak_pressure_bar,pass,True,0.596,425.1341,1.82,408.7829,182.4965,2880.2891,3687.7788,,13.21,0.385
5,IM-12,CPU-12,M-2301,M-2301-S1,post_gate,1,J-250100,2025-01-09 10:10:54.432750,2127105,0.693,alarm,fill_integral;pack_integral;peak_pressure_bar,pass,True,0.596,423.3341,1.82,407.0521,181.7906,2861.978,3666.2583,,13.182,0.385
6,IM-12,CPU-12,M-2301,M-2301-S1,post_gate,1,J-250100,2025-01-09 10:11:49.095951,2127106,0.686,alarm,fill_integral;pack_integral;peak_pressure_bar,pass,True,0.596,424.7732,1.82,408.4359,182.355,2833.5789,3638.8298,,13.104,0.3836
7,IM-12,CPU-12,M-2301,M-2301-S1,post_gate,1,J-250100,2025-01-09 10:12:44.165014,2127107,0.693,alarm,fill_integral;pack_integral;peak_pressure_bar,pass,True,0.596,428.3793,1.82,411.9033,183.7684,2832.425,3637.7959,,13.15,0.3826
8,IM-12,CPU-12,M-2301,M-2301-S1,post_gate,1,J-250100,2025-01-09 10:13:39.365491,2127108,0.695,alarm,fill_integral;pack_integral;peak_pressure_bar,pass,True,0.596,426.433,1.82,410.0318,183.0057,2848.1355,3650.1736,,13.262,0.3827
9,IM-12,CPU-12,M-2301,M-2301-S1,post_gate,1,J-250100,2025-01-09 10:14:34.161827,2127109,0.7,alarm,fill_integral;pack_integral;peak_pressure_bar,pass,True,0.596,427.8255,1.82,411.3708,183.5514,2854.0701,3657.3647,,13.252,0.3833
10,IM-12,CPU-12,M-2301,M-2301-S1,post_gate,1,J-250100,2025-01-09 10:15:29.308348,2127110,0.71,alarm,fill_integral;pack_integral;peak_pressure_bar,pass,True,0.596,427.2368,1.82,410.8047,183.3207,2887.6094,3693.655,,13.316,0.3837
11,IM-12,CPU-12,M-2301,M-2301-S1,post_gate,1,J-250100,2025-01-09 10:16:24.512224,2127111,0.704,alarm,fill_integral;pack_integral;peak_pressure_bar,pass,True,0.596,426.1567,1.82,409.7662,182.8974,2876.9026,3684.1033,,13.28,0.3825
12,IM-12,CPU-12,M-2301,M-2301-S1,post_gate,1,J-250100,2025-01-09 10:17:19.587251,2127112,0.701,alarm,fill_integral;pack_integral;peak_pressure_bar,pass,True,0.596,429.1392,1.82,412.6339,184.0661,2851.6509,3655.4958,,13.24,0.3832
13,IM-12,CPU-12,M-2301,M-2301-S1,post_gate,1,J-250100,2025-01-09 10:18:14.438622,2127113,0.697,alarm,fill_integral;pack_integral;peak_pressure_bar,pass,True,0.596,425.0786,1.82,408.7295,182.4747,2862.0371,3663.5898,,13.272,0.3842
14,IM-12,CPU-12,M-2301,M-2301-S1,post_gate,1,J-250100,2025-01-09 10:19:09.222098,2127114,0.682,alarm,fill_integral;pack_integral;peak_pressure_bar,pass,True,0.596,422.8458,1.82,406.5826,181.599,2830.8955,3630.2598,,13.196,0.3832
15,IM-12,CPU-12,M-2301,M-2301-S1,post_gate,1,J-250100,2025-01-09 10:20:04.484382,2127115,0.666,alarm,fill_integral;pack_integral;peak_pressure_bar,pass,True,0.596,418.261,1.82,402.1741,179.7996,2807.2297,3596.512,,13.254,0.3834
16,IM-12,CPU-12,M-2301,M-2301-S1,post_gate,1,J-250100,2025-01-09 10:20:59.234719,2127116,0.667,alarm,fill_integral;pack_integral;peak_pressure_bar,pass,True,0.596,418.6486,1.82,402.5468,179.9518,2810.0056,3601.8367,,13.222,0.3831
17,IM-12,CPU-12,M-2301,M-2301-S1,post_gate,1,J-250100,2025-01-09 10:21:54.135403,2127117,0.668,alarm,fill_integral;pack_integral;peak_pressure_bar,pass,True,0.596,421.6404,1.82,405.4236,181.1261,2791.7263,3585.1794,,13.22,0.3805
18,IM-12,CPU-12,M-2301,M-2301-S1,post_gate,1,J-250100,2025-01-09 10:22:49.187692,2127118,0.67,alarm,fill_integral;pack_integral;peak_pressure_bar,pass,True,0.596,420.9923,1.82,404.8004,180.8718,2802.3357,3594.6697,,13.26,0.3812
19,IM-12,CPU-12,M-2301,M-2301-S1,post_gate,1,J-250100,2025-01-09 10:23:44.032581,2127119,0.675,alarm,fill_integral;pack_integral;peak_pressure_bar,pass,True,0.596,423.1029,1.82,406.8298,181.6998,2804.738,3600.7751,,13.224,0.381
20,IM-12,CPU-12,M-2301,M-2301-S1,post_gate,1,J-250100,2025-01-09 10:24:38.925370,2127120,0.665,alarm,fill_integral;pack_integral;peak_pressure_bar,pass,True,0.596,420.9166,1.82,404.7276,180.8421,2788.998,3580.2913,,13.152,0.3835
21,IM-12,CPU-12,M-2301,M-2301-S1,post_gate,1,J-250100,2025-01-09 10:25:33.964660,2127121,0.673,alarm,fill_integral;pack_integral;peak_pressure_bar,pass,True,0.596,423.8291,1.82,407.5281,181.9847,2795.738,3589.5325,,13.162,0.3833
22,IM-12,CPU-12,M-2301,M-2301-S1,post_gate,1,J-250100,2025-01-09 10:26:28.825213,2127122,0.688,alarm,fill_integral;pack_integral;peak_pressure_bar,pass,True,0.596,423.0626,1.82,406.7911,181.684,2846.8354,3648.21,,13.252,0.3823
23,IM-12,CPU-12,M-2301,M-2301-S1,post_gate,1,J-250100,2025-01-09 10:27:23.804645,2127123,0.69,alarm,fill_integral;pack_integral;peak_pressure_bar,pass,True,0.596,421.5694,1.82,405.3553,181.0982,2864.3992,3669.9324,,13.262,0.3813
24,IM-12,CPU-12,M-2301,M-2301-S1,post_gate,1,J-250100,2025-01-09 10:28:18.648762,2127124,0.704,alarm,fill_integral;pack_integral;peak_pressure_bar,pass,True,0.596,425.5668,1.82,409.199,182.666,2882.0325,3691.6567,,13.246,0.3828
25,IM-12,CPU-12,M-2301,M-2301-S1,post_gate,1,J-250100,2025-01-09 10:29:13.637245,2127125,0.705,alarm,fill_integral;pack_integral;peak_pressure_bar,pass,True,0.596,424.6827,1.82,408.3488,182.3194,2889.5334,3700.0513,,13.286,0.3817
26,IM-12,CPU-12,M-2301,M-2301-S1,post_gate,1,J-250100,2025-01-09 10:30:08.796012,2127126,0.698,alarm,fill_integral;pack_integral;peak_pressure_bar,pass,True,0.596,425.4166,1.82,409.0545,182.6071,2866.1287,3677.2244,,13.198,0.3814
27,IM-12,CPU-12,M-2301,M-2301-S1,post_gate,1,J-250100,2025-01-09 10:31:04.074755,2127127,0.705,alarm,fill_integral;pack_integral;peak_pressure_bar,pass,True,0.596,424.8856,1.82,408.544,182.3989,2890.4001,3706.2627,,13.21,0.3812
28,IM-12,CPU-12,M-2301,M-2301-S1,post_gate,1,J-250100,2025-01-09 10:31:58.942668,2127128,0.71,alarm,fill_integral;pack_integral;peak_pressure_bar,pass,True,0.596,425.8978,1.82,409.5172,182.7958,2896.552,3711.8516,,13.306,0.3794
29,IM-12,CPU-12,M-2301,M-2301-S1,post_gate,1,J-250100,2025-01-09 10:32:54.054792,2127129,0.698,alarm,fill_integral;pack_integral;peak_pressure_bar,pass,True,0.596,425.2665,1.82,408.9102,182.5482,2867.1143,3681.207,,13.19,0.3798
30,IM-12,CPU-12,M-2301,M-2301-S1,post_gate,1,J-250100,2025-01-09 10:33:49.362363,2127130,0.697,alarm,fill_integral;pack_integral;peak_pressure_bar,pass,True,0.596,421.534,1.82,405.3213,181.0843,2885.009,3695.189,,13.278,0.3807
31,IM-12,CPU-12,M-2301,M-2301-S1,post_gate,1,J-250100,2025-01-09 10:34:44.595600,2127131,0.692,alarm,fill_integral;pack_integral;peak_pressure_bar,pass,True,0.596,422.2135,1.82,405.9746,181.3508,2865.939,3676.2278,,13.202,0.381
32,IM-12,CPU-12,M-2301,M-2301-S1,post_gate,1,J-250100,2025-01-09 10:35:39.631856,2127132,0.697,alarm,fill_integral;pack_integral;peak_pressure_bar,pass,True,0.596,423.2273,1.82,406.9494,181.7485,2876.8135,3685.2302,,13.228,0.3828
33,IM-12,CPU-12,M-2301,M-2301-S1,post_gate,1,J-250100,2025-01-09 10:36:34.372415,2127133,0.697,alarm,fill_integral;pack_integral;peak_pressure_bar,pass,True,0.596,423.8095,1.82,407.5092,181.9769,2873.3191,3683.8936,,13.228,0.3811
34,IM-12,CPU-12,M-2301,M-2301-S1,post_gate,1,J-250100,2025-01-09 10:37:29.722565,2127134,0.693,alarm,fill_integral;pack_integral;peak_pressure_bar,pass,True,0.596,422.7632,1.82,406.5032,181.5665,2868.9014,3681.4097,,13.182,0.3808
35,IM-12,CPU-12,M-2301,M-2301-S1,post_gate,1,J-250100,2025-01-09 10:38:24.993570,2127135,0.698,alarm,fill_integral;pack_integral;peak_pressure_bar,pass,True,0.596,426.9409,1.82,410.5203,183.2046,2856.7483,3666.8801,,13.204,0.3808
36,IM-12,CPU-12,M-2301,M-2301-S1,post_gate,1,J-250100,2025-01-09 10:39:20.370929,2127136,0.697,alarm,fill_integral;pack_integral;peak_pressure_bar,pass,True,0.596,424.0034,1.82,407.6956,182.0529,2871.3071,3681.8027,,13.246,0.3805
37,IM-12,CPU-12,M-2301,M-2301-S1,post_gate,1,J-250100,2025-01-09 10:40:15.348408,2127137,0.685,alarm,fill_integral;pack_integral;peak_pressure_bar,pass,True,0.596,423.7738,1.82,407.4749,181.9629,2836.2632,3643.5989,,13.18,0.3798
38,IM-12,CPU-12,M-2301,M-2301-S1,post_gate,1,J-250100,2025-01-09 10:41:10.367145,2127138,0.688,alarm,fill_integral;pack_integral;peak_pressure_bar,pass,True,0.596,423.809,1.82,407.5088,181.9767,2844.0593,3657.7502,,13.148,0.378
39,IM-12,CPU-12,M-2301,M-2301-S1,post_gate,1,J-250100,2025-01-09 10:42:05.250381,2127139,0.691,alarm,fill_integral;pack_integral;peak_pressure_bar,pass,True,0.596,420.6807,1.82,404.5008,180.7493,2874.7537,3688.2307,,13.228,0.3788
40,IM-12,CPU-12,M-2301,M-2301-S1,post_gate,1,J-250100,2025-01-09 10:43:00.604432,2127140,0.679,alarm,fill_integral;pack_integral;peak_pressure_bar,pass,True,0.596,417.9671,1.82,401.8916,179.6841,2854.1711,3662.4377,,13.18,0.3803
41,IM-12,CPU-12,M-2301,M-2301-S1,post_gate,1,J-250100,2025-01-09 10:43:55.661299,2127141,0.679,alarm,fill_integral;pack_integral;peak_pressure_bar,pass,True,0.596,420.3119,1.82,404.1461,180.6046,2838.2009,3640.3848,,13.158,0.383
42,IM-12,CPU-12,M-2301,M-2301-S1,post_gate,1,J-250100,2025-01-09 10:44:50.702447,2127142,0.681,alarm,fill_integral;pack_integral;peak_pressure_bar,pass,True,0.596,422.2001,1.82,405.9617,181.3455,2834.2,3635.9622,,13.148,0.3836
43,IM-12,CPU-12,M-2301,M-2301-S1,post_gate,1,J-250100,2025-01-09 10:45:45.689773,2127143,0.682,alarm,fill_integral;pack_integral;peak_pressure_bar,pass,True,0.596,422.3906,1.82,406.1449,181.4202,2835.6509,3636.0786,,13.126,0.3854
44,IM-12,CPU-12,M-2301,M-2301-S1,post_gate,1,J-250100,2025-01-09 10:46:40.340008,2127144,0.661,alarm,fill_integral;pack_integral;peak_pressure_bar,pass,True,0.596,418.3083,1.82,402.2196,179.818,2797.3452,3591.3953,,13.072,0.3848
45,IM-12,CPU-12,M-2301,M-2301-S1,post_gate,1,J-250100,2025-01-09 10:47:35.207320,2127145,0.664,alarm,fill_integral;pack_integral;peak_pressure_bar,pass,True,0.596,418.2723,1.82,402.1851,179.8039,2804.1726,3597.2756,,13.15,0.384
46,IM-12,CPU-12,M-2301,M-2301-S1,post_gate,1,J-250100,2025-01-09 10:48:30.247458,2127146,0.671,alarm,fill_integral;pack_integral;peak_pressure_bar,pass,True,0.596,419.5251,1.82,403.3896,180.2957,2818.8552,3614.5066,,13.136,0.3849
47,IM-12,CPU-12,M-2301,M-2301-S1,post_gate,1,J-250100,2025-01-09 10:49:25.081124,2127147,0.671,alarm,fill_integral;pack_integral;peak_pressure_bar,pass,True,0.596,421.4432,1.82,405.2339,181.0485,2807.8406,3603.478,,13.098,0.3855
48,IM-12,CPU-12,M-2301,M-2301-S1,post_gate,1,J-250100,2025-01-09 10:50:20.422999,2127148,0.674,alarm,fill_integral;pack_integral;peak_pressure_bar,pass,True,0.596,424.3506,1.82,408.0295,182.189,2798.7627,3593.9373,,13.128,0.3842
49,IM-12,CPU-12,M-2301,M-2301-S1,post_gate,1,J-250100,2025-01-09 10:51:15.479692,2127149,0.671,alarm,fill_integral;pack_integral;peak_pressure_bar,pass,True,0.596,424.8599,1.82,408.5192,182.3887,2782.9397,3571.874,,13.174,0.3845
50,IM-12,CPU-12,M-2301,M-2301-S1,post_gate,1,J-250100,2025-01-09 10:52:10.794544,2127150,0.684,alarm,fill_integral;pack_integral;peak_pressure_bar,pass,True,0.596,426.5112,1.82,410.107,183.0361,2811.2759,3602.5193,,13.276,0.3841
51,IM-12,CPU-12,M-2301,M-2301-S1,post_gate,1,J-250100,2025-01-09 10:53:05.800831,2127151,0.677,alarm,fill_integral;pack_integral;peak_pressure_bar,pass,True,0.596,429.5446,1.82,413.0237,184.2246,2776.0737,3567.2478,,13.194,0.3828
52,IM-12,CPU-12,M-2301,M-2301-S1,post_gate,1,J-250100,2025-01-09 10:54:00.444640,2127152,0.673,alarm,fill_integral;pack_integral;peak_pressure_bar,pass,True,0.596,422.1098,1.82,405.8749,181.31,2804.8103,3593.043,,13.262,0.3843
53,IM-12,CPU-12,M-2301,M-2301-S1,post_gate,1,J-250100,2025-01-09 10:54:56.039141,2127153,0.674,alarm,fill_integral;pack_integral;peak_pressure_bar,pass,True,0.596,424.3982,1.82,408.0753,182.2076,2794.5981,3584.3516,,13.184,0.3852
54,IM-12,CPU-12,M-2301,M-2301-S1,post_gate,1,J-250100,2025-01-09 10:55:51.317156,2127154,0.684,alarm,fill_integral;pack_integral;peak_pressure_bar,pass,True,0.596,422.7147,1.82,406.4565,181.5473,2836.3516,3636.4121,,13.216,0.3828
55,IM-12,CPU-12,M-2301,M-2301-S1,post_gate,1,J-250100,2025-01-09 10:56:46.100453,2127155,0.677,alarm,fill_integral;pack_integral;peak_pressure_bar,pass,True,0.596,423.6287,1.82,407.3354,181.9058,2809.175,3605.3423,,13.172,0.3833
56,IM-12,CPU-12,M-2301,M-2301-S1,post_gate,1,J-250100,2025-01-09 10:57:40.828846,2127156,0.685,alarm,fill_integral;pack_integral;peak_pressure_bar,pass,True,0.596,423.6851,1.82,407.3897,181.928,2834.6152,3632.1604,,13.22,0.3842
57,IM-12,CPU-12,M-2301,M-2301-S1,post_gate,1,J-250100,2025-01-09 10:58:35.890194,2127157,0.673,alarm,fill_integral;pack_integral;peak_pressure_bar,pass,True,0.596,420.7318,1.82,404.5499,180.7693,2813.8579,3606.6492,,13.2,0.3845
58,IM-12,CPU-12,M-2301,M-2301-S1,post_gate,1,J-250100,2025-01-09 10:59:30.981710,2127158,0.662,alarm,fill_integral;pack_integral;peak_pressure_bar,pass,True,0.596,418.6988,1.82,402.5951,179.9713,2793.2446,3581.668,,13.158,0.3853
59,IM-12,CPU-12,M-2301,M-2301-S1,post_gate,1,J-250100,2025-01-09 11:00:25.814183,2127159,0.659,alarm,fill_integral;pack_integral;peak_pressure_bar,pass,True,0.596,420.333,1.82,404.1665,180.6127,2777.2424,3565.8674,,13.076,0.3861
60,IM-12,CPU-12,M-2301,M-2301-S1,post_gate,1,J-250100,2025-01-09 11:01:20.827709,2127160,0.667,alarm,fill_integral;pack_integral;peak_pressure_bar,pass,True,0.596,420.133,1.82,403.9742,180.5342,2799.7673,3587.4346,,13.194,0.3856
61,IM-12,CPU-12,M-2301,M-2301-S1,post_gate,1,J-250100,2025-01-09 11:02:15.539996,2127161,0.674,alarm,fill_integral;pack_integral;peak_pressure_bar,pass,True,0.596,422.1877,1.82,405.9498,181.3405,2812.2781,3608.9834,,13.108,0.3852
62,IM-12,CPU-12,M-2301,M-2301-S1,post_gate,1,J-250100,2025-01-09 11:03:10.432168,2127162,0.674,alarm,fill_integral;pack_integral;peak_pressure_bar,pass,True,0.596,421.0964,1.82,404.9005,180.9123,2817.552,3613.9854,,13.13,0.3851
63,IM-12,CPU-12,M-2301,M-2301-S1,post_gate,1,J-250100,2025-01-09 11:04:05.135725,2127163,0.692,alarm,fill_integral;pack_integral;peak_pressure_bar,pass,True,0.596,426.4152,1.82,410.0147,182.9983,2838.0334,3633.2693,,13.25,0.386
64,IM-12,CPU-12,M-2301,M-2301-S1,post_gate,1,J-250100,2025-01-09 11:05:00.175822,2127164,0.697,alarm,fill_integral;pack_integral;peak_pressure_bar,pass,True,0.596,424.7417,1.82,408.4055,182.3422,2867.126,3672.6279,,13.222,0.3841
65,IM-12,CPU-12,M-2301,M-2301-S1,post_gate,1,J-250100,2025-01-09 11:05:55.617393,2127165,0.7,alarm,fill_integral;pack_integral;peak_pressure_bar,pass,True,0.596,429.1473,1.82,412.6417,184.0689,2847.802,3653.8904,,13.204,0.3826
66,IM-12,CPU-12,M-2301,M-2301-S1,post_gate,1,J-250100,2025-01-09 11:06:50.467881,2127166,0.691,alarm,fill_integral;pack_integral;peak_pressure_bar,pass,True,0.596,425.6489,1.82,409.2779,182.6979,2841.5073,3643.7124,,13.208,0.3832
67,IM-12,CPU-12,M-2301,M-2301-S1,post_gate,1,J-250100,2025-01-09 11:07:45.420191,2127167,0.693,alarm,fill_integral;pack_integral;peak_pressure_bar,pass,True,0.596,426.1341,1.82,409.7444,182.8881,2843.5183,3646.6873,,13.228,0.3823
68,IM-12,CPU-12,M-2301,M-2301-S1,post_gate,1,J-250100,2025-01-09 11:08:40.796208,2127168,0.689,alarm,fill_integral;pack_integral;peak_pressure_bar,pass,True,0.596,427.9096,1.82,411.4517,183.584,2822.9153,3621.8997,,13.186,0.384
69,IM-12,CPU-12,M-2301,M-2301-S1,post_gate,1,J-250100,2025-01-09 11:09:35.541846,2127169,0.686,alarm,fill_integral;pack_integral;peak_pressure_bar,pass,True,0.596,423.3314,1.82,407.0495,181.7891,2839.6882,3638.6462,,13.212,0.3844
70,IM-12,CPU-12,M-2301,M-2301-S1,post_gate,1,J-250100,2025-01-09 11:10:30.615698,2127170,0.684,alarm,fill_integral;pack_integral;peak_pressure_bar,pass,True,0.596,420.5813,1.82,404.4052,180.7101,2850.9463,3654.1484,,13.188,0.3833
71,IM-12,CPU-12,M-2301,M-2301-S1,post_gate,1,J-250100,2025-01-09 11:11:25.313924,2127171,0.677,alarm,fill_integral;pack_integral;peak_pressure_bar,pass,True,0.596,421.7462,1.82,405.5253,181.1672,2823.2271,3620.6277,,13.162,0.3843
72,IM-12,CPU-12,M-2301,M-2301-S1,post_gate,1,J-250100,2025-01-09 11:12:20.431561,2127172,0.686,alarm,fill_integral;pack_integral;peak_pressure_bar,pass,True,0.596,424.4777,1.82,408.1517,182.2387,2833.5796,3633.6997,,13.226,0.3825
73,IM-12,CPU-12,M-2301,M-2301-S1,post_gate,1,J-250100,2025-01-09 11:13:15.290052,2127173,0.694,alarm,fill_integral;pack_integral;peak_pressure_bar,pass,True,0.596,427.1839,1.82,410.7538,183.2995,2838.708,3639.5088,,13.258,0.3824
74,IM-12,CPU-12,M-2301,M-2301-S1,post_gate,1,J-250100,2025-01-09 11:14:10.415860,2127174,0.868,alarm,pack_integral,reject,True,0.596,463.9041,1.82,446.0618,197.7861,3157.0366,4017.0349,,13.628,0.3844
75,IM-12,CPU-12,M-2301,M-2301-S1,post_gate,1,J-250100,2025-01-09 11:15:05.347206,2127175,0.87,alarm,pack_integral,reject,True,0.596,465.5853,1.82,447.6783,198.4414,3154.9697,4013.407,,13.668,0.384
76,IM-12,CPU-12,M-2301,M-2301-S1,post_gate,1,J-250100,2025-01-09 11:16:00.221129,2127176,0.87,alarm,pack_integral,reject,True,0.596,461.0512,1.82,443.3186,196.677,3173.7913,4031.093,,13.724,0.3842
77,IM-12,CPU-12,M-2301,M-2301-S1,post_gate,1,J-250100,2025-01-09 11:16:55.158866,2127177,0.869,alarm,pack_integral,reject,True,0.596,459.501,1.82,441.828,196.074,3177.1133,4034.762,,13.754,0.3831
78,IM-12,CPU-12,M-2301,M-2301-S1,post_gate,1,J-250100,2025-01-09 11:17:50.506555,2127178,0.873,alarm,pack_integral,reject,True,0.596,463.2839,1.82,445.4654,197.5482,3172.1162,4035.613,,13.67,0.3827
79,IM-12,CPU-12,M-2301,M-2301-S1,post_gate,1,J-250100,2025-01-09 11:18:46.081486,2127179,0.867,alarm,pack_integral,reject,True,0.596,461.0044,1.82,443.2736,196.6614,3169.5037,4037.2661,,13.58,0.3821
80,IM-12,CPU-12,M-2301,M-2301-S1,post_gate,1,J-250100,2025-01-09 11:19:41.292019,2127180,0.878,alarm,pack_integral,reject,True,0.596,460.0826,1.82,442.3873,196.3032,3203.1587,4068.1775,,13.678,0.3844
81,IM-12,CPU-12,M-2301,M-2301-S1,post_gate,1,J-250100,2025-01-09 11:20:36.508283,2127181,0.869,alarm,pack_integral,reject,True,0.596,455.4557,1.82,437.9383,194.5006,3205.6279,4069.8596,,13.66,0.3846
82,IM-12,CPU-12,M-2301,M-2301-S1,post_gate,1,J-250100,2025-01-09 11:21:31.252771,2127182,0.869,alarm,pack_integral,reject,True,0.596,455.9237,1.82,438.3884,194.684,3200.9802,4063.4382,,13.69,0.3843
83,IM-12,CPU-12,M-2301,M-2301-S1,post_gate,1,J-250100,2025-01-09 11:22:26.095420,2127183,0.855,alarm,pack_integral,reject,True,0.596,452.6681,1.82,435.2579,193.415,3181.075,4041.8459,,13.636,0.3839
84,IM-12,CPU-12,M-2301,M-2301-S1,post_gate,1,J-250100,2025-01-09 11:23:21.717778,2127184,0.869,alarm,pack_integral,reject,True,0.596,455.2413,1.82,437.7322,194.4195,3207.2529,4070.5234,,13.686,0.3846
85,IM-12,CPU-12,M-2301,M-2301-S1,post_gate,1,J-250100,2025-01-09 11:24:17.117755,2127185,0.876,alarm,pack_integral,reject,True,0.596,460.2625,1.82,442.5602,196.3775,3199.0259,4069.0059,,13.602,0.3836
86,IM-12,CPU-12,M-2301,M-2301-S1,post_gate,1,J-250100,2025-01-09 11:25:12.440605,2127186,0.881,alarm,pack_integral,reject,True,0.596,461.2237,1.82,443.4845,196.7528,3207.5237,4078.7334,,13.632,0.383
87,IM-12,CPU-12,M-2301,M-2301-S1,post_gate,1,J-250100,2025-01-09 11:26:07.782606,2127187,0.879,alarm,pack_integral,reject,True,0.596,461.6378,1.82,443.8826,196.9149,3200.092,4073.9463,,13.564,0.383
88,IM-12,CPU-12,M-2301,M-2301-S1,post_gate,1,J-250100,2025-01-09 11:27:02.518064,2127188,0.89,warning,,pass,False,0.596,460.4985,1.82,442.7872,196.4719,3240.0129,4112.2837,,13.728,0.3832
89,IM-12,CPU-12,M-2301,M-2301-S1,post_gate,1,J-250100,2025-01-09 11:27:57.033455,2127189,0.881,alarm,pack_integral,reject,True,0.596,462.1621,1.82,444.3868,197.1207,3201.4753,4069.5164,,13.65,0.3838
90,IM-12,CPU-12,M-2301,M-2301-S1,post_gate,1,J-250100,2025-01-09 11:28:52.053682,2127190,0.867,alarm,pack_integral,reject,True,0.596,459.1131,1.82,441.4551,195.9337,3180.5977,4050.376,,13.538,0.3833
91,IM-12,CPU-12,M-2301,M-2301-S1,post_gate,1,J-250100,2025-01-09 11:29:47.017503,2127191,0.877,alarm,pack_integral,reject,True,0.596,458.4667,1.82,440.8335,195.6825,3212.05,4081.7627,,13.67,0.3827
92,IM-12,CPU-12,M-2301,M-2301-S1,post_gate,1,J-250100,2025-01-09 11:30:42.442263,2127192,0.884,alarm,pack_integral,reject,True,0.596,464.9601,1.82,447.0771,198.2123,3196.6299,4066.4773,,13.696,0.3815
93,IM-12,CPU-12,M-2301,M-2301-S1,post_gate,1,J-250100,2025-01-09 11:31:37.432391,2127193,0.886,warning,,pass,False,0.596,460.9059,1.82,443.1789,196.6345,3224.6436,4096.0181,,13.72,0.3823
94,IM-12,CPU-12,M-2301,M-2301-S1,post_gate,1,J-250100,2025-01-09 11:32:32.260855,2127194,0.877,alarm,pack_integral,reject,True,0.596,459.7201,1.82,442.0386,196.1732,3203.7764,4075.8574,,13.602,0.383
95,IM-12,CPU-12,M-2301,M-2301-S1,post_gate,1,J-250100,2025-01-09 11:33:27.461104,2127195,0.878,warning,,pass,False,0.596,456.6347,1.82,439.072,194.9715,3228.7312,4100.8872,,13.642,0.3839
96,IM-12,CPU-12,M-2301,M-2301-S1,post_gate,1,J-250100,2025-01-09 11:34:22.399728,2127196,0.892,warning,,pass,False,0.596,461.1716,1.82,443.4344,196.7402,3241.0994,4114.9854,,13.712,0.3829
97,IM-12,CPU-12,M-2301,M-2301-S1,post_gate,1,J-250100,2025-01-09 11:35:17.425572,2127197,0.895,warning,,pass,False,0.596,460.9134,1.82,443.186,196.6404,3252.8533,4132.9194,,13.658,0.3825
98,IM-12,CPU-12,M-2301,M-2301-S1,post_gate,1,J-250100,2025-01-09 11:36:12.260111,2127198,0.889,warning,,pass,False,0.596,458.0065,1.82,440.391,195.5084,3255.8181,4135.041,,13.652,0.3829
99,IM-12,CPU-12,M-2301,M-2301-S1,post_gate,1,J-250100,2025-01-09 11:37:07.062700,2127199,0.885,warning,,pass,False,0.596,455.8076,1.82,438.2767,194.6519,3262.5876,4144.7622,,13.632,0.3823
100,IM-12,CPU-12,M-2301,M-2301-S1,post_gate,1,J-250100,2025-01-09 11:38:01.790813,2127200,0.889,warning,,pass,False,0.596,460.3316,1.82,442.6266,196.4159,3241.0906,4121.7354,,13.61,0.3823
101,IM-12,CPU-12,M-2301,M-2301-S1,post_gate,1,J-250100,2025-01-09 11:38:57.310549,2127201,0.9,warning,,pass,True,0.596,462.8118,1.82,445.0115,197.3827,3257.9863,4137.5918,,13.698,0.3825
102,IM-12,CPU-12,M-2301,M-2301-S1,post_gate,1,J-250100,2025-01-09 11:39:52.152964,2127202,0.903,warning,,pass,False,0.596,465.1474,1.82,447.2573,198.2927,3254.4204,4137.6812,,13.608,0.3835
103,IM-12,CPU-12,M-2301,M-2301-S1,post_gate,1,J-250100,2025-01-09 11:40:47.511435,2127203,0.904,warning,,pass,False,0.596,464.7245,1.82,446.8506,198.1288,3257.7534,4139.3496,,13.638,0.3838
104,IM-12,CPU-12,M-2301,M-2301-S1,post_gate,1,J-250100,2025-01-09 11:41:42.437883,2127204,0.912,warning,,pass,False,0.596,467.0069,1.82,449.0452,199.0177,3267.9094,4151.0059,,13.684,0.3833
105,IM-12,CPU-12,M-2301,M-2301-S1,post_gate,1,J-250100,2025-01-09 11:42:37.501902,2127205,0.925,warning,,pass,False,0.596,469.974,1.82,451.8982,200.1726,3292.9097,4183.896,,13.692,0.3822
106,IM-12,CPU-12,M-2301,M-2301-S1,post_gate,1,J-250100,2025-01-09 11:43:32.635503,2127206,0.935,none,,pass,False,0.596,470.607,1.82,452.5069,200.4194,3317.9409,4211.1182,,13.736,0.3825
107,IM-12,CPU-12,M-2301,M-2301-S1,post_gate,1,J-250100,2025-01-09 11:44:27.546542,2127207,0.908,warning,,pass,False,0.596,465.0278,1.82,447.1422,198.2496,3271.3557,4160.252,,13.588,0.3831
108,IM-12,CPU-12,M-2301,M-2301-S1,post_gate,1,J-250100,2025-01-09 11:45:22.449331,2127208,0.912,none,,pass,False,0.596,459.7276,1.82,442.0459,196.1861,3328.7949,4222.4448,,13.712,0.382
109,IM-12,CPU-12,M-2301,M-2301-S1,post_gate,1,J-250100,2025-01-09 11:46:17.417501,2127209,0.89,warning,,pass,False,0.596,456.9433,1.82,439.3686,195.1015,3270.093,4154.5923,,13.634,0.3822
110,IM-12,CPU-12,M-2301,M-2301-S1,post_gate,1,J-250100,2025-01-09 11:47:12.439772,2127210,0.898,warning,,pass,False,0.596,459.3421,1.82,441.6752,196.0372,3278.3872,4163.8716,,13.684,0.3813
111,IM-12,CPU-12,M-2301,M-2301-S1,post_gate,1,J-250100,2025-01-09 11:48:07.127345,2127211,0.889,warning,,pass,False,0.596,456.6118,1.82,439.05,194.9736,3266.9468,4148.6089,,13.69,0.3815
112,IM-12,CPU-12,M-2301,M-2301-S1,post_gate,1,J-250100,2025-01-09 11:49:01.919817,2127212,0.894,warning,,pass,False,0.596,455.5832,1.82,438.0609,194.5731,3301.2483,4185.377,,13.73,0.3825
113,IM-12,CPU-12,M-2301,M-2301-S1,post_gate,1,J-250100,2025-01-09 11:49:57.295216,2127213,0.904,warning,,pass,False,0.596,457.7361,1.82,440.131,195.4131,3318.5208,4205.4019,,13.714,0.3838
114,IM-12,CPU-12,M-2301,M-2301-S1,post_gate,1,J-250100,2025-01-09 11:50:52.218344,2127214,0.897,warning,,pass,False,0.596,457.0627,1.82,439.4834,195.1512,3297.0784,4179.5913,,13.698,0.3842
115,IM-12,CPU-12,M-2301,M-2301-S1,post_gate,1,J-250100,2025-01-09 11:51:46.885240,2127215,0.896,warning,,pass,False,0.596,455.506,1.82,437.9866,194.5448,3309.6011,4192.0254,,13.756,0.3835
116,IM-12,CPU-12,M-2301,M-2301-S1,post_gate,1,J-250100,2025-01-09 11:52:41.740873,2127216,0.917,none,,pass,False,0.596,460.2093,1.82,442.5091,196.3789,3344.604,4229.8726,,13.84,0.3844
117,IM-12,CPU-12,M-2301,M-2301-S1,post_gate,1,J-250100,2025-01-09 11:53:37.324050,2127217,0.914,warning,,pass,False,0.596,462.7381,1.82,444.9406,197.3645,3305.9629,4191.9976,,13.69,0.3847
118,IM-12,CPU-12,M-2301,M-2301-S1,post_gate,1,J-250100,2025-01-09 11:54:32.097036,2127218,0.916,warning,,pass,False,0.596,465.5662,1.82,447.66,198.4663,3291.5403,4178.7144,,13.644,0.3846
119,IM-12,CPU-12,M-2301,M-2301-S1,post_gate,1,J-250100,2025-01-09 11:55:27.049846,2127219,0.925,warning,,pass,False,0.596,468.2001,1.82,450.1925,199.4918,3304.7246,4194.7529,,13.652,0.3848
120,IM-12,CPU-12,M-2301,M-2301-S1,post_gate,1,J-250100,2025-01-09 11:56:21.723523,2127220,0.936,none,,pass,False,0.596,471.7346,1.82,453.5911,200.8669,3320.5806,4217.8979,,13.618,0.3846
121,IM-12,CPU-12,M-2301,M-2301-S1,post_gate,1,J-250100,2025-01-09 11:57:16.826475,2127221,0.927,warning,,pass,False,0.596,470.5355,1.82,452.4381,200.4013,3299.509,4191.3047,,13.58,0.3861
122,IM-12,CPU-12,M-2301,M-2301-S1,post_gate,1,J-250100,2025-01-09 11:58:12.090307,2127222,0.92,warning,,pass,False,0.596,469.2192,1.82,451.1725,199.89,3281.8757,4168.0957,,13.62,0.3854
123,IM-12,CPU-12,M-2301,M-2301-S1,post_gate,1,J-250100,2025-01-09 11:59:07.607136,2127223,0.912,warning,,pass,False,0.596,463.9895,1.82,446.1439,197.8554,3289.3276,4171.2935,,13.674,0.3861
124,IM-12,CPU-12,M-2301,M-2301-S1,post_gate,1,J-250100,2025-01-09 12:00:02.664189,2127224,0.91,warning,,pass,False,0.596,463.9583,1.82,446.1138,197.8438,3282.2046,4165.1436,,13.662,0.3848
125,IM-12,CPU-12,M-2301,M-2301-S1,post_gate,1,J-250100,2025-01-09 12:00:57.388500,2127225,0.903,warning,,pass,False,0.596,463.0069,1.82,445.199,197.474,3266.4023,4148.9082,,13.636,0.3839
126,IM-12,CPU-12,M-2301,M-2301-S1,post_gate,1,J-250100,2025-01-09 12:01:52.181083,2127226,0.915,warning,,pass,True,0.596,466.6892,1.82,448.7398,198.9081,3281.9929,4165.4595,,13.65,0.3857
127,IM-12,CPU-12,M-2301,M-2301-S1,post_gate,1,J-250100,2025-01-09 12:02:47.167493,2127227,0.921,warning,,pass,False,0.596,468.6344,1.82,450.6102,199.6654,3288.2327,4175.0005,,13.636,0.3853
128,IM-12,CPU-12,M-2301,M-2301-S1,post_gate,1,J-250100,2025-01-09 12:03:42.090879,2127228,0.949,none,,pass,False,0.596,472.3812,1.82,454.2128,201.123,3348.4746,4237.6548,,13.812,0.3861
129,IM-12,CPU-12,M-2301,M-2301-S1,post_gate,1,J-250100,2025-01-09 12:04:36.983658,2127229,0.954,none,,pass,False,0.596,474.3405,1.82,456.0967,201.885,3351.4492,4245.0884,,13.814,0.3846
130,IM-12,CPU-12,M-2301,M-2301-S1,post_gate,1,J-250100,2025-01-09 12:05:32.127174,2127230,0.948,none,,pass,False,0.596,476.1826,1.82,457.868,202.6012,3327.3604,4220.5122,,13.732,0.3849
131,IM-12,CPU-12,M-2301,M-2301-S1,post_gate,1,J-250100,2025-01-09 12:06:26.927611,2127231,0.923,warning,,pass,False,0.596,475.8628,1.82,457.5605,202.4776,3267.3772,4155.231,,13.596,0.3853
132,IM-12,CPU-12,M-2301,M-2301-S1,post_gate,1,J-250100,2025-01-09 12:07:21.905608,2127232,0.923,warning,,pass,False,0.596,474.5697,1.82,456.3171,201.9757,3270.1633,4157.0874,,13.632,0.3846
133,IM-12,CPU-12,M-2301,M-2301-S1,post_gate,1,J-250100,2025-01-09 12:08:17.489772,2127233,0.912,warning,,pass,False,0.596,472.155,1.82,453.9953,201.0378,3248.2488,4130.0996,,13.604,0.3854
134,IM-12,CPU-12,M-2301,M-2301-S1,post_gate,1,J-250100,2025-01-09 12:09:12.482132,2127234,0.916,warning,,pass,False,0.596,471.2678,1.82,453.1423,200.6934,3261.7737,4147.8984,,13.624,0.3836
135,IM-12,CPU-12,M-2301,M-2301-S1,post_gate,1,J-250100,2025-01-09 12:10:07.293659,2127235,0.904,warning,,pass,False,0.596,468.0634,1.82,450.0611,199.4476,3242.2974,4128.5601,,13.556,0.3827
136,IM-12,CPU-12,M-2301,M-2301-S1,post_gate,1,J-250100,2025-01-09 12:11:02.625726,2127236,0.912,warning,,pass,False,0.596,469.1952,1.82,451.1494,199.8884,3259.0044,4147.0195,,13.612,0.3822
137,IM-12,CPU-12,M-2301,M-2301-S1,post_gate,1,J-250100,2025-01-09 12:11:57.404974,2127237,0.914,warning,,pass,False,0.596,468.8321,1.82,450.8002,199.7477,3268.2322,4157.0356,,13.608,0.383
138,IM-12,CPU-12,M-2301,M-2301-S1,post_gate,1,J-250100,2025-01-09 12:12:52.311003,2127238,0.905,warning,,pass,False,0.596,463.334,1.82,445.5136,197.6083,3269.989,4155.583,,13.636,0.3826
139,IM-12,CPU-12,M-2301,M-2301-S1,post_gate,1,J-250100,2025-01-09 12:13:47.223223,2127239,0.894,warning,,pass,False,0.596,457.2864,1.82,439.6986,195.2524,3284.1255,4171.9634,,13.624,0.3823
140,IM-12,CPU-12,M-2301,M-2301-S1,post_gate,1,J-250100,2025-01-09 12:14:41.955203,2127240,0.904,warning,,pass,False,0.596,457.7709,1.82,440.1645,195.4417,3317.4402,4206.9463,,13.69,0.3832
141,IM-12,CPU-12,M-2301,M-2301-S1,post_gate,1,J-250100,2025-01-09 12:15:37.066740,2127241,0.901,warning,,pass,False,0.596,458.867,1.82,441.2184,195.8695,3292.1123,4176.1318,,13.672,0.384
142,IM-12,CPU-12,M-2301,M-2301-S1,post_gate,1,J-250100,2025-01-09 12:16:32.242055,2127242,0.902,warning,,pass,False,0.596,460.1978,1.82,442.498,196.3886,3289.3425,4179.2314,,13.586,0.3836
143,IM-12,CPU-12,M-2301,M-2301-S1,post_gate,1,J-250100,2025-01-09 12:17:27.187387,2127243,0.915,warning,,pass,False,0.596,465.5405,1.82,447.6353,198.4699,3290.637,4181.5801,,13.624,0.3829
144,IM-12,CPU-12,M-2301,M-2301-S1,post_gate,1,J-250100,2025-01-09 12:18:22.782599,2127244,0.919,warning,,pass,False,0.596,464.6454,1.82,446.7746,198.1219,3306.6992,4194.5112,,13.736,0.383
145,IM-12,CPU-12,M-2301,M-2301-S1,post_gate,1,J-250100,2025-01-09 12:19:18.041378,2127245,0.916,none,,pass,False,0.596,462.2466,1.82,444.468,197.1882,3316.6499,4201.4131,,13.792,0.3835
146,IM-12,CPU-12,M-2301,M-2301-S1,post_gate,1,J-250100,2025-01-09 12:20:13.134026,2127246,0.909,warning,,pass,False,0.596,464.7929,1.82,446.9164,198.1803,3273.0151,4155.8687,,13.702,0.3829
147,IM-12,CPU-12,M-2301,M-2301-S1,post_gate,1,J-250100,2025-01-09 12:21:08.415546,2127247,0.922,warning,,pass,False,0.596,468.5081,1.82,450.4887,199.6266,3290.4614,4177.5474,,13.724,0.3826
148,IM-12,CPU-12,M-2301,M-2301-S1,post_gate,1,J-250100,2025-01-09 12:22:03.507376,2127248,0.941,none,,pass,False,0.596,473.2419,1.82,455.0405,201.4678,3320.6431,4213.8511,,13.746,0.3831
149,IM-12,CPU-12,M-2301,M-2301-S1,post_gate,1,J-250100,2025-01-09 12:22:58.355302,2127249,0.932,none,,pass,False,0.596,469.778,1.82,451.7097,200.1215,3311.469,4202.6147,,13.81,0.3805
150,IM-12,CPU-12,M-2301,M-2301-S1,post_gate,1,J-250100,2025-01-09 12:23:53.323123,2127250,0.93,warning,,pass,False,0.596,469.1372,1.82,451.0936,199.8727,3308.292,4200.5342,,13.758,0.381
151,IM-12,CPU-12,M-2301,M-2301-S1,post_gate,1,J-250100,2025-01-09 12:24:48.424990,2127251,0.932,none,,pass,True,0.596,468.1862,1.82,450.1791,199.5032,3322.1201,4216.165,,13.766,0.3811
152,IM-12,CPU-12,M-2301,M-2301-S1,post_gate,1,J-250100,2025-01-09 12:25:43.870881,2127252,0.941,none,,pass,False,0.596,472.704,1.82,454.5232,201.2606,3324.1101,4222.9595,,13.73,0.3807
153,IM-12,CPU-12,M-2301,M-2301-S1,post_gate,1,J-250100,2025-01-09 12:26:39.034464,2127253,0.936,warning,,pass,False,0.596,474.1027,1.82,455.8681,201.8046,3306.1689,4207.2539,,13.632,0.381
154,IM-12,CPU-12,M-2301,M-2301-S1,post_gate,1,J-250100,2025-01-09 12:27:34.014377,2127254,0.949,none,,pass,False,0.596,473.388,1.82,455.1809,201.5273,3344.7332,4245.6172,,13.758,0.3813
155,IM-12,CPU-12,M-2301,M-2301-S1,post_gate,1,J-250100,2025-01-09 12:28:29.107094,2127255,0.947,none,,pass,False,0.596,474.7596,1.82,456.4997,202.0608,3330.5164,4228.2314,,13.748,0.3821
156,IM-12,CPU-12,M-2301,M-2301-S1,post_gate,1,J-250100,2025-01-09 12:29:24.274135,2127256,0.951,none,,pass,False,0.596,472.9103,1.82,454.7216,201.3426,3351.1316,4249.7344,,13.776,0.3825
157,IM-12,CPU-12,M-2301,M-2301-S1,post_gate,1,J-250100,2025-01-09 12:30:18.857611,2127257,0.946,none,,pass,False,0.596,471.8956,1.82,453.7459,200.9485,3343.0979,4242.3442,,13.742,0.3821
158,IM-12,CPU-12,M-2301,M-2301-S1,post_gate,1,J-250100,2025-01-09 12:31:13.940882,2127258,0.942,none,,pass,False,0.596,471.5744,1.82,453.4371,200.8241,3337.2031,4240.0527,,13.688,0.3812
159,IM-12,CPU-12,M-2301,M-2301-S1,post_gate,1,J-250100,2025-01-09 12:32:09.250425,2127259,0.941,none,,pass,False,0.596,470.0773,1.82,451.9976,200.2423,3341.9373,4243.5161,,13.708,0.3814
160,IM-12,CPU-12,M-2301,M-2301-S1,post_gate,1,J-250100,2025-01-09 12:33:04.287186,2127260,0.941,none,,pass,False,0.596,469.5909,1.82,451.5298,200.0536,3345.3052,4245.2627,,13.756,0.3811
161,IM-12,CPU-12,M-2301,M-2301-S1,post_gate,1,J-250100,2025-01-09 12:33:59.242725,2127261,0.939,none,,pass,False,0.596,470.8674,1.82,452.7572,200.5504,3329.6545,4231.7964,,13.714,0.3797
162,IM-12,CPU-12,M-2301,M-2301-S1,post_gate,1,J-250100,2025-01-09 12:34:54.268680,2127262,0.954,none,,pass,False,0.596,471.5935,1.82,453.4554,200.8332,3371.1694,4276.354,,13.836,0.3791
163,IM-12,CPU-12,M-2301,M-2301-S1,post_gate,1,J-250100,2025-01-09 12:35:49.618297,2127263,0.974,none,,pass,False,0.596,475.5741,1.82,457.2829,202.3807,3412.27,4322.5869,,13.932,0.3787
164,IM-12,CPU-12,M-2301,M-2301-S1,post_gate,1,J-250100,2025-01-09 12:36:44.815621,2127264,0.942,none,,pass,False,0.596,477.0558,1.82,458.7076,202.9567,3311.127,4215.2388,,13.704,0.3783
165,IM-12,CPU-12,M-2301,M-2301-S1,post_gate,1,J-250100,2025-01-09 12:37:39.966887,2127265,0.944,none,,pass,False,0.596,475.6782,1.82,457.383,202.4219,3317.0547,4217.0635,,13.8,0.3779
166,IM-12,CPU-12,M-2301,M-2301-S1,post_gate,1,J-250100,2025-01-09 13:25:03.225762,2127266,0.923,warning,,pass,False,0.596,468.855,1.82,450.8223,199.7693,3287.7275,4179.0845,,13.778,0.3785
167,IM-12,CPU-12,M-2301,M-2301-S1,post_gate,1,J-250100,2025-01-09 13:25:58.125270,2127267,0.92,warning,,pass,False,0.596,465.459,1.82,447.5568,198.4482,3300.4854,4190.4243,,13.826,0.3785
168,IM-12,CPU-12,M-2301,M-2301-S1,post_gate,1,J-250100,2025-01-09 13:26:52.872583,2127268,0.917,warning,,pass,False,0.596,465.4244,1.82,447.5236,198.4351,3293.1973,4178.6758,,13.806,0.3806
169,IM-12,CPU-12,M-2301,M-2301-S1,post_gate,1,J-250100,2025-01-09 13:27:48.198377,2127269,0.92,warning,,pass,False,0.596,465.7339,1.82,447.8212,198.556,3298.5449,4183.4868,,13.778,0.3826
170,IM-12,CPU-12,M-2301,M-2301-S1,post_gate,1,J-250100,2025-01-09 13:28:43.547018,2127270,0.92,none,,pass,False,0.596,463.5192,1.82,445.6917,197.694,3318.9753,4202.7563,,13.846,0.3829
171,IM-12,CPU-12,M-2301,M-2301-S1,post_gate,1,J-250100,2025-01-09 13:29:38.347463,2127271,0.926,none,,pass,False,0.596,464.2829,1.82,446.426,197.9918,3336.7859,4223.7212,,13.804,0.3845
172,IM-12,CPU-12,M-2301,M-2301-S1,post_gate,1,J-250100,2025-01-09 13:30:33.625572,2127272,0.935,none,,pass,False,0.596,466.2141,1.82,448.283,198.744,3352.2393,4239.9473,,13.89,0.3838
173,IM-12,CPU-12,M-2301,M-2301-S1,post_gate,1,J-250100,2025-01-09 13:31:28.625772,2127273,0.93,none,,pass,False,0.596,465.7572,1.82,447.8436,198.5665,3334.9507,4222.7412,,13.858,0.3825
174,IM-12,CPU-12,M-2301,M-2301-S1,post_gate,1,J-250100,2025-01-09 13:32:23.600318,2127274,0.92,warning,,pass,False,0.596,466.7294,1.82,448.7784,198.9453,3294.9204,4180.9375,,13.742,0.3829
175,IM-12,CPU-12,M-2301,M-2301-S1,post_gate,1,J-250100,2025-01-09 13:33:19.037212,2127275,0.928,none,,pass,False,0.596,467.6447,1.82,449.6585,199.3018,3311.6699,4199.3062,,13.796,0.3825
176,IM-12,CPU-12,M-2301,M-2301-S1,post_gate,1,J-250100,2025-01-09 13:34:14.450432,2127276,0.932,none,,pass,True,0.596,466.7475,1.82,448.7958,198.953,3333.3159,4223.0449,,13.842,0.382
177,IM-12,CPU-12,M-2301,M-2301-S1,post_gate,1,J-250100,2025-01-09 13:35:09.342540,2127277,0.927,none,,pass,False,0.596,465.6277,1.82,447.7191,198.5175,3325.082,4213.8047,,13.824,0.382
178,IM-12,CPU-12,M-2301,M-2301-S1,post_gate,1,J-250100,2025-01-09 13:36:04.487644,2127278,0.923,warning,,pass,False,0.596,466.7284,1.82,448.7775,198.9463,3304.1345,4191.4985,,13.782,0.3818
179,IM-12,CPU-12,M-2301,M-2301-S1,post_gate,1,J-250100,2025-01-09 13:36:59.336447,2127279,0.938,none,,pass,False,0.596,468.6811,1.82,450.655,199.7065,3340.1028,4227.54,,13.968,0.3807
180,IM-12,CPU-12,M-2301,M-2301-S1,post_gate,1,J-250100,2025-01-09 13:37:53.957896,2127280,0.934,none,,pass,False,0.596,466.7236,1.82,448.7728,198.9451,3341.8752,4231.5371,,13.926,0.3805
181,IM-12,CPU-12,M-2301,M-2301-S1,post_gate,1,J-250100,2025-01-09 13:38:49.138604,2127281,0.921,none,,pass,False,0.596,462.534,1.82,444.7443,197.3142,3331.8154,4217.8076,,13.896,0.3814
182,IM-12,CPU-12,M-2301,M-2301-S1,post_gate,1,J-250100,2025-01-09 13:39:44.223410,2127282,0.911,warning,,pass,False,0.596,462.1399,1.82,444.3654,197.161,3297.1074,4181.8965,,13.798,0.3811
183,IM-12,CPU-12,M-2301,M-2301-S1,post_gate,1,J-250100,2025-01-09 13:40:39.370351,2127283,0.928,none,,pass,False,0.596,465.7365,1.82,447.8236,198.5619,3327.1909,4213.4238,,13.886,0.3817
184,IM-12,CPU-12,M-2301,M-2301-S1,post_gate,1,J-250100,2025-01-09 13:41:34.851707,2127284,0.923,none,,pass,False,0.596,462.9435,1.82,445.1381,197.4747,3337.3738,4224.9668,,13.872,0.3819
185,IM-12,CPU-12,M-2301,M-2301-S1,post_gate,1,J-250100,2025-01-09 13:42:29.771526,2127285,0.947,none,,pass,False,0.596,467.5316,1.82,449.5498,199.2612,3391.2229,4289.9106,,13.916,0.3816
186,IM-12,CPU-12,M-2301,M-2301-S1,post_gate,1,J-250100,2025-01-09 13:43:24.863782,2127286,0.95,none,,pass,False,0.596,467.132,1.82,449.1655,199.1061,3436.6206,4340.479,,13.984,0.3814
187,IM-12,CPU-12,M-2301,M-2301-S1,post_gate,1,J-250100,2025-01-09 13:44:19.880285,2127287,0.949,none,,pass,False,0.596,468.7439,1.82,450.7155,199.7336,3384.061,4286.7744,,13.87,0.3802
188,IM-12,CPU-12,M-2301,M-2301-S1,post_gate,1,J-250100,2025-01-09 13:45:14.435544,2127288,0.941,none,,pass,False,0.596,467.6156,1.82,449.6306,199.2949,3363.2839,4261.6499,,13.83,0.3813
189,IM-12,CPU-12,M-2301,M-2301-S1,post_gate,1,J-250100,2025-01-09 13:46:09.371512,2127289,0.948,none,,pass,False,0.596,470.3849,1.82,452.2932,200.3725,3361.2905,4253.8267,,13.94,0.3814
190,IM-12,CPU-12,M-2301,M-2301-S1,post_gate,1,J-250100,2025-01-09 13:47:03.999470,2127290,0.944,none,,pass,False,0.596,471.159,1.82,453.0376,200.6739,3339.2263,4226.8438,,13.956,0.3812
191,IM-12,CPU-12,M-2301,M-2301-S1,post_gate,1,J-250100,2025-01-09 13:47:58.990494,2127291,0.937,none,,pass,False,0.596,472.6535,1.82,454.4746,201.2553,3309.8057,4195.0454,,13.918,0.3808
192,IM-12,CPU-12,M-2301,M-2301-S1,post_gate,1,J-250100,2025-01-09 13:48:53.733675,2127292,0.937,none,,pass,False,0.596,467.6014,1.82,449.6169,199.2906,3343.2051,4232.5049,,13.934,0.3809
193,IM-12,CPU-12,M-2301,M-2301-S1,post_gate,1,J-250100,2025-01-09 13:49:48.458747,2127293,0.942,none,,pass,False,0.596,470.8107,1.82,452.7028,200.5394,3334.3279,4229.2568,,13.874,0.3792
194,IM-12,CPU-12,M-2301,M-2301-S1,post_gate,1,J-250100,2025-01-09 13:50:43.753912,2127294,0.928,none,,pass,False,0.596,466.8993,1.82,448.9418,199.018,3316.835,4206.4248,,13.872,0.3793
195,IM-12,CPU-12,M-2301,M-2301-S1,post_gate,1,J-250100,2025-01-09 13:51:38.638411,2127295,0.93,none,,pass,False,0.596,467.4445,1.82,449.4661,199.2305,3319.8186,4210.8193,,13.882,0.3788
196,IM-12,CPU-12,M-2301,M-2301-S1,post_gate,1,J-250100,2025-01-09 13:52:33.551575,2127296,0.926,alarm,,reject,True,0.596,470.1785,1.82,452.0948,200.2944,3291.2412,4182.6538,,13.764,0.3794
197,IM-12,CPU-12,M-2301,M-2301-S1,post_gate,1,J-250100,2025-01-09 13:53:28.601593,2127297,0.939,none,,pass,False,0.596,470.4444,1.82,452.3505,200.3981,3329.2874,4224.373,,13.904,0.3774
198,IM-12,CPU-12,M-2301,M-2301-S1,post_gate,1,J-250100,2025-01-09 13:54:23.103376,2127298,0.957,none,,pass,False,0.596,472.538,1.82,454.3636,201.2125,3373.4812,4277.6704,,13.934,0.377
199,IM-12,CPU-12,M-2301,M-2301-S1,post_gate,1,J-250100,2025-01-09 13:55:17.875695,2127299,0.943,none,,pass,False,0.596,473.3142,1.82,455.1099,201.5145,3323.4294,4223.1655,,13.852,0.3767
200,IM-12,CPU-12,M-2301,M-2301-S1,post_gate,1,J-250100,2025-01-09 13:56:12.682582,2127300,0.942,none,,pass,False,0.596,473.733,1.82,455.5126,201.6776,3319.1182,4215.0659,,13.828,0.3789
