shot_id,sensor_id,t_ms,pressure_bar
1,M-2301-S1,0,5.7
1,M-2301-S1,10,6.5
1,M-2301-S1,20,5.5
1,M-2301-S1,30,7.1
1,M-2301-S1,40,4.9
1,M-2301-S1,50,7.0
1,M-2301-S1,60,7.0
1,M-2301-S1,70,5.7
1,M-2301-S1,80,6.2
1,M-2301-S1,90,6.3
1,M-2301-S1,100,6.7
1,M-2301-S1,110,5.7
1,M-2301-S1,120,6.3
1,M-2301-S1,130,6.2
1,M-2301-S1,140,5.5
1,M-2301-S1,150,5.6
1,M-2301-S1,160,6.1
1,M-2301-S1,170,5.5
1,M-2301-S1,180,6.1
1,M-2301-S1,190,6.3
1,M-2301-S1,200,6.6
1,M-2301-S1,210,6.6
1,M-2301-S1,220,6.5
1,M-2301-S1,230,7.7
1,M-2301-S1,240,6.6
1,M-2301-S1,250,6.2
1,M-2301-S1,260,6.5
1,M-2301-S1,270,6.0
1,M-2301-S1,280,6.4
1,M-2301-S1,290,6.9
1,M-2301-S1,300,6.3
1,M-2301-S1,310,6.9
1,M-2301-S1,320,3.8
1,M-2301-S1,330,6.4
1,M-2301-S1,340,5.9
1,M-2301-S1,350,6.4
1,M-2301-S1,360,6.9
1,M-2301-S1,370,5.8
1,M-2301-S1,380,6.8
1,M-2301-S1,390,5.9
1,M-2301-S1,400,5.9
1,M-2301-S1,410,5.0
1,M-2301-S1,420,5.5
1,M-2301-S1,430,6.7
1,M-2301-S1,440,7.3
1,M-2301-S1,450,6.0
1,M-2301-S1,460,6.2
1,M-2301-S1,470,6.7
1,M-2301-S1,480,6.8
1,M-2301-S1,490,5.8
1,M-2301-S1,500,6.3
1,M-2301-S1,510,6.9
1,M-2301-S1,520,5.1
1,M-2301-S1,530,5.9
1,M-2301-S1,540,5.6
1,M-2301-S1,550,6.0
1,M-2301-S1,560,6.7
1,M-2301-S1,570,7.2
1,M-2301-S1,580,7.4
1,M-2301-S1,590,7.3
1,M-2301-S1,600,9.4
1,M-2301-S1,610,8.5
1,M-2301-S1,620,8.9
1,M-2301-S1,630,8.9
1,M-2301-S1,640,11.0
1,M-2301-S1,650,11.7
1,M-2301-S1,660,11.5
1,M-2301-S1,670,13.0
1,M-2301-S1,680,15.3
1,M-2301-S1,690,16.5
1,M-2301-S1,700,17.0
1,M-2301-S1,710,17.6
1,M-2301-S1,720,18.4
1,M-2301-S1,730,20.1
1,M-2301-S1,740,20.5
1,M-2301-S1,750,22.6
1,M-2301-S1,760,24.1
1,M-2301-S1,770,25.3
1,M-2301-S1,780,26.9
1,M-2301-S1,790,28.7
1,M-2301-S1,800,29.8
1,M-2301-S1,810,31.6
1,M-2301-S1,820,33.4
1,M-2301-S1,830,33.5
1,M-2301-S1,840,37.8
1,M-2301-S1,850,38.9
1,M-2301-S1,860,39.8
1,M-2301-S1,870,40.7
1,M-2301-S1,880,43.2
1,M-2301-S1,890,46.3
1,M-2301-S1,900,47.7
1,M-2301-S1,910,50.2
1,M-2301-S1,920,52.6
1,M-2301-S1,930,52.1
1,M-2301-S1,940,55.5
1,M-2301-S1,950,59.2
1,M-2301-S1,960,60.5
1,M-2301-S1,970,63.8
1,M-2301-S1,980,65.6
1,M-2301-S1,990,68.0
1,M-2301-S1,1000,70.5
1,M-2301-S1,1010,73.3
1,M-2301-S1,1020,76.0
1,M-2301-S1,1030,78.2
1,M-2301-S1,1040,80.6
1,M-2301-S1,1050,83.3
1,M-2301-S1,1060,87.1
1,M-2301-S1,1070,89.4
1,M-2301-S1,1080,92.3
1,M-2301-S1,1090,95.2
1,M-2301-S1,1100,97.8
1,M-2301-S1,1110,103.0
1,M-2301-S1,1120,104.4
1,M-2301-S1,1130,107.1
1,M-2301-S1,1140,111.3
1,M-2301-S1,1150,114.2
1,M-2301-S1,1160,118.4
1,M-2301-S1,1170,119.5
1,M-2301-S1,1180,123.4
1,M-2301-S1,1190,126.2
1,M-2301-S1,1200,129.2
1,M-2301-S1,1210,134.0
1,M-2301-S1,1220,137.8
1,M-2301-S1,1230,139.6
1,M-2301-S1,1240,144.2
1,M-2301-S1,1250,147.0
1,M-2301-S1,1260,152.1
1,M-2301-S1,1270,155.4
1,M-2301-S1,1280,158.8
1,M-2301-S1,1290,162.5
1,M-2301-S1,1300,166.4
1,M-2301-S1,1310,170.2
1,M-2301-S1,1320,174.8
1,M-2301-S1,1330,178.3
1,M-2301-S1,1340,183.2
1,M-2301-S1,1350,186.1
1,M-2301-S1,1360,189.6
1,M-2301-S1,1370,194.0
1,M-2301-S1,1380,198.1
1,M-2301-S1,1390,202.2
1,M-2301-S1,1400,207.8
1,M-2301-S1,1410,211.5
1,M-2301-S1,1420,214.9
1,M-2301-S1,1430,219.4
1,M-2301-S1,1440,224.7
1,M-2301-S1,1450,228.9
1,M-2301-S1,1460,233.5
1,M-2301-S1,1470,237.9
1,M-2301-S1,1480,242.8
1,M-2301-S1,1490,246.8
1,M-2301-S1,1500,252.6
1,M-2301-S1,1510,256.6
1,M-2301-S1,1520,261.6
1,M-2301-S1,1530,266.2
1,M-2301-S1,1540,270.9
1,M-2301-S1,1550,275.0
1,M-2301-S1,1560,280.6
1,M-2301-S1,1570,286.3
1,M-2301-S1,1580,291.8
1,M-2301-S1,1590,296.6
1,M-2301-S1,1600,300.8
1,M-2301-S1,1610,305.1
1,M-2301-S1,1620,311.8
1,M-2301-S1,1630,316.2
1,M-2301-S1,1640,321.3
1,M-2301-S1,1650,327.5
1,M-2301-S1,1660,331.8
1,M-2301-S1,1670,337.7
1,M-2301-S1,1680,342.0
1,M-2301-S1,1690,347.9
1,M-2301-S1,1700,355.1
1,M-2301-S1,1710,360.1
1,M-2301-S1,1720,365.2
1,M-2301-S1,1730,370.8
1,M-2301-S1,1740,376.0
1,M-2301-S1,1750,382.5
1,M-2301-S1,1760,388.6
1,M-2301-S1,1770,393.9
1,M-2301-S1,1780,399.4
1,M-2301-S1,1790,405.5
1,M-2301-S1,1800,411.7
1,M-2301-S1,1810,419.6
1,M-2301-S1,1820,428.8
1,M-2301-S1,1830,417.4
1,M-2301-S1,1840,407.1
1,M-2301-S1,1850,397.3
1,M-2301-S1,1860,388.1
1,M-2301-S1,1870,380.4
1,M-2301-S1,1880,372.5
1,M-2301-S1,1890,365.0
1,M-2301-S1,1900,358.3
1,M-2301-S1,1910,350.6
1,M-2301-S1,1920,346.1
1,M-2301-S1,1930,340.4
1,M-2301-S1,1940,334.3
1,M-2301-S1,1950,328.5
1,M-2301-S1,1960,324.6
1,M-2301-S1,1970,320.9
1,M-2301-S1,1980,314.9
1,M-2301-S1,1990,312.5
