template_id,mold_id,press_id,sensor_id,effective_from,established_by,approved_by,source_run_job_id,template_curve_ref,match_score_threshold,band_widened,reason,end_of_fill_pressure_bar_alarm_high,fill_integral_alarm_high,gate_seal_time_s_alarm_high,pack_integral_alarm_high,peak_pressure_bar_alarm_high,end_of_fill_pressure_bar_alarm_low,fill_integral_alarm_low,gate_seal_time_s_alarm_low,pack_integral_alarm_low,peak_pressure_bar_alarm_low,end_of_fill_pressure_bar_template_value,fill_integral_template_value,gate_seal_time_s_template_value,pack_integral_template_value,peak_pressure_bar_template_value,end_of_fill_pressure_bar_warning_high,fill_integral_warning_high,gate_seal_time_s_warning_high,pack_integral_warning_high,peak_pressure_bar_warning_high,end_of_fill_pressure_bar_warning_low,fill_integral_warning_low,gate_seal_time_s_warning_low,pack_integral_warning_low,peak_pressure_bar_warning_low
TP-1,M-2301,IM-12,M-2301-S1,2025-01-09 11:14:10.415860,TC-04,QE-01,J-250100,74,0.8,False,first_shot_approval,,230.6013,15.312,3612.3204,556.6505,,198.4244,12.528,3171.3798,474.1837,,214.5128,13.92,3391.8501,515.4171,,224.1659,14.7552,3524.1323,540.1571,,204.8598,13.0848,3259.5679,490.6771
TP-1,M-2301,IM-12,M-2301-S2,2025-01-09 11:14:10.415860,TC-04,QE-01,J-250100,74,0.8,False,first_shot_approval,317.8887,,,2582.4214,,254.8837,,,2267.1963,,286.3862,,,2424.8088,,305.2877,,,2519.3764,,267.4847,,,2330.2413,
TP-1,M-2301,IM-12,M-2301-S3,2025-01-09 11:14:10.415860,TC-04,QE-01,J-250100,74,0.8,False,first_shot_approval,,238.4384,15.312,3735.0143,575.5573,,205.168,12.528,3279.097,490.2896,,221.8032,13.92,3507.0557,532.9235,,231.7843,14.7552,3643.8308,558.5038,,211.822,13.0848,3370.2805,507.3431
TP-1,M-2301,IM-12,M-2301-S4,2025-01-09 11:14:10.415860,TC-04,QE-01,J-250100,74,0.8,False,first_shot_approval,330.1273,,,2681.8437,,264.6967,,,2354.4825,,297.412,,,2518.1631,,317.0412,,,2616.3714,,277.7828,,,2419.9547,
TP-10,M-2041,IM-12,M-2041-S1,2025-02-03 06:17:36.161680,TC-04,QE-01,J-250108,72657,0.8,False,first_shot_approval,,157.6397,5.5814,1848.9456,786.4795,,135.6435,4.5666,1623.2527,669.9641,,146.6416,5.074,1736.0991,728.2218,,153.2405,5.3784,1803.807,763.1764,,140.0427,4.7696,1668.3913,693.2672
TP-10,M-2041,IM-12,M-2041-S2,2025-02-03 06:17:36.161680,TC-04,QE-01,J-250108,72657,0.8,False,first_shot_approval,483.1732,,,1335.0529,,387.4092,,,1172.0887,,435.2912,,,1253.5708,,464.0204,,,1302.4601,,406.562,,,1204.6815,
TP-100,M-2119,IM-12,M-2119-S1,2025-12-19 16:35:11.231976,TC-05,QE-01,J-250192,971459,0.8,False,first_shot_approval,,243.3385,9.8483,3149.4187,661.9848,,209.3843,8.0577,2764.9826,563.913,,226.3614,8.953,2957.2007,612.9489,,236.5476,9.4902,3072.5315,642.3705,,216.1751,8.4158,2841.8699,583.5274
TP-100,M-2119,IM-12,M-2119-S2,2025-12-19 16:35:11.231976,TC-05,QE-01,J-250192,971459,0.8,False,first_shot_approval,352.8492,,,2249.5972,,282.9151,,,1974.9985,,317.8822,,,2112.2979,,338.8624,,,2194.6775,,296.9019,,,2029.9182,
TP-100,M-2119,IM-12,M-2119-S3,2025-12-19 16:35:11.231976,TC-05,QE-01,J-250192,971459,0.8,False,first_shot_approval,,243.1118,9.8483,3146.4848,661.3682,,209.1892,8.0577,2762.4068,563.3877,,226.1505,8.953,2954.4458,612.3779,,236.3273,9.4902,3069.6692,641.7721,,215.9737,8.4158,2839.2224,582.9838
TP-100,M-2119,IM-12,M-2119-S4,2025-12-19 16:35:11.231976,TC-05,QE-01,J-250192,971459,0.8,False,first_shot_approval,353.808,,,2255.71,,283.6839,,,1980.3652,,318.7459,,,2118.0376,,339.7831,,,2200.6411,,297.7087,,,2035.4341,
TP-101,M-2119,IM-12,M-2119-S1,2025-12-29 13:28:32.485581,TC-05,QE-01,J-250192,981778,0.8,False,cavity_block,,274.427,9.8604,3933.122,751.0016,,236.1349,8.0676,3453.0226,639.7421,,255.2809,8.964,3693.0723,695.3718,,266.7686,9.5018,3837.1021,728.7497,,243.7933,8.4262,3549.0424,661.994
TP-101,M-2119,IM-12,M-2119-S2,2025-12-29 13:28:32.485581,TC-05,QE-01,J-250192,981778,0.8,False,cavity_block,399.472,,,2808.9292,,320.2974,,,2466.0552,,359.8847,,,2637.4922,,383.6371,,,2740.3544,,336.1323,,,2534.63,
TP-101,M-2119,IM-12,M-2119-S3,2025-12-29 13:28:32.485581,TC-05,QE-01,J-250192,981778,0.8,False,cavity_block,,274.1714,9.8604,3929.4584,750.3019,,235.9149,8.0676,3449.8062,639.1461,,255.0431,8.964,3689.6323,694.724,,266.5201,9.5018,3833.528,728.0708,,243.5662,8.4262,3545.7367,661.3772
TP-101,M-2119,IM-12,M-2119-S4,2025-12-29 13:28:32.485581,TC-05,QE-01,J-250192,981778,0.8,False,cavity_block,400.5574,,,2816.562,,321.1677,,,2472.7563,,360.8625,,,2644.6592,,384.6795,,,2747.8009,,337.0456,,,2541.5175,
TP-102,M-2301,IM-11,M-2301-S1,2025-12-22 08:21:07.362766,TC-04,QE-02,J-250193,982940,0.8,True,first_shot_approval,,202.9405,15.3835,3929.3306,459.4228,,174.6232,12.5865,3295.3637,391.3602,,188.7818,13.985,3612.3472,425.3915,,197.277,14.8241,3802.5372,445.8103,,180.2867,13.1459,3422.1571,404.9727
TP-102,M-2301,IM-11,M-2301-S2,2025-12-22 08:21:07.362766,TC-04,QE-02,J-250193,982940,0.8,True,first_shot_approval,262.5963,,,2813.8558,,210.5502,,,2359.862,,236.5733,,,2586.8589,,252.1871,,,2723.057,,220.9595,,,2450.6608,
TP-102,M-2301,IM-11,M-2301-S3,2025-12-22 08:21:07.362766,TC-04,QE-02,J-250193,982940,0.8,True,first_shot_approval,,209.8381,15.3835,4062.7919,475.0273,,180.5584,12.5865,3407.2921,404.6529,,195.1982,13.985,3735.042,439.8401,,203.9821,14.8241,3931.692,460.9524,,186.4143,13.1459,3538.392,418.7278
TP-102,M-2301,IM-11,M-2301-S4,2025-12-22 08:21:07.362766,TC-04,QE-02,J-250193,982940,0.8,True,first_shot_approval,272.7062,,,2922.1883,,218.6563,,,2450.716,,245.6813,,,2686.4521,,261.8962,,,2827.8939,,229.4663,,,2545.0104,
TP-103,M-2041,IM-11,M-2041-S1,2025-12-29 06:07:59.772481,TC-01,QE-01,J-250194,988088,0.8,False,first_shot_approval,,149.5005,5.6166,1851.6663,723.6113,,128.64,4.5954,1625.6413,616.4097,,139.0703,5.106,1738.6538,670.0105,,145.3284,5.4124,1806.4613,702.171,,132.8121,4.7996,1670.8463,637.85
TP-103,M-2041,IM-11,M-2041-S2,2025-12-29 06:07:59.772481,TC-01,QE-01,J-250194,988088,0.8,False,first_shot_approval,450.6188,,,1344.1577,,361.307,,,1180.0821,,405.9629,,,1262.1199,,432.7564,,,1311.3425,,379.1693,,,1212.8972,
TP-104,M-2260,IM-12,M-2260-S1,2025-12-30 11:24:30.439049,TC-01,QE-01,J-250195,1000280,0.8,False,first_shot_approval,,115.7556,4.2438,1763.7952,775.1364,,99.6036,3.4722,1548.4963,660.3014,,107.6796,3.858,1656.1458,717.7189,,112.5252,4.0895,1720.7354,752.1694,,102.834,3.6265,1591.5561,683.2684
TP-105,M-2301,IM-11,M-2301-S1,2026-01-05 06:26:34.562031,TC-01,QE-01,J-250196,1023441,0.8,False,first_shot_approval,,204.2558,15.3692,3824.7359,463.742,,175.755,12.5748,3357.8667,395.0395,,190.0054,13.972,3591.3013,429.3908,,198.5556,14.8103,3731.362,450.0015,,181.4552,13.1337,3451.2405,408.78
TP-105,M-2301,IM-11,M-2301-S2,2026-01-05 06:26:34.562031,TC-01,QE-01,J-250196,1023441,0.8,False,first_shot_approval,264.9096,,,2738.3407,,212.405,,,2404.0831,,238.6573,,,2571.2119,,254.4087,,,2671.4892,,222.9059,,,2470.9346,
TP-105,M-2301,IM-11,M-2301-S3,2026-01-05 06:26:34.562031,TC-01,QE-01,J-250196,1023441,0.8,False,first_shot_approval,,211.1935,15.3692,3954.6445,479.4932,,181.7246,12.5748,3471.918,408.4572,,196.459,13.972,3713.2812,443.9752,,205.2997,14.8103,3858.0992,465.286,,187.6184,13.1337,3568.4633,422.6644
TP-105,M-2301,IM-11,M-2301-S4,2026-01-05 06:26:34.562031,TC-01,QE-01,J-250196,1023441,0.8,False,first_shot_approval,275.1086,,,2843.7658,,220.5825,,,2496.6395,,247.8456,,,2670.2026,,264.2034,,,2774.3405,,231.4877,,,2566.0647,
TP-106,M-2041,IM-12,M-2041-S1,2026-01-10 02:41:03.977494,TC-03,QE-01,J-250197,1027730,0.8,False,first_shot_approval,,152.783,5.588,1840.0883,743.385,,131.4645,4.572,1615.4766,633.2539,,142.1237,5.08,1727.7825,688.3195,,148.5193,5.3848,1795.166,721.3588,,135.7282,4.7752,1660.399,655.2801
TP-106,M-2041,IM-12,M-2041-S2,2026-01-10 02:41:03.977494,TC-03,QE-01,J-250197,1027730,0.8,False,first_shot_approval,462.8458,,,1334.8809,,371.1106,,,1171.9377,,416.9782,,,1253.4093,,444.4988,,,1302.2923,,389.4577,,,1204.5263,
TP-107,M-2119,IM-11,M-2119-S1,2026-01-12 06:27:20.041485,TC-01,QE-01,J-250198,1035503,0.8,False,first_shot_approval,,218.865,10.0386,3340.0436,573.2292,,188.3257,8.2134,2932.3387,488.3064,,203.5953,9.126,3136.1912,530.7678,,212.7571,9.6736,3258.5026,556.2447,,194.4335,8.5784,3013.8797,505.291
TP-107,M-2119,IM-11,M-2119-S2,2026-01-12 06:27:20.041485,TC-01,QE-01,J-250198,1035503,0.8,False,first_shot_approval,303.8036,,,2386.5589,,243.5902,,,2095.2419,,273.6969,,,2240.9004,,291.7609,,,2328.2955,,255.6329,,,2153.5053,
TP-107,M-2119,IM-11,M-2119-S3,2026-01-12 06:27:20.041485,TC-01,QE-01,J-250198,1035503,0.8,False,first_shot_approval,,218.6611,10.0386,3336.9323,572.6953,,188.1502,8.2134,2929.6072,487.8516,,203.4057,9.126,3133.2698,530.2734,,212.5589,9.6736,3255.4673,555.7266,,194.2524,8.5784,3011.0723,504.8203
TP-107,M-2119,IM-11,M-2119-S4,2026-01-12 06:27:20.041485,TC-01,QE-01,J-250198,1035503,0.8,False,first_shot_approval,304.6291,,,2393.0436,,244.2521,,,2100.935,,274.4406,,,2246.9893,,292.5537,,,2334.6218,,256.3275,,,2159.3567,
TP-108,M-2043,IM-12,M-2043-S1,2026-01-19 06:22:06.951465,TC-04,QE-01,J-250199,1044850,0.8,False,first_shot_approval,,169.6293,6.039,2092.3503,725.6328,,145.9601,4.941,1836.9461,618.1316,,157.7947,5.49,1964.6482,671.8822,,164.8954,5.8194,2041.2695,704.1325,,150.6939,5.1606,1888.0269,639.6319
TP-108,M-2043,IM-12,M-2043-S2,2026-01-19 06:22:06.951465,TC-04,QE-01,J-250199,1044850,0.8,False,first_shot_approval,409.3374,,,1421.3676,,328.2074,,,1247.8673,,368.7724,,,1334.6174,,393.1114,,,1386.6675,,344.4334,,,1282.5674,
TP-109,M-2301,IM-11,M-2301-S1,2026-01-19 14:25:37.076921,TC-01,QE-01,J-250200,1053035,0.8,False,first_shot_approval,,215.5973,15.4473,3788.1941,501.5789,,185.514,12.6387,3325.7854,427.2709,,200.5557,14.043,3556.9897,464.4249,,209.5807,14.8856,3695.7123,486.7173,,191.5307,13.2004,3418.2671,442.1325
TP-109,M-2301,IM-11,M-2301-S2,2026-01-19 14:25:37.076921,TC-01,QE-01,J-250200,1053035,0.8,False,first_shot_approval,286.6918,,,2711.6127,,229.87,,,2380.6177,,258.2809,,,2546.1152,,275.3275,,,2645.4137,,241.2344,,,2446.8167,
TP-109,M-2301,IM-11,M-2301-S3,2026-01-19 14:25:37.076921,TC-01,QE-01,J-250200,1053035,0.8,False,first_shot_approval,,222.9248,15.4473,3916.8615,518.6152,,191.819,12.6387,3438.7469,441.7833,,207.3719,14.043,3677.8042,480.1992,,216.7037,14.8856,3821.2386,503.2488,,198.0402,13.2004,3534.3698,457.1497
TP-109,M-2301,IM-11,M-2301-S4,2026-01-19 14:25:37.076921,TC-01,QE-01,J-250200,1053035,0.8,False,first_shot_approval,297.7294,,,2816.0087,,238.72,,,2472.2706,,268.2247,,,2644.1396,,285.9275,,,2747.2611,,250.5218,,,2541.0182,
TP-11,M-2119,IM-11,M-2119-S1,2025-02-06 15:34:45.349142,TC-02,QE-01,J-250109,83264,0.8,False,first_shot_approval,,248.1815,10.1046,3228.9984,680.0061,,213.5515,8.2674,2834.8483,579.2644,,230.8665,9.186,3031.9233,629.6353,,241.2555,9.7372,3150.1684,659.8577,,220.4775,8.6348,2913.6783,599.4128
TP-11,M-2119,IM-11,M-2119-S2,2025-02-06 15:34:45.349142,TC-02,QE-01,J-250109,83264,0.8,False,first_shot_approval,362.3911,,,2306.4262,,290.5658,,,2024.8906,,326.4785,,,2165.6584,,348.026,,,2250.1191,,304.9309,,,2081.1978,
TP-11,M-2119,IM-11,M-2119-S3,2025-02-06 15:34:45.349142,TC-02,QE-01,J-250109,83264,0.8,False,first_shot_approval,,247.9503,10.1046,3225.9906,679.3726,,213.3526,8.2674,2832.2077,578.7248,,230.6515,9.186,3029.0991,629.0487,,241.0308,9.7372,3147.234,659.243,,220.2721,8.6348,2910.9643,598.8544
TP-11,M-2119,IM-11,M-2119-S4,2025-02-06 15:34:45.349142,TC-02,QE-01,J-250109,83264,0.8,False,first_shot_approval,363.3758,,,2312.6933,,291.3554,,,2030.3927,,327.3656,,,2171.543,,348.9717,,,2256.2331,,305.7595,,,2086.8528,
TP-110,M-2118,IM-12,M-2118-S1,2026-01-24 05:36:56.185566,TC-03,QE-01,J-250201,1057832,0.8,False,first_shot_approval,,230.9725,9.3819,2791.9542,699.4313,,198.7438,7.6761,2451.1523,595.8119,,214.8582,8.529,2621.5532,647.6216,,224.5268,9.0407,2723.7938,678.7074,,205.1896,8.0173,2519.3126,616.5357
TP-110,M-2118,IM-12,M-2118-S2,2026-01-24 05:36:56.185566,TC-03,QE-01,J-250201,1057832,0.8,False,first_shot_approval,378.5564,,,1985.0416,,303.5272,,,1742.736,,341.0418,,,1863.8888,,363.5505,,,1936.5805,,318.533,,,1791.1971,
TP-110,M-2118,IM-12,M-2118-S3,2026-01-24 05:36:56.185566,TC-03,QE-01,J-250201,1057832,0.8,False,first_shot_approval,,226.9879,9.3819,2743.7879,687.3649,,195.3151,7.6761,2408.8654,585.5331,,211.1515,8.529,2576.3267,636.449,,220.6533,9.0407,2676.8034,666.9985,,201.6497,8.0173,2475.8499,605.8994
TP-110,M-2118,IM-12,M-2118-S4,2026-01-24 05:36:56.185566,TC-03,QE-01,J-250201,1057832,0.8,False,first_shot_approval,388.5098,,,2037.2344,,311.5078,,,1788.5579,,350.0088,,,1912.8961,,373.1094,,,1987.4991,,326.9082,,,1838.2932,
TP-111,M-2041,IM-11,M-2041-S1,2026-01-26 06:09:59.568894,TC-04,QE-01,J-250202,1068122,0.8,False,first_shot_approval,,145.9125,5.7123,1906.5151,698.5719,,125.5526,4.6737,1673.795,595.0797,,135.7325,5.193,1790.155,646.8258,,141.8405,5.5046,1859.9711,677.8734,,129.6246,4.8814,1720.339,615.7782
TP-111,M-2041,IM-11,M-2041-S2,2026-01-26 06:09:59.568894,TC-04,QE-01,J-250202,1068122,0.8,False,first_shot_approval,431.2047,,,1381.5975,,345.7407,,,1212.9518,,388.4727,,,1297.2747,,414.1119,,,1347.8684,,362.8335,,,1246.6809,
TP-112,M-2301,IM-11,M-2301-S1,2026-01-29 13:38:37.867087,TC-04,QE-01,J-250203,1075368,0.8,False,first_shot_approval,,215.8413,15.4583,3780.4884,502.621,,185.7239,12.6477,3319.0204,428.1586,,200.7826,14.053,3549.7544,465.3898,,209.8178,14.8962,3688.1948,487.7285,,191.7474,13.2098,3411.314,443.0511
TP-112,M-2301,IM-11,M-2301-S2,2026-01-29 13:38:37.867087,TC-04,QE-01,J-250203,1075368,0.8,False,first_shot_approval,287.1939,,,2705.633,,230.2726,,,2375.368,,258.7332,,,2540.5005,,275.8096,,,2639.58,,241.6568,,,2441.421,
TP-112,M-2301,IM-11,M-2301-S3,2026-01-29 13:38:37.867087,TC-04,QE-01,J-250203,1075368,0.8,False,first_shot_approval,,223.177,15.4583,3908.8943,519.6928,,192.036,12.6477,3431.7522,442.7013,,207.6065,14.053,3670.3232,481.197,,216.9488,14.8962,3813.4658,504.2945,,198.2642,13.2098,3527.1806,458.0996
TP-112,M-2301,IM-11,M-2301-S4,2026-01-29 13:38:37.867087,TC-04,QE-01,J-250203,1075368,0.8,False,first_shot_approval,298.2507,,,2809.7989,,239.138,,,2466.8188,,268.6944,,,2638.3088,,286.4282,,,2741.2029,,250.9605,,,2535.4148,
TP-113,M-2301,IM-12,M-2301-S1,2026-02-02 07:13:05.776295,TC-04,QE-01,J-250204,1083017,0.8,False,first_shot_approval,,199.1322,15.3131,3839.9636,448.6747,,171.3463,12.5289,3371.2356,382.2044,,185.2393,13.921,3605.5996,415.4395,,193.575,14.7563,3746.218,435.3806,,176.9035,13.0857,3464.9812,395.4984
TP-113,M-2301,IM-12,M-2301-S2,2026-02-02 07:13:05.776295,TC-04,QE-01,J-250204,1083017,0.8,False,first_shot_approval,256.4529,,,2749.894,,205.6244,,,2414.2262,,231.0387,,,2582.0601,,246.2872,,,2682.7604,,215.7901,,,2481.3597,
TP-113,M-2301,IM-12,M-2301-S3,2026-02-02 07:13:05.776295,TC-04,QE-01,J-250204,1083017,0.8,False,first_shot_approval,,205.8958,15.3131,3970.3897,463.9141,,177.1662,12.5289,3485.7412,395.1861,,191.531,13.921,3728.0654,429.5501,,200.1499,14.7563,3873.46,450.1685,,182.9121,13.0857,3582.6709,408.9317
TP-113,M-2301,IM-12,M-2301-S4,2026-02-02 07:13:05.776295,TC-04,QE-01,J-250204,1083017,0.8,False,first_shot_approval,266.3263,,,2855.7642,,213.5409,,,2507.1733,,239.9336,,,2681.4688,,255.7692,,,2786.046,,224.098,,,2576.8915,
TP-114,M-2118,IM-11,M-2118-S1,2026-02-06 15:36:23.914686,TC-02,QE-01,J-250205,1087147,0.8,False,first_shot_approval,,203.1344,9.5766,2994.4274,581.6737,,174.7901,7.8354,2628.9105,495.4998,,188.9622,8.706,2811.6689,538.5868,,197.4655,9.2284,2921.324,564.439,,180.4589,8.1836,2702.0139,512.7346
TP-114,M-2118,IM-11,M-2118-S2,2026-02-06 15:36:23.914686,TC-02,QE-01,J-250205,1087147,0.8,False,first_shot_approval,313.9959,,,2133.4915,,251.7625,,,1873.0653,,282.8792,,,2003.2784,,301.5492,,,2081.4063,,264.2092,,,1925.1506,
TP-114,M-2118,IM-11,M-2118-S3,2026-02-06 15:36:23.914686,TC-02,QE-01,J-250205,1087147,0.8,False,first_shot_approval,,199.6276,9.5766,2942.7684,571.6388,,171.7726,7.8354,2583.5573,486.9516,,185.7001,8.706,2763.1628,529.2952,,194.0566,9.2284,2870.9262,554.7014,,177.3436,8.1836,2655.3995,503.8891
TP-114,M-2118,IM-11,M-2118-S4,2026-02-06 15:36:23.914686,TC-02,QE-01,J-250205,1087147,0.8,False,first_shot_approval,322.2518,,,2189.5875,,258.3821,,,1922.3139,,290.317,,,2055.9507,,309.4779,,,2136.1328,,271.156,,,1975.7686,
TP-115,M-2118,IM-11,M-2118-S1,2026-02-12 06:37:06.648698,TC-02,QE-01,J-250205,1094304,0.8,False,cavity_block,,226.0938,9.581,3741.9617,645.1275,,194.5458,7.839,3285.1965,549.553,,210.3198,8.71,3513.5791,597.3403,,219.7842,9.2326,3650.6087,626.0126,,200.8554,8.1874,3376.5495,568.6679
TP-115,M-2118,IM-11,M-2118-S2,2026-02-12 06:37:06.648698,TC-02,QE-01,J-250205,1094304,0.8,False,cavity_block,325.6339,,,2621.2625,,261.0938,,,2301.2961,,293.3638,,,2461.2793,,312.7258,,,2557.2692,,274.0018,,,2365.2894,
TP-115,M-2118,IM-11,M-2118-S3,2026-02-12 06:37:06.648698,TC-02,QE-01,J-250205,1094304,0.8,False,cavity_block,,222.1933,9.581,3677.4065,633.9979,,191.1896,7.839,3228.5212,540.0723,,206.6914,8.71,3452.9639,587.0351,,215.9926,9.2326,3587.6295,615.2128,,197.3903,8.1874,3318.2983,558.8574
TP-115,M-2118,IM-11,M-2118-S4,2026-02-12 06:37:06.648698,TC-02,QE-01,J-250205,1094304,0.8,False,cavity_block,334.1958,,,2690.1835,,267.9588,,,2361.8043,,301.0773,,,2525.9939,,320.9484,,,2624.5077,,281.2062,,,2427.4801,
TP-116,M-2041,IM-12,M-2041-S1,2026-02-09 06:24:24.489178,TC-01,QE-01,J-250206,1095259,0.8,False,first_shot_approval,,145.5244,5.6485,1879.6959,697.5383,,125.2187,4.6215,1650.2494,594.1993,,135.3715,5.135,1764.9727,645.8688,,141.4633,5.4431,1833.8066,676.8705,,129.2798,4.8269,1696.1387,614.8671
TP-116,M-2041,IM-12,M-2041-S2,2026-02-09 06:24:24.489178,TC-01,QE-01,J-250206,1095259,0.8,False,first_shot_approval,434.3822,,,1365.1689,,348.2884,,,1198.5286,,391.3353,,,1281.8488,,417.1635,,,1331.8409,,365.5072,,,1231.8567,
TP-117,M-2043,IM-12,M-2043-S1,2026-02-13 15:56:40.312993,TC-02,QE-01,J-250207,1107995,0.8,False,first_shot_approval,,162.5194,6.0786,2134.7928,685.5661,,139.8423,4.9734,1874.2077,584.0008,,151.1809,5.526,2004.5002,634.7834,,157.984,5.8576,2082.6758,665.2531,,144.3777,5.1944,1926.3247,604.3138
TP-117,M-2043,IM-12,M-2043-S2,2026-02-13 15:56:40.312993,TC-02,QE-01,J-250207,1107995,0.8,False,first_shot_approval,386.4261,,,1451.1475,,309.8372,,,1274.0121,,348.1317,,,1362.5798,,371.1083,,,1415.7204,,325.155,,,1309.4392,
TP-118,M-2119,IM-11,M-2119-S1,2026-02-16 06:40:20.546453,TC-04,QE-01,J-250208,1117824,0.8,False,first_shot_approval,,229.1639,10.1453,3331.1047,612.6059,,197.1876,8.3007,2924.491,521.8494,,213.1757,9.223,3127.7979,567.2277,,222.7686,9.7764,3249.782,594.4546,,203.5828,8.6696,3005.8137,540.0007
TP-118,M-2119,IM-11,M-2119-S2,2026-02-16 06:40:20.546453,TC-04,QE-01,J-250208,1117824,0.8,False,first_shot_approval,326.5293,,,2382.3988,,261.8118,,,2091.5895,,294.1706,,,2236.9941,,313.5858,,,2324.2369,,274.7553,,,2149.7514,
TP-118,M-2119,IM-11,M-2119-S3,2026-02-16 06:40:20.546453,TC-04,QE-01,J-250208,1117824,0.8,False,first_shot_approval,,228.9504,10.1453,3328.0018,612.0352,,197.0039,8.3007,2921.7668,521.3633,,212.9772,9.223,3124.8843,566.6992,,222.5611,9.7764,3246.7548,593.9008,,203.3932,8.6696,3003.0138,539.4977
TP-118,M-2119,IM-11,M-2119-S4,2026-02-16 06:40:20.546453,TC-04,QE-01,J-250208,1117824,0.8,False,first_shot_approval,327.4166,,,2388.8725,,262.5232,,,2097.273,,294.9699,,,2243.0728,,314.4379,,,2330.5526,,275.5019,,,2155.5929,
TP-119,M-2043,IM-11,M-2043-S1,2026-02-23 06:09:32.066654,TC-04,QE-01,J-250209,1123975,0.8,False,first_shot_approval,,163.0511,6.2337,2174.0051,687.034,,140.2998,5.1003,1908.6336,585.2512,,151.6755,5.667,2041.3193,636.1426,,158.5009,6.007,2120.9308,666.6774,,144.8501,5.327,1961.7079,605.6077
TP-119,M-2043,IM-11,M-2043-S2,2026-02-23 06:09:32.066654,TC-04,QE-01,J-250209,1123975,0.8,False,first_shot_approval,370.8573,,,1460.628,,297.354,,,1282.3354,,334.1057,,,1371.4817,,356.1566,,,1424.9695,,312.0547,,,1317.9939,
TP-12,M-2119,IM-12,M-2119-S1,2025-02-10 07:50:53.640857,TC-01,QE-01,J-250110,91400,0.8,False,first_shot_approval,,230.9438,9.9264,3252.406,622.8027,,198.7191,8.1216,2855.3987,530.5357,,214.8315,9.024,3053.9023,576.6692,,224.4989,9.5654,3173.0045,604.3493,,205.164,8.4826,2934.8002,548.9891
TP-12,M-2119,IM-12,M-2119-S2,2025-02-10 07:50:53.640857,TC-01,QE-01,J-250110,91400,0.8,False,first_shot_approval,331.9645,,,2324.8628,,266.1697,,,2041.0767,,299.0671,,,2182.9697,,318.8055,,,2268.1055,,279.3287,,,2097.8339,
TP-12,M-2119,IM-12,M-2119-S3,2025-02-10 07:50:53.640857,TC-01,QE-01,J-250110,91400,0.8,False,first_shot_approval,,230.7287,9.9264,3249.3761,622.2225,,198.534,8.1216,2852.7386,530.0414,,214.6313,9.024,3051.0574,576.132,,224.2897,9.5654,3170.0486,603.7863,,204.9729,8.4826,2932.0661,548.4776
TP-12,M-2119,IM-12,M-2119-S4,2025-02-10 07:50:53.640857,TC-01,QE-01,J-250110,91400,0.8,False,first_shot_approval,332.8665,,,2331.1802,,266.893,,,2046.623,,299.8797,,,2188.9016,,319.6718,,,2274.2688,,280.0877,,,2103.5344,
TP-120,M-2118,IM-12,M-2118-S1,2026-02-23 06:15:12.946701,TC-01,QE-01,J-250210,1137624,0.8,False,first_shot_approval,,199.6103,9.3104,2891.3434,570.0459,,171.7577,7.6176,2538.4095,485.5947,,185.684,8.464,2714.8765,527.8203,,194.0397,8.9718,2820.7566,553.1557,,177.3282,7.9562,2608.9963,502.4849
TP-120,M-2118,IM-12,M-2118-S2,2026-02-23 06:15:12.946701,TC-01,QE-01,J-250210,1137624,0.8,False,first_shot_approval,308.5285,,,2060.998,,247.3787,,,1809.4207,,277.9536,,,1935.2094,,296.2986,,,2010.6825,,259.6087,,,1859.7362,
TP-120,M-2118,IM-12,M-2118-S3,2026-02-23 06:15:12.946701,TC-01,QE-01,J-250210,1137624,0.8,False,first_shot_approval,,196.1666,9.3104,2841.4626,560.2116,,168.7945,7.6176,2494.6174,477.2173,,182.4806,8.464,2668.04,518.7145,,190.6922,8.9718,2772.0936,543.6128,,174.2689,7.9562,2563.9865,493.8162
TP-120,M-2118,IM-12,M-2118-S4,2026-02-23 06:15:12.946701,TC-01,QE-01,J-250210,1137624,0.8,False,first_shot_approval,316.6407,,,2115.188,,253.8831,,,1856.9961,,285.2619,,,1986.092,,304.0892,,,2063.5496,,266.4346,,,1908.6345,
TP-121,M-2041,IM-11,M-2041-S1,2026-03-02 06:12:24.503230,TC-01,QE-01,J-250211,1142257,0.8,False,first_shot_approval,,139.1776,5.7695,2028.3817,652.6443,,119.7574,4.7205,1780.7858,555.9562,,129.4675,5.245,1904.5837,604.3002,,135.2935,5.5597,1978.8625,633.3066,,123.6415,4.9303,1830.305,575.2938
TP-121,M-2041,IM-11,M-2041-S2,2026-03-02 06:12:24.503230,TC-01,QE-01,J-250211,1142257,0.8,False,first_shot_approval,406.315,,,1475.2392,,325.7841,,,1295.1631,,366.0496,,,1385.2012,,390.2088,,,1439.224,,341.8903,,,1331.1783,
TP-122,M-2301,IM-12,M-2301-S1,2026-03-02 07:08:41.100480,TC-04,QE-01,J-250212,1149645,0.8,False,first_shot_approval,,198.8935,15.3296,3875.9281,448.1939,,171.1409,12.5424,3402.8101,381.7948,,185.0172,13.936,3639.3691,414.9944,,193.343,14.7722,3781.3045,434.9141,,176.6914,13.0998,3497.4337,395.0747
TP-122,M-2301,IM-12,M-2301-S2,2026-03-02 07:08:41.100480,TC-04,QE-01,J-250212,1149645,0.8,False,first_shot_approval,256.1499,,,2775.8736,,205.3814,,,2437.0346,,230.7656,,,2606.4541,,245.9962,,,2708.1058,,215.5351,,,2504.8024,
TP-122,M-2301,IM-12,M-2301-S3,2026-03-02 07:08:41.100480,TC-04,QE-01,J-250212,1149645,0.8,False,first_shot_approval,,205.6536,15.3296,4007.5755,463.417,,176.9578,12.5424,3518.3879,394.7627,,191.3057,13.936,3762.9817,429.0898,,199.9145,14.7722,3909.738,449.6862,,182.6969,13.0998,3616.2254,408.4935
TP-122,M-2301,IM-12,M-2301-S4,2026-03-02 07:08:41.100480,TC-04,QE-01,J-250212,1149645,0.8,False,first_shot_approval,266.0115,,,2882.7434,,213.2885,,,2530.8592,,239.65,,,2706.8013,,255.4669,,,2812.3665,,223.8331,,,2601.236,
TP-123,M-2260,IM-11,M-2260-S1,2026-03-06 05:18:30.658853,TC-03,QE-01,J-250213,1157703,0.8,False,first_shot_approval,,120.2138,4.389,1791.4274,822.0742,,103.4398,3.591,1572.7555,700.2854,,111.8268,3.99,1682.0914,761.1798,,116.859,4.2294,1747.693,797.7164,,106.7946,3.7506,1616.4899,724.6432
TP-124,M-2043,IM-12,M-2043-S1,2026-03-11 02:55:49.376146,TC-06,QE-01,J-250214,1180708,0.8,False,first_shot_approval,,175.6669,6.0808,2058.7186,769.3261,,151.1552,4.9752,1807.4196,655.3519,,163.4111,5.528,1933.0691,712.339,,170.7646,5.8597,2008.4588,746.5313,,156.0576,5.1963,1857.6794,678.1467
TP-124,M-2043,IM-12,M-2043-S2,2026-03-11 02:55:49.376146,TC-06,QE-01,J-250214,1180708,0.8,False,first_shot_approval,433.9859,,,1397.0346,,347.9707,,,1226.5045,,390.9783,,,1311.7695,,416.7829,,,1362.9285,,365.1738,,,1260.6105,
TP-125,M-2041,IM-11,M-2041-S1,2026-03-16 06:11:35.427016,TC-01,QE-01,J-250215,1189474,0.8,False,first_shot_approval,,154.4812,5.6078,1874.3943,758.1009,,132.9257,4.5882,1645.595,645.7897,,143.7034,5.098,1759.9946,701.9453,,150.1701,5.4039,1828.6344,735.6387,,137.2368,4.7921,1691.3548,668.2519
TP-125,M-2041,IM-11,M-2041-S2,2026-03-16 06:11:35.427016,TC-01,QE-01,J-250215,1189474,0.8,False,first_shot_approval,467.6704,,,1356.1731,,374.9789,,,1190.6308,,421.3246,,,1273.402,,449.1321,,,1323.0647,,393.5172,,,1223.7393,
TP-126,M-2041,IM-12,M-2041-S1,2026-03-16 06:31:12.143344,TC-04,QE-01,J-250216,1208044,0.8,False,first_shot_approval,,153.6035,5.5946,1875.8412,755.7269,,132.1704,4.5774,1646.8653,643.7674,,142.8869,5.086,1761.3533,699.7471,,149.3168,5.3912,1830.046,733.335,,136.457,4.7808,1692.6605,666.1593
TP-126,M-2041,IM-12,M-2041-S2,2026-03-16 06:31:12.143344,TC-04,QE-01,J-250216,1208044,0.8,False,first_shot_approval,470.6184,,,1360.9631,,377.3427,,,1194.8362,,423.9805,,,1277.8997,,451.9632,,,1327.7377,,395.9978,,,1228.0616,
TP-127,M-2043,IM-12,M-2043-S1,2026-03-21 01:58:34.249928,TC-03,QE-02,J-250217,1221214,0.8,True,first_shot_approval,,160.9672,6.072,2166.3681,679.6118,,138.5067,4.968,1816.8414,578.9285,,149.7369,5.52,1991.6047,629.2701,,156.4751,5.8512,2096.4627,659.4751,,142.9988,5.1888,1886.7467,599.0652
TP-127,M-2043,IM-12,M-2043-S2,2026-03-21 01:58:34.249928,TC-03,QE-02,J-250217,1221214,0.8,True,first_shot_approval,383.3709,,,1473.0031,,307.3874,,,1235.3455,,345.3792,,,1354.1743,,368.1742,,,1425.4716,,322.5841,,,1282.877,
TP-13,M-2260,IM-11,M-2260-S1,2025-02-17 06:15:35.761097,TC-04,QE-01,J-250111,101432,0.8,False,first_shot_approval,,128.2089,4.2823,1727.8715,894.4792,,110.3193,3.5037,1516.9576,761.9637,,119.2641,3.893,1622.4146,828.2214,,124.631,4.1266,1685.6887,867.9761,,113.8972,3.6594,1559.1404,788.4668
TP-14,M-2260,IM-11,M-2260-S1,2025-02-21 09:51:29.503563,TC-04,QE-01,J-250111,118752,0.8,False,cavity_block,,131.7789,4.2064,1785.6028,920.7003,,113.3911,3.4416,1567.6419,784.3002,,122.585,3.824,1676.6223,852.5002,,128.1013,4.0534,1742.0106,893.4203,,117.0687,3.5946,1611.234,811.5802
TP-15,M-2118,IM-12,M-2118-S1,2025-02-20 00:40:54.983021,TC-03,QE-01,J-250112,121044,0.8,False,first_shot_approval,,207.2823,9.3621,2881.2514,605.5966,,178.3592,7.6599,2529.5494,515.8786,,192.8207,8.511,2705.4004,560.7376,,201.4977,9.0217,2810.911,587.653,,184.1438,8.0003,2599.8898,533.8222
TP-15,M-2118,IM-12,M-2118-S2,2025-02-20 00:40:54.983021,TC-03,QE-01,J-250112,121044,0.8,False,first_shot_approval,327.7005,,,2052.2069,,262.7509,,,1801.7028,,295.2257,,,1926.9548,,314.7106,,,2002.1061,,275.7408,,,1851.8036,
TP-15,M-2118,IM-12,M-2118-S3,2025-02-20 00:40:54.983021,TC-03,QE-01,J-250112,121044,0.8,False,first_shot_approval,,203.7063,9.3621,2831.5446,595.149,,175.2822,7.6599,2485.91,506.9787,,189.4942,8.511,2658.7273,551.0638,,198.0215,9.0217,2762.4177,577.5149,,180.967,8.0003,2555.0369,524.6128
TP-15,M-2118,IM-12,M-2118-S4,2025-02-20 00:40:54.983021,TC-03,QE-01,J-250112,121044,0.8,False,first_shot_approval,336.3168,,,2106.1657,,269.6594,,,1849.075,,302.9881,,,1977.6204,,322.9853,,,2054.7476,,282.9909,,,1900.4932,
TP-16,M-2118,IM-12,M-2118-S1,2025-02-21 01:05:19.846929,TC-03,QE-01,J-250112,123059,0.8,False,cavity_block,,235.3652,9.3456,3592.2346,690.187,,202.5236,7.6464,3153.7459,587.9371,,218.9444,8.496,3372.9902,639.0621,,228.7969,9.0058,3504.5369,669.7371,,209.0919,7.9862,3241.4436,608.3871
TP-16,M-2118,IM-12,M-2118-S2,2025-02-21 01:05:19.846929,TC-03,QE-01,J-250112,123059,0.8,False,cavity_block,373.1587,,,2559.2652,,299.1993,,,2246.8666,,336.179,,,2403.0659,,358.3668,,,2496.7855,,313.9912,,,2309.3463,
TP-16,M-2118,IM-12,M-2118-S3,2025-02-21 01:05:19.846929,TC-03,QE-01,J-250112,123059,0.8,False,cavity_block,,231.3047,9.3456,3530.2623,678.2801,,199.0297,7.6464,3099.3383,577.7941,,215.1672,8.496,3314.8003,628.0371,,224.8497,9.0058,3444.0775,658.1829,,205.4847,7.9862,3185.5231,597.8913
TP-16,M-2118,IM-12,M-2118-S4,2025-02-21 01:05:19.846929,TC-03,QE-01,J-250112,123059,0.8,False,cavity_block,382.9702,,,2626.5562,,307.0662,,,2305.9438,,345.0182,,,2466.25,,367.7894,,,2562.4337,,322.247,,,2370.0662,
TP-17,M-2041,IM-11,M-2041-S1,2025-02-25 07:48:26.985725,TC-04,QE-01,J-250113,126784,0.8,False,first_shot_approval,,158.7319,5.6232,1853.9634,785.4099,,136.5832,4.6008,1627.658,669.0529,,147.6576,5.112,1740.8107,727.2314,,154.3022,5.4187,1808.7023,762.1385,,141.013,4.8053,1672.9191,692.3243
TP-17,M-2041,IM-11,M-2041-S2,2025-02-25 07:48:26.985725,TC-04,QE-01,J-250113,126784,0.8,False,first_shot_approval,489.103,,,1344.1883,,392.1637,,,1180.109,,440.6334,,,1262.1487,,469.7152,,,1311.3725,,411.5516,,,1212.9249,
TP-18,M-2041,IM-12,M-2041-S1,2025-02-27 00:39:37.809082,TC-03,QE-02,J-250114,135457,0.8,True,first_shot_approval,,153.8768,5.632,1900.4318,764.2842,,132.4056,4.608,1593.8119,651.0569,,143.1412,5.12,1747.1218,707.6705,,149.5825,5.4272,1839.1078,741.6387,,136.6998,4.8128,1655.1359,673.7023
TP-18,M-2041,IM-12,M-2041-S2,2025-02-27 00:39:37.809082,TC-03,QE-02,J-250114,135457,0.8,True,first_shot_approval,475.9406,,,1378.3596,,381.61,,,1155.972,,428.7753,,,1267.1658,,457.0745,,,1333.882,,400.4762,,,1200.4495,
TP-19,M-2041,IM-11,M-2041-S1,2025-03-03 06:20:47.938293,TC-04,QE-01,J-250115,152469,0.8,False,first_shot_approval,,158.7727,5.6067,1856.4956,784.1203,,136.6184,4.5873,1629.8811,667.9543,,147.6955,5.097,1743.1884,726.0373,,154.3418,5.4028,1811.1727,760.8871,,141.0492,4.7912,1675.204,691.1875
TP-19,M-2041,IM-11,M-2041-S2,2025-03-03 06:20:47.938293,TC-04,QE-01,J-250115,152469,0.8,False,first_shot_approval,488.2999,,,1346.0968,,391.5198,,,1181.7845,,439.9099,,,1263.9407,,468.9439,,,1313.2344,,410.8758,,,1214.647,
TP-2,M-2260,IM-11,M-2260-S1,2025-01-10 07:24:50.316007,TC-01,QE-01,J-250101,3158,0.8,False,first_shot_approval,,130.1454,4.2427,1720.0631,910.5735,,111.9856,3.4713,1510.1024,775.6738,,121.0655,3.857,1615.0828,843.1237,,126.5135,4.0884,1678.071,883.5936,,115.6176,3.6256,1552.0945,802.6537
TP-20,M-2118,IM-11,M-2118-S1,2025-03-07 11:00:04.926323,TC-01,QE-02,J-250116,159485,0.8,True,first_shot_approval,,216.6496,9.4116,2944.6715,632.5826,,186.4194,7.7004,2469.5717,538.8666,,201.5345,8.556,2707.1216,585.7246,,210.6035,9.0694,2849.6515,613.8394,,192.4654,8.0426,2564.5916,557.6098
TP-20,M-2118,IM-11,M-2118-S2,2025-03-07 11:00:04.926323,TC-01,QE-02,J-250116,159485,0.8,True,first_shot_approval,336.5881,,,2087.2034,,269.8769,,,1750.4494,,303.2325,,,1918.8264,,323.2459,,,2019.8526,,283.2192,,,1817.8002,
TP-20,M-2118,IM-11,M-2118-S3,2025-03-07 11:00:04.926323,TC-01,QE-02,J-250116,159485,0.8,True,first_shot_approval,,212.912,9.4116,2893.8707,621.6695,,183.2033,7.7004,2426.9672,529.5703,,198.0576,8.556,2660.4189,575.6199,,206.9702,9.0694,2800.49,603.2496,,189.1451,8.0426,2520.3479,547.9901
TP-20,M-2118,IM-11,M-2118-S4,2025-03-07 11:00:04.926323,TC-01,QE-02,J-250116,159485,0.8,True,first_shot_approval,345.438,,,2142.0825,,276.9728,,,1796.4741,,311.2054,,,1969.2783,,331.745,,,2072.9608,,290.6659,,,1865.5958,
TP-21,M-2260,IM-12,M-2260-S1,2025-03-10 06:24:54.262423,TC-01,QE-01,J-250117,171247,0.8,False,first_shot_approval,,110.059,4.2262,1767.2653,734.1253,,94.7019,3.4578,1551.5428,625.366,,102.3804,3.842,1659.4041,679.7456,,106.9876,4.0725,1724.1208,712.3734,,97.7733,3.6115,1594.6873,647.1178
TP-22,M-2043,IM-12,M-2043-S1,2025-03-13 22:49:25.383560,TC-03,QE-01,J-250118,180834,0.8,False,first_shot_approval,,161.9386,6.0126,2084.6137,689.7373,,139.3425,4.9194,1830.1538,587.554,,150.6405,5.466,1957.3838,638.6456,,157.4193,5.794,2033.7218,669.3006,,143.8617,5.138,1881.0458,607.9906
TP-22,M-2043,IM-12,M-2043-S2,2025-03-13 22:49:25.383560,TC-03,QE-01,J-250118,180834,0.8,False,first_shot_approval,389.0809,,,1416.8252,,311.9658,,,1243.8794,,350.5233,,,1330.3523,,373.6579,,,1382.236,,327.3888,,,1278.4686,
TP-23,M-2118,IM-11,M-2118-S1,2025-03-17 13:03:32.736090,TC-01,QE-02,J-250119,188273,0.8,True,first_shot_approval,,207.979,9.4369,2998.0764,596.8688,,178.9587,7.7211,2514.3601,508.4438,,193.4689,8.579,2756.2183,552.6562,,202.175,9.0937,2901.3332,579.1838,,184.7628,8.0643,2611.1034,526.1288
TP-23,M-2118,IM-11,M-2118-S2,2025-03-17 13:03:32.736090,TC-01,QE-02,J-250119,188273,0.8,True,first_shot_approval,323.046,,,2136.7753,,259.0188,,,1792.0233,,291.0324,,,1964.3993,,310.2405,,,2067.8249,,271.8243,,,1860.9737,
TP-23,M-2118,IM-11,M-2118-S3,2025-03-17 13:03:32.736090,TC-01,QE-02,J-250119,188273,0.8,True,first_shot_approval,,204.391,9.4369,2946.3544,586.5717,,175.8714,7.7211,2470.983,499.6722,,190.1312,8.579,2708.6687,543.1219,,198.6871,9.0937,2851.2801,569.1918,,181.5753,8.0643,2566.0573,517.0521
TP-23,M-2118,IM-11,M-2118-S4,2025-03-17 13:03:32.736090,TC-01,QE-02,J-250119,188273,0.8,True,first_shot_approval,331.5399,,,2192.9576,,265.8293,,,1839.141,,298.6846,,,2016.0493,,318.3978,,,2122.1943,,278.9714,,,1909.9043,
TP-24,M-2260,IM-12,M-2260-S1,2025-03-20 18:56:40.058945,TC-02,QE-02,J-250120,196541,0.8,True,first_shot_approval,,111.1448,4.202,1786.3062,742.5097,,95.6362,3.438,1498.0996,632.5083,,103.3905,3.82,1642.2029,687.509,,108.043,4.0492,1728.6649,720.5094,,98.7379,3.5908,1555.7409,654.5085
TP-25,M-2041,IM-11,M-2041-S1,2025-03-24 06:12:00.102627,TC-01,QE-01,J-250121,210698,0.8,False,first_shot_approval,,145.4493,5.6859,1935.3122,689.7034,,125.154,4.6521,1699.0769,587.5251,,135.3016,5.169,1817.1946,638.6143,,141.3902,5.4791,1888.0652,669.2677,,129.2131,4.8589,1746.324,607.9608
TP-25,M-2041,IM-11,M-2041-S2,2025-03-24 06:12:00.102627,TC-01,QE-01,J-250121,210698,0.8,False,first_shot_approval,429.502,,,1405.8692,,344.3755,,,1234.2607,,386.9388,,,1320.0649,,412.4767,,,1371.5475,,361.4008,,,1268.5824,
TP-26,M-2119,IM-12,M-2119-S1,2025-03-29 04:15:15.716305,TC-06,QE-01,J-250122,219765,0.8,False,first_shot_approval,,224.8422,9.8461,3244.0152,603.7523,,193.4689,8.0559,2848.0321,514.3075,,209.1556,8.951,3046.0237,559.0299,,218.5676,9.4881,3164.8186,585.8633,,199.7436,8.4139,2927.2288,532.1965
TP-26,M-2119,IM-12,M-2119-S2,2025-03-29 04:15:15.716305,TC-06,QE-01,J-250122,219765,0.8,False,first_shot_approval,320.6489,,,2317.1998,,257.0969,,,2034.3491,,288.8729,,,2175.7744,,307.9385,,,2260.6296,,269.8073,,,2090.9192,
TP-26,M-2119,IM-12,M-2119-S3,2025-03-29 04:15:15.716305,TC-06,QE-01,J-250122,219765,0.8,False,first_shot_approval,,224.6328,9.8461,3240.9934,603.1899,,193.2887,8.0559,2845.3792,513.8284,,208.9608,8.951,3043.1863,558.5092,,218.364,9.4881,3161.8705,585.3176,,199.5575,8.4139,2924.502,531.7007
TP-26,M-2119,IM-12,M-2119-S4,2025-03-29 04:15:15.716305,TC-06,QE-01,J-250122,219765,0.8,False,first_shot_approval,321.5203,,,2323.4964,,257.7955,,,2039.8771,,289.6579,,,2181.6868,,308.7753,,,2266.7726,,270.5405,,,2096.601,
TP-27,M-2043,IM-11,M-2043-S1,2025-03-31 06:08:39.658184,TC-01,QE-01,J-250123,224588,0.8,False,first_shot_approval,,167.267,6.0775,2098.5538,709.2234,,143.9274,4.9725,1842.3923,604.1532,,155.5972,5.525,1970.473,656.6883,,162.5991,5.8565,2047.3215,688.2093,,148.5954,5.1935,1893.6246,625.1673
TP-27,M-2043,IM-11,M-2043-S2,2025-03-31 06:08:39.658184,TC-01,QE-01,J-250123,224588,0.8,False,first_shot_approval,399.2692,,,1425.3964,,320.1348,,,1251.4044,,359.702,,,1338.4004,,383.4424,,,1390.598,,335.9617,,,1286.2028,
TP-28,M-2260,IM-11,M-2260-S1,2025-04-04 03:32:50.104232,TC-03,QE-01,J-250124,235131,0.8,False,first_shot_approval,,114.1142,4.2867,1800.6238,755.3026,,98.1913,3.5073,1580.8293,643.4059,,106.1527,3.897,1690.7266,699.3542,,110.9296,4.1308,1756.6649,732.9233,,101.3758,3.6632,1624.7882,665.7852
TP-29,M-2301,IM-12,M-2301-S1,2025-04-07 07:03:10.919778,TC-01,QE-01,J-250125,246589,0.8,False,first_shot_approval,,183.8528,15.4308,3946.7574,407.1216,,158.1989,12.6252,3464.9936,346.8073,,171.0259,14.028,3705.8755,376.9644,,178.722,14.8697,3850.4046,395.0587,,163.3297,13.1863,3561.3463,358.8701
TP-29,M-2301,IM-12,M-2301-S2,2025-04-07 07:03:10.919778,TC-01,QE-01,J-250125,246589,0.8,False,first_shot_approval,232.7,,,2827.6345,,186.5793,,,2482.4773,,209.6396,,,2655.0559,,223.4758,,,2758.6031,,195.8034,,,2551.5087,
TP-29,M-2301,IM-12,M-2301-S3,2025-04-07 07:03:10.919778,TC-01,QE-01,J-250125,246589,0.8,False,first_shot_approval,,190.1021,15.4308,4080.8106,420.9496,,163.5763,12.6252,3582.6835,358.5867,,176.8392,14.028,3831.7471,389.7682,,184.797,14.8697,3981.1852,408.4771,,168.8814,13.1863,3682.3089,371.0593
TP-29,M-2301,IM-12,M-2301-S4,2025-04-07 07:03:10.919778,TC-01,QE-01,J-250125,246589,0.8,False,first_shot_approval,241.6588,,,2936.4973,,193.7625,,,2578.0516,,217.7107,,,2757.2744,,232.0796,,,2864.8081,,203.3418,,,2649.7407,
TP-3,M-2041,IM-12,M-2041-S1,2025-01-14 02:53:30.580298,TC-06,QE-01,J-250102,15871,0.8,False,first_shot_approval,,152.6067,5.5891,1861.2323,749.905,,131.3128,4.5729,1634.0396,638.8079,,141.9597,5.081,1747.636,694.3564,,148.3479,5.3859,1815.7938,727.6856,,135.5716,4.7761,1679.4782,661.0273
TP-3,M-2041,IM-12,M-2041-S2,2025-01-14 02:53:30.580298,TC-06,QE-01,J-250102,15871,0.8,False,first_shot_approval,466.9168,,,1350.5048,,374.3747,,,1185.6544,,420.6458,,,1268.0796,,448.4084,,,1317.5347,,392.8831,,,1218.6245,
TP-30,M-2301,IM-11,M-2301-S1,2025-04-10 00:31:47.133524,TC-03,QE-01,J-250126,250544,0.8,False,first_shot_approval,,193.1913,15.6893,4036.0042,426.4502,,166.2343,12.8367,3543.3464,363.2724,,179.7128,14.263,3789.6753,394.8613,,187.7999,15.1188,3937.4726,413.8147,,171.6257,13.4072,3641.878,375.908
TP-30,M-2301,IM-11,M-2301-S2,2025-04-10 00:31:47.133524,TC-03,QE-01,J-250126,250544,0.8,False,first_shot_approval,242.5698,,,2888.1495,,194.4929,,,2535.6054,,218.5313,,,2711.8774,,232.9544,,,2817.6407,,204.1083,,,2606.1142,
TP-30,M-2301,IM-11,M-2301-S3,2025-04-10 00:31:47.133524,TC-03,QE-01,J-250126,250544,0.8,False,first_shot_approval,,199.7531,15.6893,4173.0891,440.9348,,171.8806,12.8367,3663.698,375.6111,,185.8168,14.263,3918.3936,408.273,,194.1786,15.1188,4071.2109,427.8701,,177.4551,13.4072,3765.5762,388.6759
TP-30,M-2301,IM-11,M-2301-S4,2025-04-10 00:31:47.133524,TC-03,QE-01,J-250126,250544,0.8,False,first_shot_approval,251.9086,,,2999.3421,,201.9808,,,2633.2253,,226.9447,,,2816.2837,,241.9231,,,2926.1188,,211.9664,,,2706.4486,
TP-31,M-2119,IM-12,M-2119-S1,2025-04-14 07:25:17.432138,TC-01,QE-02,J-250127,256370,0.8,True,first_shot_approval,,226.0726,9.8868,3280.7897,610.1924,,194.5276,8.0892,2751.4598,519.7935,,210.3001,8.988,3016.1248,564.9929,,219.7636,9.5273,3174.9237,592.1126,,200.8366,8.4487,2857.3258,537.8733
TP-31,M-2119,IM-12,M-2119-S2,2025-04-14 07:25:17.432138,TC-01,QE-02,J-250127,256370,0.8,True,first_shot_approval,325.2429,,,2345.4275,,260.7804,,,1967.011,,293.0117,,,2156.2192,,312.3504,,,2269.7442,,273.6729,,,2042.6943,
TP-31,M-2119,IM-12,M-2119-S3,2025-04-14 07:25:17.432138,TC-01,QE-02,J-250127,256370,0.8,True,first_shot_approval,,225.862,9.8868,3277.7336,609.6239,,194.3464,8.0892,2748.8968,519.3093,,210.1042,8.988,3013.3152,564.4666,,219.5589,9.5273,3171.9662,591.561,,200.6495,8.4487,2854.6641,537.3722
TP-31,M-2119,IM-12,M-2119-S4,2025-04-14 07:25:17.432138,TC-01,QE-02,J-250127,256370,0.8,True,first_shot_approval,326.1267,,,2351.8005,,261.489,,,1972.3558,,293.8078,,,2162.0781,,313.1991,,,2275.9115,,274.4165,,,2048.2447,
TP-32,M-2119,IM-11,M-2119-S1,2025-04-19 03:23:54.727342,TC-03,QE-01,J-250128,264863,0.8,False,first_shot_approval,,231.8797,9.9264,3232.9339,617.7869,,199.5244,8.1216,2838.3034,526.2629,,215.702,9.024,3035.6187,572.0249,,225.4086,9.5654,3154.0078,599.4821,,205.9954,8.4826,2917.2295,544.5677
TP-32,M-2119,IM-11,M-2119-S2,2025-04-19 03:23:54.727342,TC-03,QE-01,J-250128,264863,0.8,False,first_shot_approval,329.0937,,,2310.9044,,263.8679,,,2028.8222,,296.4808,,,2169.8633,,316.0485,,,2254.4879,,276.913,,,2085.2386,
TP-32,M-2119,IM-11,M-2119-S3,2025-04-19 03:23:54.727342,TC-03,QE-01,J-250128,264863,0.8,False,first_shot_approval,,231.6637,9.9264,3229.9222,617.2114,,199.3385,8.1216,2835.6594,525.7727,,215.5011,9.024,3032.7908,571.4921,,225.1986,9.5654,3151.0696,598.9237,,205.8035,8.4826,2914.5119,544.0604
TP-32,M-2119,IM-11,M-2119-S4,2025-04-19 03:23:54.727342,TC-03,QE-01,J-250128,264863,0.8,False,first_shot_approval,329.9879,,,2317.1836,,264.5849,,,2034.3349,,297.2864,,,2175.7593,,316.9073,,,2260.6139,,277.6655,,,2090.9047,
TP-33,M-2119,IM-12,M-2119-S1,2025-04-21 07:09:45.004405,TC-04,QE-01,J-250129,274369,0.8,False,first_shot_approval,,218.1733,9.8494,3216.3608,581.6476,,187.7305,8.0586,2823.7534,495.4776,,202.9519,8.954,3020.0571,538.5626,,212.0847,9.4912,3137.8394,564.4136,,193.8191,8.4168,2902.2749,512.7116
TP-33,M-2119,IM-12,M-2119-S2,2025-04-21 07:09:45.004405,TC-04,QE-01,J-250129,274369,0.8,False,first_shot_approval,310.0281,,,2300.4075,,248.5811,,,2019.6066,,279.3046,,,2160.0071,,297.7387,,,2244.2474,,260.8705,,,2075.7668,
TP-33,M-2119,IM-12,M-2119-S3,2025-04-21 07:09:45.004405,TC-04,QE-01,J-250129,274369,0.8,False,first_shot_approval,,217.9701,9.8494,3213.365,581.1058,,187.5556,8.0586,2821.1233,495.016,,202.7628,8.954,3017.2441,538.0609,,211.8872,9.4912,3134.9167,563.8878,,193.6385,8.4168,2899.5716,512.234
TP-33,M-2119,IM-12,M-2119-S4,2025-04-21 07:09:45.004405,TC-04,QE-01,J-250129,274369,0.8,False,first_shot_approval,310.8705,,,2306.6584,,249.2565,,,2025.0945,,280.0635,,,2165.8765,,298.5477,,,2250.3456,,261.5793,,,2081.4073,
TP-34,M-2118,IM-11,M-2118-S1,2025-04-28 07:48:11.809455,TC-01,QE-01,J-250130,283070,0.8,False,first_shot_approval,,208.2533,9.4039,2904.8551,598.7901,,179.1947,7.6941,2550.2719,510.0805,,193.724,8.549,2727.5635,554.4353,,202.4416,9.0619,2833.9385,581.0482,,185.0064,8.0361,2621.1885,527.8224
TP-34,M-2118,IM-11,M-2118-S2,2025-04-28 07:48:11.809455,TC-01,QE-01,J-250130,283070,0.8,False,first_shot_approval,323.9355,,,2069.6572,,259.732,,,1817.023,,291.8337,,,1943.3401,,311.0948,,,2019.1304,,272.5727,,,1867.5498,
TP-34,M-2118,IM-11,M-2118-S3,2025-04-28 07:48:11.809455,TC-01,QE-01,J-250130,283070,0.8,False,first_shot_approval,,204.6583,9.4039,2854.7413,588.4599,,176.1013,7.6941,2506.2753,501.2807,,190.3798,8.549,2680.5083,544.8703,,198.9469,9.0619,2785.0481,571.0241,,181.8127,8.0361,2575.9685,518.7165
TP-34,M-2118,IM-11,M-2118-S4,2025-04-28 07:48:11.809455,TC-01,QE-01,J-250130,283070,0.8,False,first_shot_approval,332.4527,,,2124.0746,,266.5612,,,1864.7979,,299.507,,,1994.4363,,319.2744,,,2072.2193,,279.7395,,,1916.6533,
TP-35,M-2260,IM-12,M-2260-S1,2025-04-28 19:47:49.403280,TC-05,QE-01,J-250131,291394,0.8,False,first_shot_approval,,108.8553,4.2262,1766.1345,727.5937,,93.6662,3.4578,1550.55,619.802,,101.2608,3.842,1658.3423,673.6979,,105.8175,4.0725,1723.0176,706.0354,,96.704,3.6115,1593.6669,641.3604
TP-36,M-2301,IM-12,M-2301-S1,2025-05-05 06:44:57.449822,TC-01,QE-01,J-250132,305845,0.8,False,first_shot_approval,,197.1756,15.2163,3807.8464,449.9639,,169.6627,12.4497,3343.0389,383.3026,,183.4191,13.833,3575.4426,416.6332,,191.673,14.663,3714.8849,436.6316,,175.1653,13.003,3436.0004,396.6348
TP-36,M-2301,IM-12,M-2301-S2,2025-05-05 06:44:57.449822,TC-01,QE-01,J-250132,305845,0.8,False,first_shot_approval,257.1898,,,2726.6761,,206.2153,,,2393.8424,,231.7025,,,2560.2593,,246.9949,,,2660.1094,,216.4102,,,2460.4092,
TP-36,M-2301,IM-12,M-2301-S3,2025-05-05 06:44:57.449822,TC-01,QE-01,J-250132,305845,0.8,False,first_shot_approval,,203.8727,15.2163,3937.1815,465.2471,,175.4254,12.4497,3456.5866,396.3216,,189.649,13.833,3696.884,430.7844,,198.1833,14.663,3841.0625,451.462,,181.1148,13.003,3552.7056,410.1067
TP-36,M-2301,IM-12,M-2301-S4,2025-05-05 06:44:57.449822,TC-01,QE-01,J-250132,305845,0.8,False,first_shot_approval,267.0915,,,2831.6522,,214.1545,,,2486.0045,,240.623,,,2658.8284,,256.5041,,,2762.5227,,224.7419,,,2555.1341,
TP-37,M-2043,IM-11,M-2043-S1,2025-05-05 11:31:03.258487,TC-04,QE-01,J-250133,313797,0.8,False,first_shot_approval,,182.34,6.1512,2083.0833,799.9767,,156.8972,5.0328,1828.8102,681.4616,,169.6186,5.592,1955.9468,740.7192,,177.2515,5.9275,2032.2287,776.2737,,161.9858,5.2565,1879.6649,705.1647
TP-37,M-2043,IM-11,M-2043-S2,2025-05-05 11:31:03.258487,TC-04,QE-01,J-250133,313797,0.8,False,first_shot_approval,451.2763,,,1413.2334,,361.8342,,,1240.7261,,406.5552,,,1326.9797,,433.3879,,,1378.7319,,379.7226,,,1275.2275,
TP-38,M-2118,IM-11,M-2118-S1,2025-05-12 06:41:09.279934,TC-01,QE-01,J-250134,327121,0.8,False,first_shot_approval,,208.9609,9.4578,2945.8014,601.5678,,179.8035,7.7382,2586.22,512.4466,,194.3822,8.598,2766.0107,557.0072,,203.1294,9.1139,2873.8852,583.7435,,185.635,8.0821,2658.1363,530.2709
TP-38,M-2118,IM-11,M-2118-S2,2025-05-12 06:41:09.279934,TC-01,QE-01,J-250134,327121,0.8,False,first_shot_approval,325.5892,,,2098.9442,,261.058,,,1842.735,,293.3236,,,1970.8396,,312.683,,,2047.7023,,273.9643,,,1893.9769,
TP-38,M-2118,IM-11,M-2118-S3,2025-05-12 06:41:09.279934,TC-01,QE-01,J-250134,327121,0.8,False,first_shot_approval,,205.3559,9.4578,2894.981,591.1897,,176.7016,7.7382,2541.603,503.606,,191.0288,8.598,2718.292,547.3978,,199.6251,9.1139,2824.3054,573.6729,,182.4325,8.0821,2612.2786,521.1227
TP-38,M-2118,IM-11,M-2118-S4,2025-05-12 06:41:09.279934,TC-01,QE-01,J-250134,327121,0.8,False,first_shot_approval,334.15,,,2154.132,,267.922,,,1891.1863,,301.036,,,2022.6592,,320.9044,,,2101.5429,,281.1676,,,1943.7755,
TP-39,M-2041,IM-12,M-2041-S1,2025-05-13 18:04:25.314919,TC-02,QE-01,J-250135,333910,0.8,False,first_shot_approval,,150.0329,5.5979,1850.4413,742.9422,,129.0981,4.5801,1624.5658,632.8767,,139.5655,5.089,1737.5035,687.9095,,145.8459,5.3943,1805.2662,720.9291,,133.285,4.7837,1669.7409,654.8898
TP-39,M-2041,IM-12,M-2041-S2,2025-05-13 18:04:25.314919,TC-02,QE-01,J-250135,333910,0.8,False,first_shot_approval,461.8885,,,1341.5685,,370.343,,,1177.809,,416.1158,,,1259.6887,,443.5794,,,1308.8166,,388.6521,,,1210.5609,
TP-4,M-2301,IM-11,M-2301-S1,2025-01-16 14:22:19.792532,TC-01,QE-01,J-250103,25735,0.8,False,first_shot_approval,,237.0071,15.5298,3680.8527,570.0553,,203.9364,12.7062,3231.5467,485.6027,,220.4717,14.118,3456.1997,527.829,,230.393,14.9651,3590.9915,553.1648,,210.5505,13.2709,3321.4079,502.4932
TP-4,M-2301,IM-11,M-2301-S2,2025-01-16 14:22:19.792532,TC-01,QE-01,J-250103,25735,0.8,False,first_shot_approval,325.8315,,,2632.3357,,261.2523,,,2311.0178,,293.5419,,,2471.6768,,312.9157,,,2568.0722,,274.1682,,,2375.2814,
TP-4,M-2301,IM-11,M-2301-S3,2025-01-16 14:22:19.792532,TC-01,QE-01,J-250103,25735,0.8,False,first_shot_approval,,245.0618,15.5298,3805.8742,589.4174,,210.8671,12.7062,3341.3074,502.0963,,227.9644,14.118,3573.5908,545.7569,,238.2228,14.9651,3712.9609,571.9532,,217.706,13.2709,3434.2208,519.5606
TP-4,M-2301,IM-11,M-2301-S4,2025-01-16 14:22:19.792532,TC-01,QE-01,J-250103,25735,0.8,False,first_shot_approval,338.3759,,,2733.6798,,271.3104,,,2399.9911,,304.8432,,,2566.8354,,324.9628,,,2666.942,,284.7235,,,2466.7289,
TP-40,M-2260,IM-11,M-2260-S1,2025-05-16 10:33:59.846319,TC-04,QE-02,J-250136,349039,0.8,True,first_shot_approval,,113.9633,4.268,1807.7144,756.7654,,98.0614,3.492,1516.0537,644.652,,106.0123,3.88,1661.884,700.7087,,110.7829,4.1128,1749.3822,734.3427,,101.2418,3.6472,1574.3858,667.0747
TP-41,M-2119,IM-12,M-2119-S1,2025-05-21 09:50:15.959580,TC-01,QE-01,J-250137,364329,0.8,False,first_shot_approval,,224.2836,9.9418,3227.2719,607.0309,,192.9882,8.1342,2833.3326,517.1004,,208.6359,9.038,3030.3022,562.0657,,218.0246,9.5803,3148.484,589.0448,,199.2473,8.4957,2912.1205,535.0865
TP-41,M-2119,IM-12,M-2119-S2,2025-05-21 09:50:15.959580,TC-01,QE-01,J-250137,364329,0.8,False,first_shot_approval,323.342,,,2306.7333,,259.2562,,,2025.1602,,291.2991,,,2165.9468,,310.5248,,,2250.4187,,272.0733,,,2081.4749,
TP-41,M-2119,IM-12,M-2119-S3,2025-05-21 09:50:15.959580,TC-01,QE-01,J-250137,364329,0.8,False,first_shot_approval,,224.0747,9.9418,3224.2657,606.4655,,192.8085,8.1342,2830.6933,516.6187,,208.4416,9.038,3027.4795,561.5421,,217.8215,9.5803,3145.5512,588.4961,,199.0617,8.4957,2909.4078,534.5881
TP-41,M-2119,IM-12,M-2119-S4,2025-05-21 09:50:15.959580,TC-01,QE-01,J-250137,364329,0.8,False,first_shot_approval,324.2205,,,2313.0011,,259.9606,,,2030.6629,,292.0906,,,2171.832,,311.3686,,,2256.5335,,272.8126,,,2087.1306,
TP-42,M-2118,IM-11,M-2118-S1,2025-05-26 07:29:05.738086,TC-04,QE-02,J-250138,375473,0.8,True,first_shot_approval,,211.2542,9.6393,3035.0748,613.2065,,181.7769,7.8867,2545.3891,522.3611,,196.5156,8.763,2790.2319,567.7838,,205.3588,9.2888,2937.1376,595.0374,,187.6724,8.2372,2643.3262,540.5302
TP-42,M-2118,IM-11,M-2118-S2,2025-05-26 07:29:05.738086,TC-04,QE-02,J-250138,375473,0.8,True,first_shot_approval,331.8508,,,2162.4781,,266.0786,,,1813.5791,,298.9647,,,1988.0286,,318.6964,,,2092.6983,,279.233,,,1883.3589,
TP-42,M-2118,IM-11,M-2118-S3,2025-05-26 07:29:05.738086,TC-04,QE-02,J-250138,375473,0.8,True,first_shot_approval,,207.6097,9.6393,2982.7143,602.6277,,178.6409,7.8867,2501.4766,513.3495,,193.1253,8.763,2742.0955,557.9886,,201.816,9.2888,2886.4668,584.772,,184.4347,8.2372,2597.7241,531.2051
TP-42,M-2118,IM-11,M-2118-S4,2025-05-26 07:29:05.738086,TC-04,QE-02,J-250138,375473,0.8,True,first_shot_approval,340.5762,,,2219.3361,,273.0746,,,1861.2635,,306.8254,,,2040.2998,,327.0759,,,2147.7216,,286.5749,,,1932.878,
TP-43,M-2043,IM-12,M-2043-S1,2025-05-30 18:50:14.569293,TC-05,QE-01,J-250139,384590,0.8,False,first_shot_approval,,172.3018,6.1655,2115.9501,760.7697,,148.2597,5.0445,1857.6651,648.0631,,160.2808,5.605,1986.8076,704.4164,,167.4934,5.9413,2064.2931,738.2284,,153.0681,5.2687,1909.3221,670.6044
TP-43,M-2043,IM-12,M-2043-S2,2025-05-30 18:50:14.569293,TC-05,QE-01,J-250139,384590,0.8,False,first_shot_approval,428.9162,,,1435.8532,,343.9058,,,1260.5848,,386.411,,,1348.219,,411.9141,,,1400.7995,,360.9079,,,1295.6385,
TP-44,M-2119,IM-11,M-2119-S1,2025-06-02 06:57:23.897037,TC-01,QE-01,J-250140,396188,0.8,False,first_shot_approval,,236.168,10.0496,3268.2882,634.4568,,203.2143,8.2224,2869.3422,540.4632,,219.6911,9.136,3068.8152,587.46,,229.5772,9.6842,3188.499,615.658,,209.805,8.5878,2949.1314,559.2619
TP-44,M-2119,IM-11,M-2119-S2,2025-06-02 06:57:23.897037,TC-01,QE-01,J-250140,396188,0.8,False,first_shot_approval,338.1763,,,2335.8133,,271.1504,,,2050.6906,,304.6633,,,2193.252,,324.7711,,,2278.7888,,284.5556,,,2107.7151,
TP-44,M-2119,IM-11,M-2119-S3,2025-06-02 06:57:23.897037,TC-01,QE-01,J-250140,396188,0.8,False,first_shot_approval,,235.948,10.0496,3265.2437,633.8657,,203.025,8.2224,2866.6694,539.9597,,219.4865,9.136,3065.9565,586.9127,,229.3634,9.6842,3185.5288,615.0845,,209.6096,8.5878,2946.3842,558.7409
TP-44,M-2119,IM-11,M-2119-S4,2025-06-02 06:57:23.897037,TC-01,QE-01,J-250140,396188,0.8,False,first_shot_approval,339.0952,,,2342.1604,,271.8872,,,2056.2629,,305.4912,,,2199.2117,,325.6536,,,2284.9809,,285.3288,,,2113.4424,
TP-45,M-2041,IM-11,M-2041-S1,2025-06-06 16:10:18.356323,TC-05,QE-01,J-250141,401138,0.8,False,first_shot_approval,,147.0891,5.7387,2197.0576,688.4234,,126.565,4.6953,1928.8721,586.4348,,136.827,5.217,2062.9648,637.4291,,142.9842,5.53,2143.4205,668.0257,,130.6698,4.904,1982.5092,606.8325
TP-45,M-2041,IM-11,M-2041-S2,2025-06-06 16:10:18.356323,TC-05,QE-01,J-250141,401138,0.8,False,first_shot_approval,428.7061,,,1598.0686,,343.7373,,,1402.9992,,386.2217,,,1500.5339,,411.7123,,,1559.0548,,360.7311,,,1442.0131,
TP-46,M-2041,IM-11,M-2041-S1,2025-06-06 21:48:54.470672,TC-05,QE-01,J-250141,401746,0.8,False,cavity_block,,147.5348,5.6881,2135.2805,692.9774,,126.9485,4.6539,1874.636,590.3141,,137.2417,5.171,2004.9583,641.6458,,143.4175,5.4813,2083.1516,672.4447,,131.0658,4.8607,1926.7649,610.8468
TP-46,M-2041,IM-11,M-2041-S2,2025-06-06 21:48:54.470672,TC-05,QE-01,J-250141,401746,0.8,False,cavity_block,431.542,,,1553.266,,346.0112,,,1363.6654,,388.7766,,,1458.4657,,414.4359,,,1515.3459,,363.1174,,,1401.5855,
TP-47,M-2041,IM-12,M-2041-S1,2025-06-09 06:21:37.337579,TC-04,QE-01,J-250142,412977,0.8,False,first_shot_approval,,142.1449,5.7068,1930.265,689.5749,,122.3108,4.6692,1694.6458,587.4157,,132.2279,5.188,1812.4554,638.4953,,138.1781,5.4993,1883.1412,669.1431,,126.2776,4.8767,1741.7697,607.8475
TP-47,M-2041,IM-12,M-2041-S2,2025-06-09 06:21:37.337579,TC-04,QE-01,J-250142,412977,0.8,False,first_shot_approval,429.3579,,,1402.0124,,344.2599,,,1230.8748,,386.8089,,,1316.4436,,412.3383,,,1367.7849,,361.2795,,,1265.1023,
TP-48,M-2041,IM-12,M-2041-S1,2025-06-09 15:20:32.483899,TC-04,QE-01,J-250142,413998,0.8,False,cavity_block,,149.2863,5.7717,2148.461,724.3113,,128.4556,4.7223,1886.2075,617.0059,,138.8709,5.247,2017.3342,670.6586,,145.1201,5.5618,2096.0103,702.8502,,132.6217,4.9322,1938.6582,638.467
TP-48,M-2041,IM-12,M-2041-S2,2025-06-09 15:20:32.483899,TC-04,QE-01,J-250142,413998,0.8,False,cavity_block,450.9463,,,1561.6649,,361.5696,,,1371.0392,,406.258,,,1466.3521,,433.071,,,1523.5398,,379.4449,,,1409.1643,
