return_id,customer_id,part_id,date_code,defect_code,qty,received_date,attributed_job_id,attributed_cavity_id
RT-1,Customer D,P-40411,2502,flash,1,2025-02-23,J-250102,1
RT-2,Customer D,P-40411,2502,gate_vestige,1,2025-02-11,J-250102,1
RT-3,Customer D,P-40411,2502,other,1,2025-03-24,J-250102,1
RT-4,Customer D,P-40411,2502,flash,1,2025-03-19,J-250102,2
RT-5,Customer D,P-40411,2502,gate_vestige,1,2025-03-12,J-250102,2
RT-6,Customer D,P-40411,2502,other,1,2025-04-11,J-250102,2
RT-7,Customer D,P-40411,2502,contamination,1,2025-02-07,,
RT-8,Customer D,P-40411,2502,black_specks,2,2025-04-12,J-250102,4
RT-9,Customer D,P-40411,2502,sink,1,2025-03-17,J-250102,4
RT-10,Customer D,P-40411,2502,flash,2,2025-04-10,J-250102,5
RT-11,Customer D,P-40411,2502,other,1,2025-02-27,J-250102,5
RT-12,Customer D,P-40411,2502,void,1,2025-03-23,J-250102,5
RT-13,Customer D,P-40411,2502,black_specks,1,2025-04-12,J-250102,6
RT-14,Customer D,P-40411,2502,flash,1,2025-04-07,,
RT-15,Customer D,P-40411,2502,void,1,2025-02-28,,
RT-16,Customer D,P-40411,2505,burn,2,2025-05-01,J-250108,1
RT-17,Customer D,P-40411,2505,contamination,2,2025-04-11,J-250108,1
RT-18,Customer D,P-40411,2505,flash,2,2025-05-07,,
RT-19,Customer D,P-40411,2505,burn,2,2025-04-02,,
RT-20,Customer D,P-40411,2505,gate_vestige,1,2025-03-23,J-250108,2
RT-21,Customer D,P-40411,2505,black_specks,1,2025-04-05,J-250108,3
RT-22,Customer D,P-40411,2505,burn,1,2025-04-24,,
RT-23,Customer D,P-40411,2505,gate_vestige,1,2025-04-16,J-250108,3
RT-24,Customer D,P-40411,2505,sink,1,2025-04-19,J-250108,3
RT-25,Customer D,P-40411,2505,weld_line,1,2025-04-07,J-250108,3
RT-26,Customer D,P-40411,2505,burn,3,2025-04-12,J-250108,4
RT-27,Customer D,P-40411,2505,flash,1,2025-04-07,J-250108,4
RT-28,Customer D,P-40411,2505,splay,1,2025-03-01,J-250108,4
RT-29,Customer D,P-40411,2505,black_specks,1,2025-04-18,,
RT-30,Customer D,P-40411,2505,burn,1,2025-03-19,J-250108,5
RT-31,Customer D,P-40411,2505,gate_vestige,1,2025-05-08,J-250108,5
RT-32,Customer D,P-40411,2505,other,1,2025-03-02,,
RT-33,Customer D,P-40411,2505,black_specks,1,2025-04-01,J-250108,6
RT-34,Customer D,P-40411,2505,burn,1,2025-04-10,J-250108,6
RT-35,Customer D,P-40411,2505,burn,2,2025-03-18,J-250108,7
RT-36,Customer D,P-40411,2505,gate_vestige,1,2025-03-29,J-250108,7
RT-37,Customer D,P-40411,2505,void,2,2025-03-04,J-250108,7
RT-38,Customer D,P-40411,2505,black_specks,1,2025-04-14,,
RT-39,Customer D,P-40411,2505,burn,1,2025-03-30,J-250108,8
RT-40,Customer D,P-40411,2505,short_shot,1,2025-04-26,J-250108,8
RT-41,Customer D,P-40411,2505,sink,2,2025-04-23,,
RT-42,Customer D,P-40411,2505,void,1,2025-04-02,J-250108,8
RT-43,Customer D,P-40411,2505,warp,1,2025-03-19,J-250108,8
RT-44,Customer D,P-40411,2508,black_specks,1,2025-03-24,J-250113,1
RT-45,Customer D,P-40411,2508,other,1,2025-05-03,,
RT-46,Customer D,P-40411,2508,splay,1,2025-04-12,J-250113,1
RT-47,Customer D,P-40411,2508,void,1,2025-04-02,J-250113,1
RT-48,Customer D,P-40411,2508,flash,1,2025-05-06,J-250113,2
RT-49,Customer D,P-40411,2508,other,1,2025-05-19,J-250113,3
RT-50,Customer D,P-40411,2508,sink,1,2025-05-08,J-250113,4
RT-51,Customer D,P-40411,2508,splay,1,2025-03-24,J-250113,4
RT-52,Customer D,P-40411,2508,weld_line,1,2025-05-12,J-250113,4
RT-53,Customer D,P-40411,2508,black_specks,1,2025-03-29,J-250113,5
RT-54,Customer D,P-40411,2508,flash,2,2025-05-23,J-250113,5
RT-55,Customer D,P-40411,2508,other,1,2025-04-04,J-250113,5
RT-56,Customer D,P-40411,2508,gate_vestige,1,2025-04-11,J-250113,6
RT-57,Customer D,P-40411,2508,other,1,2025-04-09,J-250113,6
RT-58,Customer D,P-40411,2508,sink,2,2025-05-15,J-250113,6
RT-59,Customer D,P-40411,2508,void,1,2025-05-16,J-250113,6
RT-60,Customer D,P-40411,2508,other,1,2025-04-25,,
RT-61,Customer D,P-40411,2508,void,1,2025-03-31,J-250113,7
RT-62,Customer D,P-40411,2508,contamination,1,2025-05-21,,
RT-63,Customer D,P-40411,2508,gate_vestige,1,2025-04-07,J-250113,8
RT-64,Customer D,P-40411,2508,sink,1,2025-05-07,J-250113,8
RT-65,Customer D,P-40411,2508,flash,1,2025-04-23,,
RT-66,Customer D,P-40411,2508,sink,1,2025-05-28,J-250114,1
RT-67,Customer D,P-40411,2508,flash,2,2025-05-03,J-250114,2
RT-68,Customer D,P-40411,2508,other,2,2025-05-05,J-250114,2
RT-69,Customer D,P-40411,2508,sink,1,2025-05-28,J-250114,2
RT-70,Customer D,P-40411,2508,other,1,2025-05-17,J-250114,3
RT-71,Customer D,P-40411,2508,warp,1,2025-05-09,J-250114,3
RT-72,Customer D,P-40411,2508,flash,2,2025-05-11,,
RT-73,Customer D,P-40411,2508,other,1,2025-03-28,J-250114,4
RT-74,Customer D,P-40411,2508,sink,1,2025-04-03,J-250114,4
RT-75,Customer D,P-40411,2508,dimensional,2,2025-05-06,J-250114,5
RT-76,Customer D,P-40411,2508,black_specks,1,2025-04-01,J-250114,6
RT-77,Customer D,P-40411,2508,flash,2,2025-05-22,J-250114,6
RT-78,Customer D,P-40411,2508,other,1,2025-04-21,J-250114,6
RT-79,Customer D,P-40411,2508,void,1,2025-05-30,J-250114,6
RT-80,Customer D,P-40411,2508,other,1,2025-05-12,J-250114,7
RT-81,Customer D,P-40411,2509,black_specks,2,2025-05-13,J-250114,1
RT-82,Customer D,P-40411,2509,gate_vestige,1,2025-04-12,,
RT-83,Customer D,P-40411,2509,sink,1,2025-04-11,,
RT-84,Customer D,P-40411,2509,burn,1,2025-05-15,J-250114,2
RT-85,Customer D,P-40411,2509,flash,2,2025-06-05,J-250114,2
RT-86,Customer D,P-40411,2509,void,1,2025-05-22,J-250114,2
RT-87,Customer D,P-40411,2509,weld_line,1,2025-05-24,J-250114,2
RT-88,Customer D,P-40411,2509,contamination,1,2025-04-22,J-250114,3
RT-89,Customer D,P-40411,2509,sink,1,2025-04-27,J-250114,3
RT-90,Customer D,P-40411,2509,void,1,2025-04-21,J-250114,3
RT-91,Customer D,P-40411,2509,black_specks,1,2025-05-03,J-250114,4
RT-92,Customer D,P-40411,2509,flash,1,2025-05-05,J-250114,4
RT-93,Customer D,P-40411,2509,gate_vestige,2,2025-05-21,J-250114,5
RT-94,Customer D,P-40411,2509,sink,2,2025-05-29,J-250114,5
RT-95,Customer D,P-40411,2509,flash,1,2025-06-04,J-250114,6
RT-96,Customer D,P-40411,2509,gate_vestige,1,2025-05-27,J-250114,6
RT-97,Customer D,P-40411,2509,sink,1,2025-03-27,,
RT-98,Customer D,P-40411,2509,sink,1,2025-04-02,J-250114,7
RT-99,Customer D,P-40411,2509,black_specks,1,2025-05-12,,
RT-100,Customer D,P-40411,2509,sink,1,2025-04-05,J-250114,8
RT-101,Customer D,P-40411,2509,void,2,2025-04-20,J-250114,8
RT-102,Customer D,P-40411,2509,void,1,2025-04-01,J-250115,1
RT-103,Customer D,P-40411,2509,black_specks,1,2025-04-01,J-250115,2
RT-104,Customer D,P-40411,2509,contamination,1,2025-04-19,J-250115,2
RT-105,Customer D,P-40411,2509,other,1,2025-04-15,J-250115,2
RT-106,Customer D,P-40411,2509,void,1,2025-04-17,J-250115,2
RT-107,Customer D,P-40411,2509,other,1,2025-05-12,J-250115,3
RT-108,Customer D,P-40411,2509,contamination,1,2025-04-02,J-250115,4
RT-109,Customer D,P-40411,2509,sink,1,2025-05-29,J-250115,4
RT-110,Customer D,P-40411,2509,void,1,2025-04-13,,
RT-111,Customer D,P-40411,2509,weld_line,1,2025-04-27,J-250115,5
RT-112,Customer D,P-40411,2509,contamination,1,2025-05-16,J-250115,6
RT-113,Customer D,P-40411,2509,flash,1,2025-04-04,J-250115,6
RT-114,Customer D,P-40411,2509,flash,1,2025-04-12,J-250115,7
RT-115,Customer D,P-40411,2509,black_specks,1,2025-04-02,J-250115,8
RT-116,Customer D,P-40411,2509,flash,1,2025-05-15,J-250115,8
RT-117,Customer D,P-40411,2509,sink,1,2025-05-28,J-250115,8
RT-118,Customer D,P-40411,2512,black_specks,2,2025-06-30,J-250121,1
RT-119,Customer D,P-40411,2512,gate_vestige,1,2025-05-24,,
RT-120,Customer D,P-40411,2512,splay,1,2025-04-20,J-250121,1
RT-121,Customer D,P-40411,2512,gate_vestige,2,2025-06-06,J-250121,2
RT-122,Customer D,P-40411,2512,other,1,2025-05-02,J-250121,2
RT-123,Customer D,P-40411,2512,other,2,2025-05-11,,
RT-124,Customer D,P-40411,2512,weld_line,1,2025-04-19,J-250121,3
RT-125,Customer D,P-40411,2512,black_specks,1,2025-05-08,J-250121,4
RT-126,Customer D,P-40411,2512,contamination,1,2025-06-07,J-250121,4
RT-127,Customer D,P-40411,2512,black_specks,2,2025-06-21,J-250121,5
RT-128,Customer D,P-40411,2512,flash,1,2025-05-29,,
RT-129,Customer D,P-40411,2512,other,1,2025-06-08,,
RT-130,Customer D,P-40411,2512,sink,1,2025-05-13,J-250121,6
RT-131,Customer D,P-40411,2512,warp,1,2025-04-21,J-250121,6
RT-132,Customer D,P-40411,2512,sink,2,2025-05-22,J-250121,7
RT-133,Customer D,P-40411,2512,splay,2,2025-05-22,J-250121,7
RT-134,Customer D,P-40411,2512,black_specks,1,2025-05-28,J-250121,8
RT-135,Customer D,P-40411,2512,contamination,1,2025-04-19,J-250121,8
RT-136,Customer D,P-40411,2519,black_specks,1,2025-08-15,J-250135,1
RT-137,Customer D,P-40411,2519,burn,1,2025-08-08,J-250135,1
RT-138,Customer D,P-40411,2519,other,14,2025-08-12,J-250135,1
RT-139,Customer D,P-40411,2519,sink,2,2025-07-01,J-250135,1
RT-140,Customer D,P-40411,2519,black_specks,1,2025-08-09,J-250135,2
RT-141,Customer D,P-40411,2519,contamination,1,2025-06-30,,
RT-142,Customer D,P-40411,2519,gate_vestige,1,2025-07-25,J-250135,2
RT-143,Customer D,P-40411,2519,other,8,2025-08-06,J-250135,2
RT-144,Customer D,P-40411,2519,weld_line,1,2025-08-11,J-250135,2
RT-145,Customer D,P-40411,2519,burn,1,2025-07-24,,
RT-146,Customer D,P-40411,2519,other,8,2025-08-05,J-250135,3
RT-147,Customer D,P-40411,2519,sink,1,2025-07-31,J-250135,3
RT-148,Customer D,P-40411,2519,void,1,2025-07-23,J-250135,3
RT-149,Customer D,P-40411,2519,burn,1,2025-06-22,J-250135,4
RT-150,Customer D,P-40411,2519,other,7,2025-08-07,J-250135,4
RT-151,Customer D,P-40411,2519,sink,1,2025-07-14,,
RT-152,Customer D,P-40411,2519,contamination,1,2025-07-12,J-250135,5
RT-153,Customer D,P-40411,2519,flash,1,2025-07-02,J-250135,5
RT-154,Customer D,P-40411,2519,gate_vestige,1,2025-06-13,J-250135,5
RT-155,Customer D,P-40411,2519,other,12,2025-08-10,J-250135,5
RT-156,Customer D,P-40411,2519,void,2,2025-08-14,J-250135,5
RT-157,Customer D,P-40411,2519,black_specks,1,2025-07-23,J-250135,6
RT-158,Customer D,P-40411,2519,burn,1,2025-08-07,,
RT-159,Customer D,P-40411,2519,other,6,2025-07-26,J-250135,6
RT-160,Customer D,P-40411,2519,sink,1,2025-07-16,J-250135,6
RT-161,Customer D,P-40411,2519,flash,1,2025-06-25,J-250135,7
RT-162,Customer D,P-40411,2519,gate_vestige,1,2025-07-09,J-250135,7
RT-163,Customer D,P-40411,2519,other,7,2025-08-05,J-250135,7
RT-164,Customer D,P-40411,2519,sink,1,2025-07-18,J-250135,7
RT-165,Customer D,P-40411,2519,other,11,2025-08-09,J-250135,8
RT-166,Customer D,P-40411,2519,sink,2,2025-07-11,J-250135,8
RT-167,Customer D,P-40411,2520,burn,1,2025-08-07,J-250135,1
RT-168,Customer D,P-40411,2520,other,1,2025-06-17,,
RT-169,Customer D,P-40411,2520,burn,1,2025-07-01,J-250135,2
RT-170,Customer D,P-40411,2520,flash,1,2025-06-14,J-250135,2
RT-171,Customer D,P-40411,2520,burn,1,2025-06-16,J-250135,3
RT-172,Customer D,P-40411,2520,gate_vestige,1,2025-07-04,J-250135,4
RT-173,Customer D,P-40411,2520,burn,1,2025-08-11,J-250135,5
RT-174,Customer D,P-40411,2520,contamination,1,2025-08-12,,
RT-175,Customer D,P-40411,2520,void,1,2025-07-24,J-250135,5
RT-176,Customer D,P-40411,2520,burn,1,2025-06-12,J-250135,6
RT-177,Customer D,P-40411,2520,flash,1,2025-07-15,J-250135,6
RT-178,Customer D,P-40411,2520,flash,1,2025-07-14,J-250135,8
RT-179,Customer D,P-40411,2522,other,1,2025-07-17,,
RT-180,Customer D,P-40411,2522,flash,1,2025-08-22,J-250141,2
RT-181,Customer D,P-40411,2522,void,4,2025-08-29,J-250141,2
RT-182,Customer D,P-40411,2522,warp,1,2025-08-19,J-250141,4
RT-183,Customer D,P-40411,2522,black_specks,1,2025-08-14,,
RT-184,Customer D,P-40411,2522,gate_vestige,1,2025-08-20,J-250141,5
RT-185,Customer D,P-40411,2522,void,1,2025-07-13,J-250141,5
RT-186,Customer D,P-40411,2522,flash,2,2025-08-18,J-250141,6
RT-187,Customer D,P-40411,2523,black_specks,1,2025-07-25,J-250141,1
RT-188,Customer D,P-40411,2523,contamination,1,2025-09-02,J-250141,1
RT-189,Customer D,P-40411,2523,gate_vestige,1,2025-08-25,J-250141,1
RT-190,Customer D,P-40411,2523,flash,1,2025-07-04,J-250141,2
RT-191,Customer D,P-40411,2523,sink,1,2025-07-20,J-250141,2
RT-192,Customer D,P-40411,2523,black_specks,2,2025-09-06,J-250141,3
RT-193,Customer D,P-40411,2523,flash,1,2025-08-05,J-250141,3
RT-194,Customer D,P-40411,2523,gate_vestige,1,2025-08-02,J-250141,3
RT-195,Customer D,P-40411,2523,warp,1,2025-07-14,J-250141,3
RT-196,Customer D,P-40411,2523,black_specks,1,2025-07-26,J-250141,4
RT-197,Customer D,P-40411,2523,contamination,1,2025-08-16,J-250141,4
RT-198,Customer D,P-40411,2523,flash,1,2025-07-19,J-250141,4
RT-199,Customer D,P-40411,2523,black_specks,1,2025-07-17,J-250141,5
RT-200,Customer D,P-40411,2523,flash,1,2025-09-06,J-250141,5
