job_id,press_id,mold_id,approval_ts,technician_id,inspector_id,shots_to_approval,part_weight_g,dimension_values,visual_result,approved,template_id_established
J-250100,IM-12,M-2301,2025-01-09 11:14:10.415860,TC-04,QC-04,73,87.465;87.349;87.607;87.693;87.121;87.597;87.265;87.599,140.026;139.901;139.932;139.844;139.959;139.854;139.981;139.912,accept,True,TP-1
J-250101,IM-11,M-2260,2025-01-10 07:41:01.851688,TC-04,QC-04,85,2.126;2.134;2.136;2.142;2.144;2.134,17.945;17.955;17.971;17.954;17.982;17.937,accept,True,TP-2
J-250102,IM-12,M-2041,2025-01-14 02:45:28.312942,TC-03,QC-06,53,6.402;6.490;6.462;6.486;6.422;6.471;6.445;6.424;6.439;6.466;6.475;6.408;6.432;6.466;6.454;6.416,24.614;24.626;24.618;24.627;24.679;24.643;24.601;24.608;24.610;24.634;24.615;24.628;24.676;24.651;24.616;24.614,accept,True,TP-3
J-250103,IM-11,M-2301,2025-01-16 13:47:34.246876,TC-04,QC-04,34,89.261;89.545;88.907;88.913;89.236;89.220;88.737;89.053,140.202;140.134;140.198;140.101;140.178;140.128;140.177;140.131,accept,True,TP-4
J-250104,IM-12,M-2043,2025-01-20 06:09:06.035017,TC-01,QC-01,21,6.955;7.030;6.995;7.084;7.045;7.052;7.107;7.102;6.970;7.025;6.984,26.145;26.187;26.179;26.167;26.145;26.168;26.141;26.203;26.142;26.170;26.180,accept,True,TP-5
J-250105,IM-11,M-2260,2025-01-23 14:17:09.238890,TC-05,QC-02,22,2.098;2.103;2.110;2.113;2.112;2.111;2.109;2.113;2.100,17.892;17.895;17.923;17.912;17.939;17.893;17.860;17.892;17.863,accept,True,TP-6
J-250106,IM-12,M-2119,2025-01-25 01:42:53.653370,TC-03,QC-03,60,40.771;40.885;41.133;40.916;40.773;40.866;41.225,112.357;112.329;112.338;112.333;112.341;112.341;112.339,accept,True,TP-7
J-250107,IM-11,M-2043,2025-01-30 20:26:15.198805,TC-05,QC-05,89,6.900;6.931;6.919;6.939;6.939;6.978;6.980;6.970;6.930;6.946;6.925;6.990;6.939;6.979;6.987;6.961;6.862;6.976;6.889,26.096;26.148;26.141;26.111;26.106;26.129;26.102;26.149;26.094;26.141;26.145;26.118;26.106;26.131;26.098;26.154;26.088;26.125;26.135,accept,True,TP-8
J-250108,IM-12,M-2041,2025-02-03 06:20:25.319449,TC-01,QC-04,51,6.421;6.462;6.456;6.489;6.434;6.441;6.474;6.428;6.453;6.469;6.450;6.455;6.444;6.427;6.458;6.444;6.428;6.504;6.452,24.621;24.629;24.606;24.630;24.677;24.653;24.605;24.612;24.617;24.623;24.591;24.628;24.675;24.648;24.608;24.609;24.609;24.625;24.615,accept,True,TP-9
J-250109,IM-11,M-2119,2025-02-06 15:47:03.770727,TC-05,QC-02,47,42.306;42.261;42.574;42.353;42.037;42.241;42.499;42.309;41.998;42.194;42.350;42.257;42.074;42.255;42.391;42.453,112.575;112.564;112.538;112.549;112.575;112.551;112.523;112.544;112.558;112.540;112.511;112.546;112.561;112.568;112.524;112.538,accept,True,TP-10
J-250110,IM-12,M-2119,2025-02-10 06:24:36.150903,TC-04,QC-01,36,41.351;41.522;41.561;41.672;41.511;41.702;41.770;41.606;41.424;41.734;41.894;41.764;41.318;41.862,112.444;112.436;112.437;112.449;112.454;112.450;112.420;112.446;112.466;112.472;112.408;112.461;112.458;112.443,accept,True,TP-11
J-250111,IM-11,M-2260,2025-02-17 06:10:48.256497,TC-04,QC-01,36,2.159;2.165;2.171;2.175;2.158;2.165;2.162;2.162;2.158;2.165;2.165;2.173,18.014;18.011;18.042;18.013;18.038;18.019;17.991;18.009;17.973;18.005;18.026;18.038,accept,True,TP-12
J-250112,IM-12,M-2118,2025-02-20 00:40:53.604148,TC-03,QC-03,45,37.904;38.084;38.408;38.183;37.988;38.055,112.358;112.303;112.338;112.365;112.342;112.310,accept,True,TP-13
J-250113,IM-11,M-2041,2025-02-25 08:35:18.208112,TC-01,QC-01,60,6.438;6.498;6.445;6.486;6.433;6.455;6.461;6.444;6.450;6.456;6.435;6.446,24.612;24.636;24.609;24.641;24.677;24.649;24.623;24.613;24.602;24.635;24.607;24.629,accept,True,TP-14
J-250114,IM-12,M-2041,2025-02-27 00:18:00.640554,TC-06,QC-03,34,6.581;6.597;6.568;6.596;6.563;6.566;6.568;6.565;6.544;6.585;6.550;6.558;6.532;6.567;6.556;6.516;6.553,24.687;24.697;24.672;24.696;24.732;24.726;24.683;24.670;24.669;24.679;24.668;24.683;24.729;24.710;24.667;24.680;24.674,accept,True,TP-15
J-250115,IM-11,M-2041,2025-03-03 06:25:13.091956,TC-01,QC-01,63,6.324;6.340;6.328;6.349;6.315;6.345;6.362;6.316;6.320;6.357,24.552;24.577;24.542;24.553;24.613;24.588;24.541;24.547;24.547;24.573,accept,True,TP-16
J-250116,IM-11,M-2118,2025-03-07 10:51:51.124573,TC-01,QC-01,28,38.588;39.016;38.969;38.888;38.791;38.806;38.988;39.158;38.703;38.937,112.476;112.436;112.495;112.506;112.493;112.431;112.490;112.502;112.507;112.448,accept,True,TP-17
J-250117,IM-12,M-2260,2025-03-10 06:06:00.103767,TC-01,QC-04,20,2.118;2.125;2.122;2.130;2.132;2.125;2.132;2.123,17.942;17.934;17.963;17.928;17.960;17.935;17.923;17.938,accept,True,TP-18
J-250118,IM-12,M-2043,2025-03-13 22:56:47.849613,TC-03,QC-03,65,7.122;7.130;7.128;7.158;7.165;7.174;7.200;7.190;7.105;7.147;7.111;7.191;7.168;7.193;7.199;7.193,26.191;26.242;26.256;26.225;26.220;26.225;26.202;26.257;26.200;26.255;26.253;26.230;26.215;26.239;26.208;26.263,accept,True,TP-19
J-250119,IM-11,M-2118,2025-03-17 12:45:12.856657,TC-04,QC-01,74,37.997;38.116;38.130;38.166;37.813;37.925;38.090;38.206;37.755;37.882;38.032;38.170;37.709;38.032;38.232;38.114,112.347;112.305;112.334;112.369;112.358;112.283;112.326;112.346;112.317;112.303;112.311;112.343;112.360;112.293;112.341;112.347,accept,True,TP-20
J-250120,IM-12,M-2260,2025-03-20 18:48:15.772260,TC-05,QC-02,52,2.194;2.195;2.198;2.195;2.193;2.194;2.190;2.193;2.190;2.196;2.191;2.199;2.194;2.202;2.198;2.185;2.188,18.080;18.088;18.107;18.079;18.109;18.074;18.040;18.070;18.035;18.087;18.109;18.102;18.063;18.093;18.136;18.096;18.087,accept,True,TP-22
J-250121,IM-11,M-2041,2025-03-24 06:09:12.403760,TC-01,QC-04,23,6.447;6.469;6.456;6.468;6.455;6.461;6.448;6.436;6.446;6.478,24.624;24.632;24.610;24.638;24.669;24.649;24.613;24.624;24.624;24.632,accept,True,TP-23
J-250122,IM-12,M-2119,2025-03-29 04:49:25.536263,TC-03,QC-03,74,40.622;40.825;41.108;40.685;40.651;40.791;41.172;40.991;40.659;40.829;41.004;40.845;40.688;40.869;41.083;40.998,112.345;112.331;112.307;112.320;112.346;112.337;112.323;112.329;112.352;112.328;112.309;112.340;112.353;112.345;112.301;112.333,accept,True,TP-24
J-250123,IM-11,M-2043,2025-03-31 06:21:40.461169,TC-04,QC-01,50,7.111;7.136;7.129;7.175;7.158;7.142;7.219;7.176;7.115;7.164;7.149;7.169;7.163;7.200,26.206;26.237;26.249;26.213;26.219;26.230;26.201;26.259;26.215;26.250;26.265;26.238;26.218;26.244,accept,True,TP-25
J-250124,IM-11,M-2260,2025-04-04 03:29:14.425166,TC-06,QC-06,25,2.104;2.112;2.113;2.113;2.107;2.103;2.116;2.107;2.106;2.113;2.107;2.114;2.115,17.899;17.918;17.934;17.904;17.924;17.899;17.883;17.920;17.864;17.910;17.958;17.921;17.881,accept,True,TP-26
J-250125,IM-12,M-2301,2025-04-07 06:49:32.126339,TC-04,QC-04,54,87.389;87.269;87.492;87.333;87.871;87.598;87.385;87.674;87.272;87.160;87.429;87.550;87.809;87.840;87.484;87.367;87.773;87.782;87.094,139.945;139.938;139.975;139.894;139.985;139.871;139.982;139.888;139.970;139.917;139.957;139.871;139.963;139.931;139.953;139.885;139.952;139.850;139.950,accept,True,TP-27
J-250126,IM-11,M-2301,2025-04-10 01:01:05.662743,TC-03,QC-06,68,86.846;87.526;87.295;86.994;87.582;87.107;87.124;87.265;87.253;87.324;87.183;87.586;87.628;87.239;87.069;87.509,139.918;139.887;139.946;139.845;139.943;139.799;139.935;139.801;139.920;139.831;139.875;139.793;139.950;139.815;139.950;139.875,accept,True,TP-28
J-250127,IM-12,M-2119,2025-04-14 07:15:47.774238,TC-04,QC-01,33,40.615;40.916;41.042;40.831;40.787;40.876;40.939;40.959;40.686;40.808;40.976;40.873;40.692;41.164,112.336;112.342;112.316;112.318;112.359;112.323;112.330;112.326;112.363;112.347;112.315;112.349;112.360;112.364,accept,True,TP-29
J-250128,IM-11,M-2119,2025-04-19 02:57:13.933626,TC-06,QC-03,31,41.988;42.298;42.511;42.149;41.965;42.245;42.265;42.431;42.177;42.213,112.554;112.544;112.522;112.552;112.553;112.573;112.557;112.525;112.551;112.560,accept,True,TP-30
J-250129,IM-12,M-2119,2025-04-21 06:24:35.534916,TC-04,QC-04,36,41.580;41.650;41.957;41.714;41.210;41.755;41.781;41.773;41.417,112.456;112.469;112.423;112.437;112.482;112.437;112.430;112.446;112.462,accept,True,TP-31
J-250130,IM-11,M-2118,2025-04-28 06:31:01.261555,TC-01,QC-04,49,38.770;38.729;39.185;38.896;38.803;38.890;38.748;38.929;38.661;38.875;38.851;39.005;38.739;38.907;39.053;38.900;38.702;38.794;38.958,112.480;112.409;112.462;112.483;112.456;112.428;112.447;112.459;112.463;112.426;112.468;112.469;112.453;112.432;112.469;112.470;112.453;112.436;112.439,accept,True,TP-32
J-250131,IM-12,M-2260,2025-04-28 20:35:04.176210,TC-05,QC-05,31,2.181;2.195;2.189;2.186;2.193;2.188;2.201;2.186;2.180;2.192;2.189;2.192;2.186;2.207;2.190;2.185;2.178,18.066;18.077;18.110;18.056;18.101;18.069;18.031;18.065;18.023;18.060;18.096;18.095;18.057;18.063;18.117;18.074;18.068,accept,True,TP-33
J-250132,IM-12,M-2301,2025-05-05 06:34:49.607078,TC-01,QC-01,38,88.677;89.173;88.815;88.787;88.526;88.991;88.645;88.611;88.693;89.061;88.807;88.780;88.618;88.763;88.553;88.530;88.652;88.728,140.129;140.060;140.156;140.089;140.168;140.072;140.148;140.047;140.190;140.074;140.207;140.054;140.155;140.047;140.132;140.042;140.127;140.012,accept,True,TP-35
J-250133,IM-11,M-2043,2025-05-05 12:19:27.630700,TC-04,QC-04,47,6.986;6.971;6.975;7.027;7.032;7.031;7.051;7.065;6.964,26.135;26.165;26.178;26.137;26.146;26.155;26.136;26.175;26.129,accept,True,TP-36
J-250134,IM-11,M-2118,2025-05-12 06:17:06.648615,TC-04,QC-04,27,38.649;38.895;39.100;39.119;38.781;38.844;39.064;38.917;38.634;38.909;39.050,112.493;112.444;112.485;112.487;112.490;112.438;112.488;112.516;112.458;112.411;112.433,accept,True,TP-37
J-250135,IM-12,M-2041,2025-05-13 18:11:14.369430,TC-02,QC-02,69,6.315;6.350;6.328;6.352;6.317;6.345;6.341;6.320;6.344;6.337;6.323;6.352;6.300;6.321;6.350;6.323;6.320,24.545;24.563;24.542;24.566;24.606;24.586;24.555;24.542;24.554;24.565;24.540;24.552;24.588;24.583;24.543;24.545;24.546,accept,True,TP-38
J-250136,IM-11,M-2260,2025-05-16 10:23:30.732086,TC-04,QC-01,49,2.122;2.135;2.125;2.124;2.133;2.129;2.123,17.960;17.946;17.958;17.955;17.974;17.944;17.912,accept,True,TP-39
J-250137,IM-12,M-2119,2025-05-21 10:01:12.775616,TC-04,QC-01,40,41.171;41.632;41.658;41.586;41.191;41.582;41.619;41.785;41.382;41.424;41.778;41.581,112.467;112.450;112.437;112.431;112.454;112.464;112.424;112.457;112.462;112.446;112.430;112.435,accept,True,TP-41
J-250138,IM-11,M-2118,2025-05-26 06:14:34.657877,TC-01,QC-01,23,38.452;38.600;38.706;38.966;38.409;38.736,112.420;112.394;112.412;112.437;112.440;112.368,accept,True,TP-42
J-250139,IM-12,M-2043,2025-05-30 18:44:37.545787,TC-05,QC-02,43,7.156;7.176;7.189;7.241;7.183;7.231;7.245,26.237;26.271;26.277;26.239;26.255;26.258;26.238,accept,True,TP-43
J-250140,IM-11,M-2119,2025-06-02 07:04:27.509788,TC-04,QC-01,87,41.309;41.804;41.745;41.641;41.499;41.607;41.582;41.809;41.585;41.715;41.853;41.630;41.425;41.668,112.463;112.481;112.430;112.448;112.464;112.459;112.425;112.429;112.458;112.465;112.447;112.456;112.440;112.443,accept,True,TP-44
J-250141,IM-11,M-2041,2025-06-06 16:23:30.256747,TC-02,QC-02,75,6.448;6.491;6.465;6.487;6.417;6.469;6.465;6.452;6.475;6.484;6.497;6.491;6.445;6.492;6.461;6.448;6.443,24.616;24.636;24.611;24.640;24.677;24.659;24.609;24.618;24.631;24.643;24.624;24.620;24.693;24.666;24.611;24.615;24.626,accept,True,TP-45
J-250142,IM-12,M-2041,2025-06-09 06:25:11.215357,TC-01,QC-04,63,6.458;6.517;6.459;6.473;6.451;6.462;6.476;6.442;6.469;6.503;6.477;6.515;6.465;6.523,24.611;24.632;24.616;24.639;24.667;24.658;24.619;24.617;24.615;24.640;24.606;24.641;24.687;24.674,accept,True,TP-46
J-250143,IM-11,M-2301,2025-06-12 23:02:56.683098,TC-03,QC-03,25,87.189;87.003;87.506;87.173;87.210;87.550;87.549,139.913;139.834;139.956;139.845;139.943;139.846;139.889,accept,True,TP-47
J-250144,IM-12,M-2260,2025-06-13 14:38:27.107191,TC-05,QC-05,47,2.110;2.122;2.122;2.121;2.130;2.125;2.125;2.109;2.115;2.121;2.117;2.129;2.121,17.938;17.935;17.945;17.924;17.958;17.928;17.880;17.925;17.894;17.926;17.948;17.946;17.912,accept,True,TP-48
J-250145,IM-11,M-2043,2025-06-20 08:27:27.634497,TC-01,QC-04,51,7.009;7.005;7.019;7.057;7.037;7.093,26.144;26.173;26.187;26.156;26.156;26.172,accept,True,TP-49
J-250146,IM-12,M-2043,2025-06-23 06:18:37.341213,TC-01,QC-04,43,7.011;7.043;7.029;7.059;7.015;7.062;7.117;7.075;6.989,26.158;26.191;26.190;26.168;26.159;26.185;26.150;26.201;26.141,accept,True,TP-50
J-250147,IM-12,M-2041,2025-06-30 06:20:00.684230,TC-01,QC-04,50,6.332;6.362;6.313;6.351;6.288;6.350;6.361;6.332,24.542;24.566;24.535;24.553;24.596;24.563;24.540;24.535,accept,True,TP-51
J-250148,IM-11,M-2041,2025-06-30 07:49:45.957444,TC-01,QC-01,69,6.343;6.353;6.332;6.368;6.332;6.337;6.346;6.305;6.339;6.364;6.325;6.339;6.329;6.336;6.325,24.564;24.557;24.524;24.566;24.604;24.585;24.545;24.539;24.535;24.553;24.539;24.553;24.594;24.578;24.535,accept,True,TP-52
J-250149,IM-12,M-2043,2025-07-07 06:35:59.263099,TC-04,QC-04,83,7.100;7.161;7.145;7.201;7.152;7.202;7.193;7.232;7.144;7.160;7.118;7.166;7.156;7.189;7.191;7.217,26.197;26.230;26.249;26.210;26.216;26.232;26.205;26.256;26.190;26.233;26.240;26.212;26.219;26.225;26.201;26.248,accept,True,TP-53
J-250150,IM-11,M-2301,2025-07-11 02:56:25.797026,TC-06,QC-03,42,89.489;89.757;89.714;89.908;89.576;89.673;89.250;89.471;89.265;89.888;89.343;89.704;89.542;89.804,140.210;140.104;140.268;140.149;140.202;140.152;140.201;140.105;140.232;140.119;140.264;140.117;140.253;140.147,accept,True,TP-55
J-250151,IM-12,M-2043,2025-07-16 12:37:46.352283,TC-01,QC-04,41,7.108;7.157;7.116;7.168;7.151;7.178;7.203;7.182;7.086;7.128;7.150;7.195;7.174;7.155;7.181;7.200;7.112;7.122;7.116,26.195;26.226;26.248;26.209;26.217;26.223;26.197;26.250;26.191;26.234;26.255;26.206;26.210;26.229;26.198;26.244;26.194;26.229;26.225,accept,True,TP-56
J-250152,IM-11,M-2041,2025-07-18 06:32:21.265589,TC-06,QC-01,79,6.305;6.346;6.301;6.324;6.277;6.311;6.306;6.266;6.304,24.525;24.540;24.515;24.538;24.565;24.565;24.517;24.527;24.523,accept,True,TP-57
J-250153,IM-12,M-2041,2025-07-21 16:21:15.805484,TC-02,QC-02,44,6.286;6.352;6.320;6.327;6.328;6.309;6.320;6.293;6.314;6.334,24.538;24.537;24.521;24.539;24.596;24.570;24.533;24.530;24.535;24.546,accept,True,TP-58
J-250154,IM-12,M-2043,2025-07-25 00:33:59.438696,TC-06,QC-06,21,6.900;6.959;6.952;6.965;6.980;6.994;7.007;7.033;6.932;6.954;6.907;6.983;6.952,26.099;26.139;26.145;26.114;26.122;26.136;26.107;26.150;26.096;26.122;26.147;26.113;26.113,accept,True,TP-59
J-250155,IM-11,M-2043,2025-07-28 06:10:24.118988,TC-04,QC-01,24,6.975;7.018;7.023;7.041;7.030;7.051;7.044;7.076,26.125;26.155;26.155;26.144;26.155;26.147;26.130;26.183,accept,True,TP-60
J-250156,IM-12,M-2043,2025-08-04 06:35:58.745337,TC-01,QC-01,83,7.102;7.091;7.140;7.197;7.143;7.175;7.203;7.193;7.123;7.136;7.127;7.161;7.153;7.165;7.206;7.210;7.058;7.117;7.094,26.186;26.230;26.237;26.209;26.213;26.216;26.191;26.244;26.180;26.213;26.241;26.200;26.192;26.220;26.198;26.246;26.182;26.216;26.222,accept,True,TP-61
J-250157,IM-11,M-2119,2025-08-07 06:44:19.941598,TC-03,QC-01,52,41.481;41.564;41.615;41.422;41.530;41.629;41.864;41.625;41.481;41.536;41.997;41.620;41.263;41.735;41.736;41.483;41.424;41.767,112.437;112.428;112.417;112.430;112.466;112.480;112.447;112.458;112.447;112.456;112.436;112.462;112.454;112.422;112.411;112.409;112.445;112.443,accept,True,TP-62
J-250158,IM-12,M-2041,2025-08-13 23:37:06.596964,TC-06,QC-06,69,6.292;6.298;6.296;6.326;6.272;6.300;6.309;6.256;6.269;6.284,24.519;24.546;24.516;24.542;24.582;24.558;24.525;24.523;24.519;24.530,accept,True,TP-63
J-250159,IM-11,M-2041,2025-08-14 10:28:17.782883,TC-01,QC-04,28,6.301;6.345;6.330;6.351;6.325;6.335;6.353;6.303;6.341;6.340;6.334;6.374,24.527;24.545;24.530;24.550;24.597;24.568;24.523;24.518;24.536;24.547;24.532;24.547,accept,True,TP-64
J-250160,IM-11,M-2118,2025-08-21 18:49:17.102337,TC-02,QC-05,26,37.906;38.071;38.222;38.154;38.035;38.098;37.926;38.207;38.019;38.069;38.304;38.073;37.846;38.261;38.260;38.110;37.921;38.052,112.318;112.280;112.321;112.319;112.305;112.272;112.311;112.317;112.333;112.279;112.311;112.348;112.315;112.284;112.327;112.374;112.303;112.279,accept,True,TP-65
J-250161,IM-12,M-2118,2025-08-22 23:27:41.823518,TC-06,QC-06,63,37.557;37.778;37.580;37.687;37.520;37.646;37.786;37.806;37.421;37.582;37.611;37.763,112.262;112.204;112.256;112.255;112.256;112.209;112.246;112.269;112.295;112.229;112.231;112.283,accept,True,TP-66
J-250162,IM-11,M-2260,2025-08-29 09:11:24.649935,TC-04,QC-01,55,2.121;2.130;2.144;2.138;2.137;2.128;2.131;2.131;2.132;2.124;2.130;2.135;2.121;2.148,17.944;17.940;17.966;17.934;17.970;17.919;17.915;17.938;17.902;17.965;17.971;17.957;17.926;17.936,accept,True,TP-67
J-250163,IM-12,M-2260,2025-09-01 06:23:31.268965,TC-04,QC-04,30,2.163;2.172;2.180;2.173;2.179;2.178;2.186;2.174;2.170;2.171,18.022;18.030;18.053;18.035;18.070;18.021;17.994;18.035;17.993;18.049,accept,True,TP-68
J-250164,IM-11,M-2041,2025-09-04 00:54:57.530979,TC-03,QC-06,47,6.452;6.478;6.482;6.493;6.442;6.464;6.486;6.447;6.482;6.515;6.464;6.478;6.431;6.472;6.481;6.455;6.449;6.492;6.471,24.612;24.631;24.623;24.627;24.668;24.656;24.623;24.610;24.627;24.632;24.599;24.628;24.689;24.650;24.621;24.610;24.623;24.631;24.600,accept,True,TP-69
J-250165,IM-12,M-2119,2025-09-11 10:23:29.474167,TC-01,QC-01,73,41.378;41.627;41.822;41.712;41.312;41.712;41.577;41.551;41.242;41.695;42.119;41.576;41.438,112.492;112.479;112.435;112.449;112.440;112.440;112.435;112.449;112.474;112.470;112.432;112.468;112.500,accept,True,TP-70
J-250166,IM-11,M-2119,2025-09-12 00:26:15.274859,TC-03,QC-03,67,40.536;40.868;41.021;40.944;40.827;40.939;41.164,112.332;112.337;112.326;112.318;112.325;112.349;112.335,accept,True,TP-71
J-250167,IM-12,M-2118,2025-09-17 11:58:38.734705,TC-04,QC-04,33,37.931;37.999;38.118;38.396;38.069;38.302;38.111;38.333;37.928;37.920,112.348;112.323;112.333;112.379;112.351;112.333;112.342;112.397;112.329;112.301,accept,True,TP-72
J-250168,IM-11,M-2301,2025-09-19 18:20:40.371812,TC-05,QC-05,27,89.945;90.321;90.065;90.329;90.601;90.516;90.667;90.446;89.955;90.065;90.141;90.031;89.638;90.006;90.164;90.119;90.089,140.390;140.293;140.397;140.319;140.413;140.341;140.370;140.259;140.384;140.303;140.310;140.292;140.369;140.251;140.344;140.300;140.404,accept,True,TP-73
J-250169,IM-12,M-2043,2025-09-25 12:16:34.246951,TC-01,QC-01,42,7.006;7.036;7.009;7.066;7.036;7.076;7.101;7.054;6.977;7.028;7.018;7.070;7.052;7.046;7.060;7.063;6.970,26.143;26.178;26.204;26.165;26.159;26.178;26.145;26.202;26.132;26.184;26.186;26.160;26.154;26.187;26.147;26.193;26.138,accept,True,TP-74
J-250170,IM-11,M-2119,2025-09-29 06:39:40.763164,TC-01,QC-01,39,40.731;41.010;41.046;41.032;40.791;40.882;40.974;40.979;40.581;40.898;41.044;40.807;40.547;40.791,112.325;112.332;112.344;112.313;112.335;112.336;112.294;112.316;112.347;112.323;112.290;112.315;112.340;112.324,accept,True,TP-75
J-250171,IM-11,M-2260,2025-10-06 06:23:23.055479,TC-04,QC-04,78,2.129;2.137;2.141;2.132;2.145;2.142;2.145;2.135;2.133;2.125;2.135;2.133;2.130,17.945;17.944;17.962;17.951;17.982;17.949;17.922;17.960;17.909;17.954;17.969;17.958;17.942,accept,True,TP-76
J-250172,IM-12,M-2301,2025-10-06 07:04:11.404661,TC-01,QC-01,70,89.094;89.106;88.720;89.152;89.056;89.186,140.192;140.117;140.188;140.108;140.199;140.037,accept,True,TP-77
J-250173,IM-12,M-2260,2025-10-09 18:04:05.673083,TC-02,QC-02,49,2.161;2.170;2.168;2.168;2.169;2.168;2.174;2.176;2.159;2.179;2.165;2.178;2.164;2.189;2.174;2.166;2.171;2.173,18.032;18.035;18.056;18.038;18.071;18.015;17.992;18.026;17.999;18.044;18.059;18.054;18.019;18.042;18.067;18.050;18.024;18.027,accept,True,TP-78
J-250174,IM-11,M-2301,2025-10-14 19:19:26.038021,TC-05,QC-02,55,89.929;90.497;90.362;89.835;90.068;90.035;89.928;90.264;89.605;90.305;89.882,140.393;140.302;140.372;140.321;140.317;140.259;140.387;140.340;140.335;140.246;140.313,accept,True,TP-79
J-250175,IM-11,M-2260,2025-10-20 06:21:36.134664,TC-01,QC-01,72,2.167;2.174;2.171;2.177;2.181;2.178;2.176;2.173;2.165;2.168;2.159;2.172;2.149;2.189;2.160;2.164,18.023;18.040;18.048;18.025;18.059;18.028;17.988;18.023;17.987;18.033;18.053;18.047;17.992;18.031;18.089;18.038,accept,True,TP-80
J-250176,IM-12,M-2301,2025-10-20 06:32:59.527703,TC-04,QC-04,36,89.187;89.380;88.819;88.943;89.160;89.169;88.865;88.932;89.180;89.036;88.836;89.493,140.213;140.143;140.163;140.122;140.227;140.134;140.227;140.087;140.229;140.140;140.240;140.117,accept,True,TP-81
J-250177,IM-11,M-2119,2025-10-24 13:15:16.140884,TC-01,QC-04,31,40.715;40.775;41.022;40.808;40.586;40.721;40.959;40.800;40.826,112.341;112.311;112.297;112.337;112.329;112.325;112.315;112.326;112.369,accept,True,TP-82
J-250178,IM-11,M-2260,2025-10-30 23:32:10.313256,TC-06,QC-03,60,2.114;2.126;2.131;2.118;2.135;2.127;2.122;2.127;2.123;2.125;2.113;2.129;2.119;2.136;2.123,17.926;17.944;17.972;17.937;17.969;17.928;17.901;17.921;17.899;17.938;17.951;17.958;17.921;17.938;17.969,accept,True,TP-83
J-250179,IM-12,M-2119,2025-10-31 02:57:39.370911,TC-03,QC-03,40,40.860;40.902;41.219;40.899;40.702;40.915;41.115,112.334;112.339;112.303;112.339;112.330;112.345;112.311,accept,True,TP-84
J-250180,IM-12,M-2041,2025-11-08 03:04:05.479779,TC-03,QC-03,45,6.339;6.362;6.335;6.375;6.308;6.344,24.562;24.569;24.551;24.568;24.605;24.593,accept,True,TP-85
J-250181,IM-11,M-2041,2025-11-10 06:15:35.592861,TC-01,QC-01,39,6.314;6.347;6.313;6.350;6.327;6.318;6.332;6.322;6.333;6.357;6.316;6.354,24.548;24.555;24.535;24.554;24.603;24.578;24.533;24.532;24.551;24.569;24.547;24.564,accept,True,TP-86
J-250182,IM-11,M-2043,2025-11-14 14:43:36.001248,TC-02,QC-05,25,7.098;7.160;7.131;7.194;7.180;7.176;7.165;7.194;7.123;7.151;7.131;7.160;7.134;7.192,26.194;26.245;26.248;26.211;26.207;26.228;26.202;26.254;26.210;26.245;26.257;26.225;26.221;26.234,accept,True,TP-87
J-250183,IM-12,M-2260,2025-11-17 23:03:43.595370,TC-03,QC-03,72,2.158;2.170;2.173;2.171;2.172;2.179;2.172;2.182;2.163;2.172;2.164;2.173;2.162;2.192;2.176;2.177;2.164;2.173;2.174,18.052;18.051;18.060;18.038;18.060;18.036;18.021;18.037;17.990;18.033;18.074;18.074;18.001;18.046;18.073;18.047;18.039;18.058;18.068,accept,True,TP-88
J-250184,IM-11,M-2119,2025-11-24 07:07:47.014932,TC-01,QC-04,44,40.514;40.727;41.129;40.700;40.594;40.771;40.965;40.764;40.581;40.696;40.995;40.692;40.663,112.323;112.316;112.301;112.318;112.326;112.328;112.299;112.315;112.304;112.319;112.279;112.321;112.325,accept,True,TP-89
J-250185,IM-12,M-2043,2025-11-24 06:15:36.134142,TC-01,QC-01,36,6.977;7.002;6.999;7.031;7.023;7.028;7.059;7.040;6.997;7.000;6.980;7.037;7.019;7.040;7.045;7.064;6.993;7.003,26.132;26.173;26.177;26.147;26.145;26.162;26.131;26.187;26.137;26.173;26.182;26.140;26.148;26.153;26.135;26.193;26.126;26.167,accept,True,TP-90
J-250186,IM-11,M-2301,2025-11-28 22:14:45.064961,TC-05,QC-03,75,86.328;86.509;86.768;87.114;86.546;86.838;86.636;86.717;86.764;87.007;86.621,139.899;139.788;139.887;139.766;139.922;139.779;139.861;139.779;139.960;139.812;139.917,accept,True,TP-91
J-250187,IM-12,M-2119,2025-12-01 06:54:40.236866,TC-04,QC-04,80,41.285;41.772;41.921;41.721;41.728;41.634;41.849;41.762;41.565;41.573;42.069,112.458;112.469;112.424;112.456;112.468;112.453;112.457;112.482;112.488;112.476;112.462,accept,True,TP-92
J-250188,IM-11,M-2118,2025-12-08 06:27:51.562869,TC-01,QC-04,44,37.923;38.101;38.214;38.185;37.943;38.237;38.296;38.175;37.888;38.121;38.205;38.393;37.958;38.027;38.271;38.081;37.840;38.224;38.290,112.345;112.308;112.354;112.390;112.367;112.311;112.351;112.367;112.367;112.343;112.351;112.380;112.336;112.325;112.353;112.367;112.349;112.312;112.339,accept,True,TP-93
J-250189,IM-12,M-2260,2025-12-08 06:06:54.750493,TC-01,QC-04,23,2.165;2.175;2.182;2.180;2.168;2.170;2.171;2.174;2.177;2.184;2.176;2.185;2.167,18.037;18.041;18.075;18.028;18.064;18.036;18.012;18.027;17.998;18.043;18.068;18.050;18.032,accept,True,TP-94
J-250190,IM-12,M-2301,2025-12-15 06:54:06.249458,TC-01,QC-04,59,88.184;88.671;88.467;88.904;88.792;88.377;88.361;88.723;88.517,140.139;140.073;140.156;140.063;140.122;140.113;140.139;140.051;140.152,accept,True,TP-95
J-250191,IM-11,M-2260,2025-12-15 14:48:22.451127,TC-05,QC-05,64,2.167;2.187;2.177;2.178;2.177;2.180;2.182;2.180;2.171;2.181;2.177;2.188;2.175,18.042;18.062;18.067;18.041;18.095;18.055;18.005;18.024;18.010;18.048;18.070;18.071;18.025,accept,True,TP-96
J-250192,IM-12,M-2119,2025-12-19 15:59:33.712906,TC-05,QC-05,54,40.522;40.774;40.931;40.919;40.601;40.692;40.890;40.858;40.521;40.880;40.945;40.755;40.730;40.788;40.897;40.779;40.621;40.950;41.000,112.315;112.323;112.313;112.343;112.328;112.326;112.296;112.321;112.323;112.325;112.297;112.327;112.369;112.340;112.318;112.343;112.344;112.332;112.331,accept,True,TP-97
J-250193,IM-11,M-2301,2025-12-22 07:16:11.747525,TC-01,QC-04,76,86.711;87.088;87.331;87.520;86.919;86.963;87.156;87.565;87.110;87.588,139.921;139.819;139.910;139.808;139.911;139.909;139.956;139.833;140.001;139.874,accept,True,TP-99
J-250194,IM-11,M-2041,2025-12-29 06:12:47.895932,TC-01,QC-04,32,6.481;6.513;6.475;6.524;6.453;6.507;6.499;6.452;6.483;6.500;6.481;6.491;6.474;6.484;6.461;6.472;6.473,24.636;24.646;24.631;24.648;24.687;24.662;24.624;24.624;24.642;24.645;24.630;24.656;24.699;24.672;24.628;24.618;24.616,accept,True,TP-100
J-250195,IM-12,M-2260,2025-12-30 11:43:42.267425,TC-04,QC-04,88,2.115;2.121;2.129;2.129;2.129;2.124;2.130;2.118;2.115;2.122;2.122;2.130;2.117;2.140;2.119;2.109;2.115;2.137,17.942;17.934;17.964;17.962;17.979;17.923;17.901;17.942;17.893;17.953;17.955;17.957;17.925;17.934;17.991;17.955;17.962;17.949,accept,True,TP-101
J-250196,IM-11,M-2301,2026-01-05 06:52:17.125811,TC-04,QC-04,57,87.396;87.650;87.045;87.239;87.404;87.609;87.380;87.923;87.306;87.115;87.234;87.550,139.940;139.854;139.978;139.844;140.013;139.858;139.989;139.865;139.954;139.855;139.919;139.880,accept,True,TP-102
J-250197,IM-12,M-2041,2026-01-10 02:55:52.187911,TC-06,QC-06,60,6.364;6.375;6.354;6.361;6.313;6.322;6.379;6.315;6.339;6.388;6.336;6.367;6.339;6.349;6.388;6.317;6.335;6.373;6.345,24.548;24.563;24.536;24.563;24.608;24.596;24.545;24.550;24.550;24.565;24.548;24.564;24.625;24.592;24.547;24.547;24.555;24.573;24.545,accept,True,TP-103
J-250198,IM-11,M-2119,2026-01-12 06:14:21.912825,TC-01,QC-01,21,41.556;41.594;41.787;41.663;41.320;41.721;41.699;41.662;41.367,112.462;112.453;112.436;112.448;112.465;112.454;112.430;112.441;112.437,accept,True,TP-104
J-250199,IM-12,M-2043,2026-01-19 06:26:51.826398,TC-01,QC-01,62,7.093;7.114;7.105;7.174;7.157;7.146;7.180;7.170;7.089;7.128;7.098;7.142;7.146;7.183,26.197;26.225;26.226;26.206;26.200;26.226;26.195;26.232;26.180;26.242;26.246;26.199;26.192;26.220,accept,True,TP-105
J-250200,IM-11,M-2301,2026-01-19 14:16:35.253134,TC-04,QC-05,50,88.984;88.906;89.174;89.112;89.245;88.886;88.849;89.621;89.306,140.202;140.120;140.294;140.173;140.198;140.102;140.240;140.116;140.222,accept,True,TP-106
J-250201,IM-12,M-2118,2026-01-24 05:14:50.004165,TC-06,QC-03,49,38.960;39.072;39.011;39.131;38.727;39.115;39.125;39.042;38.739;38.812;39.148;38.927;38.822;38.883,112.509;112.467;112.480;112.519;112.493;112.449;112.466;112.516;112.481;112.429;112.459;112.502;112.475;112.467,accept,True,TP-107
J-250202,IM-11,M-2041,2026-01-26 06:09:59.770351,TC-04,QC-04,25,6.314;6.355;6.351;6.362;6.323;6.336;6.338;6.323;6.336;6.372;6.335;6.363;6.322;6.318;6.354;6.343;6.343;6.343;6.335,24.541;24.567;24.553;24.558;24.617;24.594;24.540;24.538;24.548;24.569;24.541;24.566;24.607;24.581;24.545;24.543;24.549;24.570;24.538,accept,True,TP-109
J-250203,IM-11,M-2301,2026-01-29 14:07:03.304521,TC-04,QC-05,85,87.639;87.387;87.462;87.480;87.254;87.264;87.454;87.263;87.726;87.621;87.138;87.394;87.378;87.410;87.328;87.841;87.322,139.935;139.855;139.929;139.860;139.935;139.859;139.926;139.820;139.978;139.850;139.911;139.802;139.952;139.846;139.969;139.876;139.941,accept,True,TP-110
J-250204,IM-12,M-2301,2026-02-02 06:21:03.567042,TC-04,QC-01,23,88.752;89.496;89.374;89.292;88.991;89.302;88.980;88.801;88.898;88.616;89.296;89.020;88.868;89.180,140.224;140.164;140.229;140.135;140.235;140.147;140.205;140.114;140.237;140.119;140.191;140.108;140.237;140.110,accept,True,TP-111
J-250205,IM-11,M-2118,2026-02-06 15:37:40.520490,TC-05,QC-02,70,39.340;39.445;39.588;39.426;39.207;39.396;39.364;39.371,112.566;112.558;112.552;112.590;112.558;112.508;112.556;112.586,accept,True,TP-112
J-250206,IM-12,M-2041,2026-02-09 06:24:24.204341,TC-04,QC-04,61,6.317;6.364;6.354;6.359;6.311;6.356;6.356;6.318;6.339;6.332;6.327;6.349,24.558;24.572;24.535;24.561;24.615;24.586;24.542;24.553;24.543;24.574;24.532;24.557,accept,True,TP-113
J-250207,IM-12,M-2043,2026-02-13 15:49:45.098596,TC-05,QC-05,39,7.123;7.170;7.122;7.191;7.187;7.219,26.204;26.241;26.246;26.216;26.210;26.236,accept,True,TP-114
J-250208,IM-11,M-2119,2026-02-16 06:31:25.575526,TC-04,QC-01,46,41.288;41.535;41.794;41.732;41.338;41.751;41.864;41.784;41.524;41.622;41.798;41.794;41.499;41.631;41.789;41.519;41.387,112.455;112.453;112.422;112.448;112.458;112.449;112.441;112.438;112.444;112.441;112.409;112.436;112.433;112.443;112.436;112.430;112.431,accept,True,TP-115
J-250209,IM-11,M-2043,2026-02-23 06:26:52.131247,TC-04,QC-01,62,7.123;7.172;7.118;7.169;7.138;7.165;7.224;7.207;7.096;7.147;7.129;7.189;7.133;7.174,26.209;26.252;26.256;26.218;26.217;26.234;26.204;26.267;26.198;26.239;26.249;26.222;26.215;26.228,accept,True,TP-116
J-250210,IM-12,M-2118,2026-02-23 06:19:40.325880,TC-01,QC-01,31,38.587;38.857;38.941;38.941;38.663;38.811,112.499;112.460;112.477;112.514;112.485;112.443,accept,True,TP-118
J-250211,IM-11,M-2041,2026-03-02 06:15:59.333652,TC-01,QC-04,40,6.315;6.377;6.351;6.376;6.315;6.348;6.344;6.358;6.338;6.401;6.351;6.373;6.313;6.332;6.358;6.357,24.545;24.565;24.533;24.560;24.597;24.591;24.530;24.551;24.540;24.562;24.554;24.575;24.609;24.590;24.558;24.544,accept,True,TP-119
J-250212,IM-12,M-2301,2026-03-02 06:33:00.159625,TC-01,QC-01,36,87.163;87.107;87.559;87.692;87.424;87.657;87.112;87.058;86.960;87.494;86.964,139.960;139.859;139.955;139.864;139.925;139.860;139.975;139.846;139.969;139.859;139.940,accept,True,TP-120
J-250213,IM-11,M-2260,2026-03-06 05:29:01.473780,TC-06,QC-03,68,2.176;2.173;2.171;2.180;2.174;2.184;2.184;2.178,18.036;18.039;18.069;18.031;18.080;18.029;18.006;18.024,accept,True,TP-121
J-250214,IM-12,M-2043,2026-03-11 03:08:48.088749,TC-03,QC-06,89,6.987;6.987;7.004;7.043;6.999;7.068;7.061;7.063;6.959;7.047;6.998;7.024;7.003;7.061,26.147;26.173;26.184;26.146;26.135;26.154;26.140;26.203;26.137;26.168;26.189;26.158;26.159;26.151,accept,True,TP-122
J-250215,IM-11,M-2041,2026-03-16 06:24:22.795963,TC-04,QC-04,61,6.328;6.335;6.316;6.346;6.310;6.342;6.316;6.318;6.330;6.340;6.296;6.336,24.547;24.559;24.536;24.555;24.612;24.563;24.543;24.526;24.526;24.552;24.540;24.554,accept,True,TP-123
J-250216,IM-12,M-2041,2026-03-16 06:29:13.728870,TC-01,QC-01,73,6.353;6.384;6.351;6.376;6.342;6.374;6.357;6.359;6.334;6.380;6.353;6.392;6.326;6.351;6.364;6.344;6.344;6.365,24.551;24.588;24.563;24.589;24.627;24.605;24.557;24.560;24.562;24.581;24.569;24.572;24.625;24.601;24.559;24.558;24.570;24.581,accept,True,TP-124
J-250217,IM-12,M-2043,2026-03-21 01:39:04.326217,TC-06,QC-03,38,6.933;6.981;6.984;7.016;6.990;7.049;7.025;7.017;6.969;7.005;6.988,26.121;26.155;26.170;26.136;26.155;26.136;26.118;26.178;26.120;26.161;26.185,accept,True,TP-125
