inspection_id,work_order_id,inspection_date,inspector_id,quantity_inspected,quantity_passed,quantity_failed,defect_code_clean,disposition,defect_code_raw
IN-60001,WO-60000,2025-01-11 10:01:00,QC-01,19569,18798,771,warp,Scrap,warp
IN-60002,WO-60001,2025-01-16 11:40:00,QC-04,12057,11731,326,black_specks,Scrap,black_specks
IN-60003,WO-60002,2025-01-18 17:31:00,QC-04,30256,30043,213,splay,Scrap,Splay/Moisture
IN-60004,WO-60003,2025-01-22 06:56:00,QC-05,12179,12100,79,short_shot,Scrap,Short shot
IN-60005,WO-60004,2025-01-23 16:55:00,QC-04,33461,32988,473,flash,Scrap,Flash
IN-60006,WO-60005,2025-02-01 00:42:00,QC-01,18929,18683,246,sink,Scrap,sink
IN-60007,WO-60006,2025-02-04 12:26:00,QC-02,29481,29427,54,black_specks,Scrap,black_specks
IN-60008,WO-60007,2025-02-06 12:10:00,QC-02,35082,34427,655,dimensional,Scrap,out of tol
IN-60009,WO-60008,2025-02-09 23:56:00,QC-06,22520,22127,393,dimensional,Scrap,dimensional
IN-60010,WO-60009,2025-02-18 00:17:00,QC-01,45428,44577,851,flash,Scrap,Flash
IN-60011,WO-60010,2025-02-19 03:46:00,QC-03,15754,15447,307,contamination,Scrap,Contamination
IN-60012,WO-60011,2025-02-27 07:01:00,QC-03,48178,47353,825,black_specks,Scrap,Black Specks
IN-60013,WO-60012,2025-03-04 22:30:00,QC-01,26783,26103,680,contamination,Scrap,contamination
IN-60014,WO-60013,2025-03-17 07:48:00,QC-03,28922,28691,231,short_shot,Scrap,short_shot
IN-60015,WO-60014,2025-03-23 18:00:00,QC-03,13720,13558,162,contamination,Scrap,contamination
IN-60016,WO-60015,2025-03-29 02:57:00,QC-03,46554,44127,2427,black_specks,Scrap,black_specks
IN-60017,WO-60016,2025-03-31 10:28:00,QC-06,4440,4346,94,short_shot,Scrap,short_shot
IN-60018,WO-60017,2025-04-03 20:17:00,QC-01,42442,40643,1799,flash,Scrap,flashing
IN-60019,WO-60018,2025-04-03 02:04:00,QC-03,17556,17386,170,black_specks,Scrap,black_specks
IN-60020,WO-60019,2025-04-06 23:24:00,QC-04,10336,10252,84,flash,Scrap,flash
IN-60021,WO-60020,2025-04-09 12:55:00,QC-06,16378,16125,253,other,Scrap,See Notes
IN-60022,WO-60021,2025-04-15 00:45:00,QC-01,56561,56299,262,short_shot,Scrap,short_shot
IN-60023,WO-60022,2025-04-14 13:03:00,QC-05,37547,37164,383,other,Scrap,misc
IN-60024,WO-60023,2025-04-16 16:34:00,QC-05,33624,33180,444,splay,Scrap,splay
IN-60025,WO-60024,2025-04-25 09:59:00,QC-04,29774,29571,203,contamination,Scrap,Contamination
IN-60026,WO-60025,2025-04-26 22:15:00,QC-03,55800,54431,1369,contamination,Scrap,Contamination
IN-60027,WO-60026,2025-04-28 08:47:00,QC-02,39019,38515,504,contamination,Scrap,contamination
IN-60028,WO-60027,2025-05-03 08:50:00,QC-03,31357,29979,1378,sink,Scrap,SINK
IN-60029,WO-60028,2025-05-06 05:00:00,QC-04,58048,57627,421,black_specks,Scrap,black_specks
IN-60030,WO-60029,2025-05-07 10:34:00,QC-05,15164,14806,358,contamination,Scrap,Contamination
IN-60031,WO-60030,2025-05-13 01:11:00,QC-01,12668,12600,68,dimensional,Scrap,Dim
IN-60032,WO-60031,2025-05-16 02:20:00,QC-04,3477,3435,42,sink,Scrap,sink marks
IN-60033,WO-60032,2025-06-02 15:00:00,QC-05,41667,38591,3076,splay,Scrap,splay
IN-60034,WO-60033,2025-06-03 23:45:00,QC-02,12384,11746,638,other,Scrap,other
IN-60035,WO-60034,2025-06-12 07:10:00,QC-03,12821,12667,154,dimensional,Scrap,dimensional
IN-60036,WO-60035,2025-06-16 21:45:00,QC-02,24714,23307,1407,sink,Scrap,sink
IN-60037,WO-60036,2025-06-17 13:12:00,QC-03,28391,27864,527,short_shot,Scrap,short_shot
IN-60038,WO-60037,2025-06-21 20:56:00,QC-02,15157,15040,117,dimensional,Scrap,dimensional
IN-60039,WO-60038,2025-06-26 12:09:00,QC-02,24511,23766,745,splay,Scrap,splay
IN-60040,WO-60039,2025-06-29 05:36:00,QC-03,58448,57788,660,black_specks,Scrap,BLACK SPECKS
IN-60041,WO-60040,2025-06-30 18:16:00,QC-06,7887,7767,120,sink,Scrap,Sink
IN-60042,WO-60041,2025-06-29 23:35:00,QC-03,25565,24912,653,splay,Scrap,splay
IN-60043,WO-60042,2025-07-01 07:08:00,QC-05,9744,9718,26,warp,Scrap,warp
IN-60044,WO-60043,2025-07-04 01:40:00,QC-06,50675,48730,1945,splay,Scrap,splay
IN-60045,WO-60044,2025-07-16 01:24:00,QC-06,58618,58216,402,splay,Scrap,splay
IN-60046,WO-60045,2025-07-20 08:02:00,QC-04,51440,49168,2272,short_shot,Scrap,short_shot
IN-60047,WO-60046,2025-07-21 16:33:00,QC-03,16182,15463,719,black_specks,Scrap,black_specks
IN-60048,WO-60047,2025-07-23 11:01:00,QC-06,11525,11282,243,dimensional,Scrap,Dim
IN-60049,WO-60048,2025-07-28 04:52:00,QC-04,2442,2437,5,warp,Scrap,warp
IN-60050,WO-60049,2025-07-29 23:52:00,QC-01,44768,43683,1085,contamination,Scrap,CONTAM
IN-60051,WO-60050,2025-07-31 05:46:00,QC-01,31446,31166,280,contamination,Scrap,contamination
IN-60052,WO-60051,2025-08-14 11:56:00,QC-02,15215,15138,77,sink,Scrap,sink marks
IN-60053,WO-60052,2025-08-28 09:39:00,QC-03,5243,5176,67,short_shot,Scrap,short_shot
IN-60054,WO-60053,2025-08-27 18:25:00,QC-03,42878,42369,509,warp,Scrap,WARP
IN-60055,WO-60054,2025-08-29 00:35:00,QC-03,6609,6552,57,dimensional,Scrap,dimensional
IN-60056,WO-60055,2025-09-04 07:14:00,QC-02,4289,4204,85,splay,Scrap,silver streaks
IN-60057,WO-60056,2025-09-06 16:20:00,QC-05,55690,54346,1344,dimensional,Scrap,OOT
IN-60058,WO-60057,2025-09-05 17:42:00,QC-01,40682,40041,641,contamination,Scrap,Contam
IN-60059,WO-60058,2025-09-09 09:25:00,QC-05,38700,37797,903,short_shot,Scrap,short_shot
IN-60060,WO-60059,2025-09-12 23:45:00,QC-02,4441,4118,323,short_shot,Scrap,short_shot
IN-60061,WO-60060,2025-09-17 23:52:00,QC-05,31934,31587,347,dimensional,Scrap,dimensional
IN-60062,WO-60061,2025-09-15 11:21:00,QC-05,54085,52713,1372,short_shot,Scrap,Short shot
IN-60063,WO-60062,2025-09-26 16:31:00,QC-02,12577,12344,233,black_specks,Scrap,black_specks
IN-60064,WO-60063,2025-09-25 13:35:00,QC-05,52022,51141,881,short_shot,Scrap,short_shot
IN-60065,WO-60064,2025-10-04 18:05:00,QC-05,5446,5412,34,warp,Scrap,Warped
IN-60066,WO-60065,2025-10-05 07:24:00,QC-03,24978,24417,561,black_specks,Scrap,Black Specks
IN-60067,WO-60066,2025-10-10 01:13:00,QC-01,32624,32474,150,contamination,Scrap,contamination
IN-60068,WO-60067,2025-10-24 13:03:00,QC-02,33927,33621,306,splay,Scrap,silver streaks
IN-60069,WO-60068,2025-10-29 07:59:00,QC-04,26608,26469,139,flash,Scrap,FLASH
IN-60070,WO-60069,2025-10-28 04:22:00,QC-02,32576,31397,1179,flash,Scrap,flash
IN-60071,WO-60070,2025-11-02 06:17:00,QC-02,42940,40458,2482,warp,Scrap,WARP
IN-60072,WO-60071,2025-11-03 06:22:00,QC-05,21377,20093,1284,warp,Scrap,warp
IN-60073,WO-60072,2025-11-02 15:09:00,QC-05,52406,51951,455,short_shot,Scrap,short_shot
IN-60074,WO-60073,2025-11-07 01:49:00,QC-06,11851,11382,469,flash,Scrap,FLASH
IN-60075,WO-60074,2025-11-20 23:40:00,QC-04,53487,52828,659,warp,Scrap,WARP
IN-60076,WO-60075,2025-11-25 09:53:00,QC-02,8215,8150,65,sink,Scrap,sink
IN-60077,WO-60076,2025-11-25 01:08:00,QC-05,26789,26678,111,warp,Scrap,warp
IN-60078,WO-60077,2025-12-03 18:01:00,QC-03,38136,37694,442,short_shot,Scrap,non fill
IN-60079,WO-60078,2025-12-03 14:45:00,QC-04,54038,53800,238,sink,Scrap,sink marks
IN-60080,WO-60079,2025-12-09 01:04:00,QC-02,7940,7871,69,splay,Scrap,Splay
IN-60081,WO-60080,2025-12-10 04:37:00,QC-02,43146,42828,318,short_shot,Scrap,short_shot
IN-60082,WO-60081,2025-12-09 14:34:00,QC-04,7460,7256,204,splay,Scrap,splay
IN-60083,WO-60082,2025-12-20 04:45:00,QC-02,59636,57879,1757,black_specks,Scrap,black_specks
IN-60084,WO-60083,2025-12-21 22:39:00,QC-05,33629,33012,617,contamination,Scrap,contamination
IN-60085,WO-60084,2025-12-22 17:05:00,QC-03,38410,38167,243,contamination,Scrap,contamination
IN-60086,WO-60085,2025-12-31 03:25:00,QC-04,9909,9705,204,contamination,Scrap,contamination
IN-60087,WO-60086,2026-01-05 20:32:00,QC-03,8731,8458,273,contamination,Scrap,contamination
IN-60088,WO-60087,2026-01-13 23:59:00,QC-04,13797,13436,361,sink,Scrap,sink
IN-60089,WO-60088,2026-01-15 19:06:00,QC-06,8763,8347,416,flash,Scrap,flashing
IN-60090,WO-60089,2026-01-27 18:49:00,QC-06,16288,16027,261,short_shot,Scrap,short_shot
IN-60091,WO-60090,2026-02-05 07:11:00,QC-03,35659,35089,570,other,Scrap,other
IN-60092,WO-60091,2026-02-06 15:03:00,QC-03,5452,5218,234,dimensional,Scrap,dimensional
IN-60093,WO-60092,2026-02-08 23:40:00,QC-03,29012,28615,397,warp,Scrap,warp
IN-60094,WO-60093,2026-02-07 21:22:00,QC-06,14522,14352,170,warp,Scrap,warp
IN-60095,WO-60094,2026-02-13 15:51:00,QC-03,4030,3897,133,splay,Scrap,splay
IN-60096,WO-60095,2026-02-14 22:46:00,QC-02,25124,24651,473,splay,Scrap,SPLAY
IN-60097,WO-60096,2026-02-16 04:34:00,QC-04,53139,51844,1295,warp,Scrap,warp
IN-60098,WO-60097,2026-02-28 04:58:00,QC-04,40930,40373,557,warp,Scrap,warp
IN-60099,WO-60098,2026-02-28 06:42:00,QC-06,25374,25116,258,black_specks,Scrap,Blk Spk
IN-60100,WO-60099,2026-03-10 06:36:00,QC-02,46585,46252,333,flash,Scrap,FLASH
IN-60101,WO-60100,2026-03-11 15:45:00,QC-04,45939,45428,511,black_specks,Scrap,black_specks
IN-60102,WO-60101,2026-03-13 00:45:00,QC-02,33451,31878,1573,other,Scrap,other
IN-60103,WO-60102,2026-03-17 08:35:00,QC-01,2193,2185,8,flash,Scrap,Flash
IN-60104,WO-60103,2026-03-15 03:57:00,QC-03,51912,49354,2558,flash,Scrap,Flash
IN-60105,WO-60104,2026-03-16 23:50:00,QC-02,57485,56455,1030,short_shot,Scrap,short_shot
IN-60106,WO-60105,2026-03-29 12:12:00,QC-04,38611,37972,639,dimensional,Scrap,dimensional
IN-60107,WO-60106,2026-04-02 10:14:00,QC-02,14660,13967,693,sink,Scrap,Sink Mark
IN-60108,WO-60107,2025-01-09 15:48:00,QC-02,8955,8606,349,sink,Scrap,sink marks
IN-60109,WO-60108,2025-01-20 09:41:00,QC-01,8642,8605,37,flash,Scrap,flash
IN-60110,WO-60109,2025-01-20 16:55:00,QC-03,11181,11090,91,warp,Scrap,warp
IN-60111,WO-60110,2025-01-27 02:04:00,QC-02,45361,44193,1168,splay,Scrap,splay
IN-60112,WO-60111,2025-01-27 13:19:00,QC-04,17442,17188,254,other,Scrap,misc
IN-60113,WO-60112,2025-02-01 11:30:00,QC-04,51338,50522,816,warp,Scrap,warpage
IN-60114,WO-60113,2025-02-17 06:49:00,QC-03,9082,8809,273,short_shot,Scrap,Non-fill
IN-60115,WO-60114,2025-03-06 07:52:00,QC-02,47752,46999,753,flash,Scrap,flash
IN-60116,WO-60115,2025-03-07 03:18:00,QC-06,2964,2917,47,sink,Scrap,Sink Mark
IN-60117,WO-60116,2025-03-10 19:31:00,QC-01,17611,17322,289,dimensional,Scrap,DIM
IN-60118,WO-60117,2025-03-15 11:28:00,QC-03,32119,31167,952,sink,Scrap,sink marks
IN-60119,WO-60118,2025-03-16 17:29:00,QC-05,51812,50715,1097,sink,Scrap,sink marks
IN-60120,WO-60119,2025-03-19 16:23:00,QC-05,36222,35760,462,sink,Scrap,Sink
IN-60121,WO-60120,2025-03-28 23:19:00,QC-04,3984,3924,60,black_specks,Scrap,black_specks
IN-60122,WO-60121,2025-03-31 07:19:00,QC-01,28352,26659,1693,splay,Scrap,splay
IN-60123,WO-60122,2025-04-12 03:58:00,QC-02,27092,26924,168,flash,Scrap,flash
IN-60124,WO-60123,2025-04-22 04:50:00,QC-04,4120,4086,34,short_shot,Scrap,Short Shot
IN-60125,WO-60124,2025-04-28 14:14:00,QC-02,30906,30562,344,contamination,Scrap,foreign material
IN-60126,WO-60125,2025-04-29 04:33:00,QC-04,13223,12996,227,dimensional,Scrap,Dimensional
IN-60127,WO-60126,2025-05-11 23:43:00,QC-05,22122,21678,444,contamination,Scrap,Contam
IN-60128,WO-60127,2025-05-16 01:44:00,QC-01,17619,17240,379,flash,Scrap,flashing
IN-60129,WO-60128,2025-05-15 23:54:00,QC-02,28728,27672,1056,warp,Scrap,warp
IN-60130,WO-60129,2025-05-22 10:20:00,QC-05,43521,42830,691,sink,Scrap,sink
IN-60131,WO-60130,2025-05-22 17:52:00,QC-05,24005,23637,368,short_shot,Scrap,short_shot
IN-60132,WO-60131,2025-05-25 15:20:00,QC-05,8737,8670,67,short_shot,Scrap,short_shot
IN-60133,WO-60132,2025-05-28 22:21:00,QC-02,58461,57486,975,sink,Scrap,sink
IN-60134,WO-60133,2025-06-07 21:03:00,QC-06,42492,42227,265,sink,Scrap,Sink
IN-60135,WO-60134,2025-06-08 04:58:00,QC-02,37389,37069,320,contamination,Scrap,contamination
IN-60136,WO-60135,2025-06-07 15:13:00,QC-03,41254,41147,107,flash,Scrap,flash
IN-60137,WO-60136,2025-06-12 04:57:00,QC-01,5987,5931,56,warp,Scrap,warp
IN-60138,WO-60137,2025-06-11 16:45:00,QC-01,3739,3664,75,splay,Scrap,splay
IN-60139,WO-60138,2025-06-12 11:16:00,QC-01,18665,18492,173,warp,Scrap,warpage
IN-60140,WO-60139,2025-06-17 02:07:00,QC-02,39135,37726,1409,warp,Scrap,warp
IN-60141,WO-60140,2025-06-20 07:23:00,QC-04,8514,8187,327,short_shot,Scrap,short_shot
IN-60142,WO-60141,2025-06-23 11:54:00,QC-05,16078,15255,823,flash,Scrap,flash
IN-60143,WO-60142,2025-06-28 16:27:00,QC-02,56403,55429,974,warp,Scrap,Warped
IN-60144,WO-60143,2025-06-29 09:03:00,QC-05,30132,29349,783,dimensional,Scrap,Dim
IN-60145,WO-60144,2025-06-30 11:58:00,QC-05,18545,17987,558,warp,Scrap,warpage
IN-60146,WO-60145,2025-07-01 00:27:00,QC-01,29374,28992,382,sink,Scrap,sink
IN-60147,WO-60146,2025-07-02 04:28:00,QC-06,29667,27617,2050,flash,Scrap,Flsh
IN-60148,WO-60147,2025-07-04 11:40:00,QC-06,22286,21881,405,dimensional,Scrap,dimensional
IN-60149,WO-60148,2025-07-07 08:23:00,QC-02,59142,58703,439,splay,Scrap,SPLAY
IN-60150,WO-60149,2025-07-12 03:55:00,QC-03,25950,25756,194,warp,Scrap,warp
IN-60151,WO-60150,2025-07-16 09:21:00,QC-04,4754,4728,26,splay,Scrap,Splay/Moisture
IN-60152,WO-60151,2025-07-21 04:42:00,QC-02,2403,2363,40,black_specks,Scrap,Black Specks
IN-60153,WO-60152,2025-07-20 18:35:00,QC-05,57553,57186,367,short_shot,Scrap,Short shot
IN-60154,WO-60153,2025-08-02 22:55:00,QC-06,40771,38321,2450,warp,Scrap,warp
IN-60155,WO-60154,2025-08-10 12:40:00,QC-04,39111,38652,459,sink,Scrap,sink
IN-60156,WO-60155,2025-08-22 05:01:00,QC-01,48742,48123,619,dimensional,Scrap,Dim
IN-60157,WO-60156,2025-08-26 10:53:00,QC-06,32143,31453,690,short_shot,Scrap,short_shot
IN-60158,WO-60157,2025-08-30 21:01:00,QC-06,31944,30388,1556,other,Scrap,other
IN-60159,WO-60158,2025-08-30 00:15:00,QC-03,31495,31031,464,splay,Scrap,splay
IN-60160,WO-60159,2025-09-06 23:01:00,QC-03,33529,33224,305,other,Scrap,Other
IN-60161,WO-60160,2025-09-08 20:38:00,QC-05,34474,33650,824,dimensional,Scrap,dimensional
IN-60162,WO-60161,2025-09-14 12:38:00,QC-06,39490,39137,353,splay,Scrap,splay
IN-60163,WO-60162,2025-09-23 04:47:00,QC-01,45910,44524,1386,splay,Scrap,splay
IN-60164,WO-60163,2025-09-27 10:01:00,QC-04,36496,34835,1661,sink,Scrap,sink
IN-60165,WO-60164,2025-09-26 05:14:00,QC-03,42616,42172,444,flash,Scrap,Flash
IN-60166,WO-60165,2025-10-01 03:11:00,QC-02,37011,36702,309,other,Scrap,misc
IN-60167,WO-60166,2025-10-06 20:29:00,QC-06,44845,44180,665,warp,Scrap,Warp
IN-60168,WO-60167,2025-10-08 10:22:00,QC-04,25240,24991,249,splay,Scrap,splay
IN-60169,WO-60168,2025-10-15 01:26:00,QC-02,3781,3718,63,short_shot,Scrap,Short shot
IN-60170,WO-60169,2025-10-16 17:04:00,QC-01,21927,21766,161,splay,Scrap,splay
IN-60171,WO-60170,2025-10-18 19:26:00,QC-05,6643,6624,19,warp,Scrap,warp
IN-60172,WO-60171,2025-10-21 00:44:00,QC-04,42664,42316,348,splay,Scrap,splay
IN-60173,WO-60172,2025-10-22 00:53:00,QC-02,58909,58584,325,other,Scrap,
IN-60174,WO-60173,2025-11-03 17:38:00,QC-05,37856,37241,615,black_specks,Scrap,BLACK SPECKS
IN-60175,WO-60174,2025-11-06 19:30:00,QC-06,11824,11745,79,sink,Scrap,sink
IN-60176,WO-60175,2025-11-08 14:23:00,QC-06,57180,55411,1769,short_shot,Scrap,short_shot
IN-60177,WO-60176,2025-11-12 00:37:00,QC-02,42918,42470,448,contamination,Scrap,contamination
IN-60178,WO-60177,2025-11-11 22:32:00,QC-02,10133,9791,342,splay,Scrap,splay
IN-60179,WO-60178,2025-11-14 15:50:00,QC-01,52256,51115,1141,sink,Scrap,sink
IN-60180,WO-60179,2025-11-18 21:01:00,QC-02,39577,38011,1566,contamination,Scrap,Contamination
IN-60181,WO-60180,2025-12-02 00:25:00,QC-02,32026,31583,443,other,Scrap,other
IN-60182,WO-60181,2025-12-02 01:23:00,QC-03,13928,13793,135,black_specks,Scrap,black_specks
IN-60183,WO-60182,2025-12-01 12:13:00,QC-04,39515,39020,495,short_shot,Scrap,short_shot
IN-60184,WO-60183,2025-12-06 19:57:00,QC-03,4263,4170,93,sink,Scrap,SINK
IN-60185,WO-60184,2025-12-10 18:08:00,QC-01,47306,45655,1651,contamination,Scrap,contamination
IN-60186,WO-60185,2025-12-15 01:48:00,QC-03,53214,52680,534,flash,Scrap,flashing
IN-60187,WO-60186,2025-12-15 23:49:00,QC-01,35051,34190,861,short_shot,Scrap,short_shot
IN-60188,WO-60187,2025-12-26 01:04:00,QC-04,38449,38315,134,sink,Scrap,Sink
IN-60189,WO-60188,2025-12-28 14:04:00,QC-02,14760,14247,513,other,Scrap,other
IN-60190,WO-60189,2025-12-29 15:45:00,QC-05,47907,47679,228,contamination,Scrap,foreign material
IN-60191,WO-60190,2026-01-05 07:47:00,QC-01,5304,5064,240,dimensional,Scrap,out of tol
IN-60192,WO-60191,2026-01-18 06:10:00,QC-05,38562,37775,787,dimensional,Scrap,out of tol
IN-60193,WO-60192,2026-01-25 16:46:00,QC-04,9546,9485,61,splay,Scrap,silver streaks
IN-60194,WO-60193,2026-01-28 17:58:00,QC-06,7652,7449,203,short_shot,Scrap,short_shot
IN-60195,WO-60194,2026-01-30 23:18:00,QC-03,2792,2785,7,sink,Scrap,sink
IN-60196,WO-60195,2026-02-05 10:26:00,QC-03,27148,26574,574,sink,Scrap,sink marks
IN-60197,WO-60196,2026-02-10 13:32:00,QC-04,54044,52821,1223,black_specks,Scrap,black_specks
IN-60198,WO-60197,2026-02-10 11:51:00,QC-01,57173,53454,3719,short_shot,Scrap,short_shot
IN-60199,WO-60198,2026-02-12 11:55:00,QC-01,35789,35242,547,splay,Scrap,splay
IN-60200,WO-60199,2026-02-13 14:33:00,QC-01,57900,56464,1436,flash,Scrap,Flsh
