audit_id,tray_row,cavity_id,part_weight_g,dimension_1,dimension_2,dimension_3,visual_result,defect_codes
AU-2,0,1,87.42,140.013,86.801,43.414,accept,
AU-2,0,2,88.182,139.957,86.784,43.42,accept,
AU-2,1,1,87.558,139.986,86.808,43.412,accept,
AU-2,1,2,87.641,139.918,86.792,43.403,accept,
AU-2,2,1,88.14,140.018,86.8,43.429,accept,
AU-2,2,2,87.935,139.891,86.813,43.373,accept,
AU-2,3,1,87.961,139.992,86.795,43.409,accept,
AU-2,3,2,87.805,139.941,86.832,43.388,accept,
AU-2,4,1,87.446,140.035,86.79,43.412,accept,
AU-2,4,2,87.544,139.889,86.778,43.4,accept,
AU-2,5,1,87.471,140.006,86.807,43.415,accept,
AU-2,5,2,87.651,139.893,86.801,43.407,accept,
AU-2,6,1,87.731,139.972,86.768,43.418,accept,
AU-2,6,2,87.441,139.897,86.842,43.39,accept,
AU-2,7,1,87.435,139.992,86.797,43.391,accept,
AU-2,7,2,88.011,139.927,86.809,43.408,accept,
AU-3,0,1,87.365,140.009,86.788,43.392,accept,
AU-3,0,2,87.929,139.905,86.801,43.428,accept,
AU-3,1,1,87.611,140.03,86.816,43.389,accept,
AU-3,1,2,87.891,139.955,86.799,43.37,accept,
AU-3,2,1,87.449,139.988,86.82,43.391,accept,
AU-3,2,2,87.837,139.9,86.795,43.393,accept,
AU-3,3,1,87.497,140.008,86.813,43.414,accept,
AU-3,3,2,87.929,139.867,86.794,43.401,accept,
AU-3,4,1,87.338,139.988,86.789,43.383,accept,
AU-3,4,2,87.593,139.887,86.813,43.396,reject,weld_line
AU-3,5,1,87.908,140.005,86.824,43.394,accept,
AU-3,5,2,87.808,139.873,86.798,43.396,accept,
AU-3,6,1,87.789,139.999,86.806,43.404,accept,
AU-4,0,1,88.269,140.061,86.801,43.391,accept,
AU-4,0,2,88.029,139.956,86.794,43.402,accept,
AU-4,1,1,87.94,140.033,86.789,43.378,accept,
AU-4,1,2,87.902,139.965,86.783,43.386,accept,
AU-4,2,1,87.366,140.011,86.797,43.379,accept,
AU-4,2,2,88.2,139.915,86.842,43.387,accept,
AU-4,3,1,87.639,140.058,86.797,43.375,accept,
AU-5,0,1,87.896,140.012,86.81,43.41,accept,
AU-5,0,2,87.837,139.895,86.792,43.416,accept,
AU-5,1,1,87.498,139.982,86.8,43.386,accept,
AU-5,1,2,88.215,139.946,86.786,43.393,accept,
AU-5,2,1,87.825,140.053,86.764,43.406,accept,
AU-5,2,2,87.91,139.912,86.78,43.38,accept,
AU-6,0,1,87.801,140.078,86.811,43.409,accept,
AU-6,0,2,87.769,139.973,86.792,43.399,accept,
AU-6,1,1,88.374,140.101,86.802,43.404,accept,
AU-6,1,2,88.214,139.976,86.81,43.416,accept,
AU-6,2,1,87.61,140.049,86.775,43.416,accept,
AU-6,2,2,88.383,139.999,86.79,43.376,accept,
AU-6,3,1,88.137,140.116,86.805,43.43,accept,
AU-6,3,2,88.171,139.974,86.769,43.381,accept,
AU-7,0,1,88.004,140.054,86.77,43.416,accept,
AU-7,0,2,88.338,139.979,86.802,43.413,accept,
AU-7,1,1,88.199,140.064,86.825,43.413,accept,
AU-7,1,2,88.313,139.993,86.802,43.405,accept,
AU-7,2,1,87.855,140.094,86.793,43.396,accept,
AU-7,2,2,87.955,139.962,86.8,43.417,accept,
AU-7,3,1,87.951,140.031,86.8,43.404,accept,
AU-8,0,1,87.748,140.062,86.802,43.415,accept,
AU-8,0,2,88.066,139.987,86.758,43.396,accept,
AU-8,1,1,88.11,140.095,86.809,43.402,accept,
AU-8,1,2,88.156,139.981,86.794,43.406,accept,
AU-8,2,1,88.037,140.055,86.793,43.434,accept,
AU-8,2,2,88.303,140.027,86.788,43.42,accept,
AU-8,3,1,88.64,140.125,86.766,43.414,accept,
AU-8,3,2,88.164,139.964,86.78,43.411,accept,
AU-8,4,1,88.389,140.116,86.814,43.41,accept,
AU-9,0,1,88.096,140.086,86.832,43.4,accept,
AU-9,0,2,87.993,139.978,86.773,43.406,accept,
AU-9,1,1,87.977,140.068,86.771,43.403,accept,
AU-9,1,2,88.287,140.004,86.783,43.388,accept,
AU-9,2,1,88.423,140.046,86.805,43.396,accept,
AU-9,2,2,87.819,139.994,86.782,43.416,accept,
AU-9,3,1,87.774,140.073,86.796,43.382,accept,
AU-9,3,2,87.888,139.972,86.792,43.39,accept,
AU-9,4,1,87.832,140.043,86.796,43.406,accept,
AU-9,4,2,88.554,139.948,86.816,43.401,accept,
AU-10,0,1,88.024,140.074,86.786,43.403,accept,
AU-10,0,2,87.914,139.985,86.786,43.409,accept,
AU-10,1,1,87.967,140.036,86.803,43.422,accept,
AU-10,1,2,88.325,139.946,86.821,43.42,accept,
AU-10,2,1,87.844,140.082,86.803,43.386,accept,
AU-10,2,2,88.26,139.964,86.807,43.359,accept,
AU-10,3,1,88.068,140.063,86.799,43.412,accept,
AU-11,0,1,88.128,140.052,86.831,43.377,accept,
AU-11,0,2,87.974,139.969,86.795,43.405,accept,
AU-11,1,1,88.349,140.106,86.803,43.395,accept,
AU-11,1,2,88.594,139.996,86.794,43.429,accept,
AU-11,2,1,88.202,140.052,86.763,43.415,accept,
AU-11,2,2,88.511,139.985,86.798,43.388,accept,
AU-11,3,1,87.778,140.089,86.805,43.421,accept,
AU-11,3,2,88.353,139.975,86.832,43.415,accept,
AU-11,4,1,87.948,140.06,86.813,43.372,accept,
AU-11,4,2,88.083,140.017,86.77,43.395,accept,
AU-11,5,1,88.132,140.055,86.825,43.407,accept,
AU-11,5,2,88.279,139.989,86.806,43.383,accept,
AU-11,6,1,88.054,140.084,86.768,43.41,accept,
AU-11,6,2,88.242,139.963,86.795,43.4,accept,
AU-11,7,1,88.062,140.073,86.799,43.402,accept,
AU-11,7,2,88.024,139.937,86.809,43.375,accept,
AU-11,8,1,88.358,140.122,86.789,43.413,accept,
AU-12,0,1,87.92,140.071,86.805,43.412,accept,
AU-12,0,2,87.779,139.98,86.781,43.423,accept,
AU-12,1,1,88.115,140.046,86.776,43.436,accept,
AU-12,1,2,88.127,140.039,86.804,43.402,accept,
AU-12,2,1,88.33,140.04,86.804,43.416,accept,
AU-12,2,2,88.041,139.961,86.763,43.425,accept,
AU-12,3,1,87.643,140.067,86.82,43.405,accept,
AU-12,3,2,88.482,139.959,86.79,43.398,accept,
AU-12,4,1,88.167,140.096,86.822,43.404,accept,
AU-12,4,2,87.804,139.987,86.769,43.386,accept,
AU-12,5,1,88.067,140.077,86.777,43.393,accept,
AU-12,5,2,88.5,139.968,86.813,43.402,accept,
AU-12,6,1,87.959,140.035,86.809,43.375,accept,
AU-12,6,2,87.875,140.005,86.813,43.405,accept,
AU-12,7,1,87.876,140.066,86.812,43.393,accept,
AU-12,7,2,88.215,139.96,86.807,43.406,accept,
AU-12,8,1,87.902,140.106,86.802,43.384,reject,sink
AU-12,8,2,88.245,139.968,86.787,43.398,accept,
AU-12,9,1,87.882,140.014,86.806,43.415,accept,
AU-13,0,1,88.196,140.005,86.828,43.41,accept,
AU-13,0,2,87.851,139.968,86.813,43.419,accept,
AU-13,1,1,88.346,140.109,86.81,43.446,accept,
AU-13,1,2,88.49,139.925,86.823,43.42,accept,
AU-13,2,1,87.956,140.086,86.819,43.391,accept,
AU-13,2,2,88.534,140.015,86.795,43.361,accept,
AU-13,3,1,88.165,140.044,86.815,43.418,accept,
AU-13,3,2,88.369,140.021,86.783,43.383,accept,
AU-13,4,1,88.004,140.064,86.798,43.383,accept,
AU-13,4,2,88.384,139.975,86.837,43.374,accept,
AU-13,5,1,87.628,140.06,86.79,43.407,accept,
AU-13,5,2,88.46,140.022,86.809,43.415,accept,
AU-14,0,1,88.15,140.123,86.798,43.388,accept,
AU-14,0,2,88.453,139.997,86.779,43.378,accept,
AU-14,1,1,88.151,140.049,86.782,43.396,accept,
AU-14,1,2,88.469,140.005,86.788,43.402,accept,
AU-14,2,1,88.023,140.037,86.807,43.404,accept,
AU-14,2,2,88.179,139.963,86.803,43.387,accept,
AU-14,3,1,88.271,140.099,86.797,43.378,accept,
AU-15,0,1,88.483,140.047,86.808,43.436,accept,
AU-15,0,2,88.149,139.955,86.78,43.403,accept,
AU-15,1,1,87.708,140.105,86.811,43.416,accept,
AU-15,1,2,88.278,139.941,86.797,43.398,accept,
AU-15,2,1,87.766,140.075,86.786,43.395,accept,
AU-15,2,2,87.86,139.965,86.819,43.424,accept,
AU-15,3,1,88.358,139.985,86.765,43.399,accept,
AU-15,3,2,87.661,139.94,86.786,43.4,accept,
AU-16,0,1,87.715,140.046,86.801,43.394,accept,
AU-16,0,2,88.084,139.957,86.79,43.421,accept,
AU-16,1,1,88.341,140.101,86.801,43.418,accept,
AU-16,1,2,88.53,139.97,86.803,43.42,accept,
AU-16,2,1,87.928,140.044,86.799,43.419,accept,
AU-16,2,2,88.44,139.987,86.802,43.404,accept,
AU-16,3,1,88.004,140.085,86.793,43.38,accept,
AU-16,3,2,87.994,139.951,86.833,43.401,accept,
AU-16,4,1,87.875,140.083,86.78,43.391,accept,
AU-17,0,1,87.888,140.025,86.808,43.406,accept,
AU-17,0,2,87.998,139.961,86.789,43.396,accept,
AU-17,1,1,87.614,140.039,86.834,43.355,accept,
AU-17,1,2,87.851,139.935,86.803,43.407,accept,
AU-17,2,1,87.628,140.002,86.805,43.404,accept,
AU-17,2,2,87.541,139.872,86.824,43.416,accept,
AU-17,3,1,87.92,140.07,86.83,43.421,accept,
AU-17,3,2,87.697,139.946,86.781,43.392,accept,
AU-17,4,1,87.845,139.997,86.805,43.392,accept,
AU-18,0,1,87.979,140.059,86.831,43.423,accept,
AU-18,0,2,88.513,139.963,86.809,43.398,accept,
AU-18,1,1,87.947,140.033,86.786,43.396,accept,
AU-18,1,2,88.0,140.037,86.786,43.382,accept,
AU-18,2,1,88.13,140.051,86.809,43.376,accept,
AU-18,2,2,87.948,140.012,86.788,43.441,accept,
AU-19,0,1,87.855,140.034,86.831,43.427,accept,
AU-19,0,2,87.821,139.987,86.774,43.395,accept,
AU-19,1,1,87.812,140.067,86.786,43.398,accept,
AU-19,1,2,88.003,139.929,86.811,43.426,accept,
AU-19,2,1,87.684,140.049,86.802,43.413,accept,
AU-19,2,2,88.234,139.934,86.803,43.398,accept,
AU-19,3,1,88.245,140.058,86.777,43.405,accept,
AU-19,3,2,88.352,139.967,86.794,43.407,accept,
AU-19,4,1,88.169,140.06,86.784,43.432,accept,
AU-20,0,1,87.806,140.052,86.798,43.372,accept,
AU-20,0,2,88.217,139.949,86.831,43.385,accept,
AU-20,1,1,87.901,140.035,86.821,43.397,accept,
AU-20,1,2,87.976,139.952,86.803,43.398,accept,
AU-20,2,1,87.989,140.038,86.803,43.402,accept,
AU-20,2,2,87.854,139.948,86.796,43.376,accept,
AU-20,3,1,87.606,140.058,86.795,43.403,accept,
AU-20,3,2,88.111,139.922,86.799,43.408,accept,
AU-20,4,1,87.782,140.099,86.834,43.397,accept,
AU-21,0,1,87.899,140.103,86.788,43.41,accept,
AU-21,0,2,88.266,140.012,86.803,43.394,accept,
AU-21,1,1,88.27,140.072,86.797,43.418,accept,
AU-21,1,2,88.155,139.977,86.814,43.382,accept,
AU-21,2,1,87.869,140.07,86.787,43.4,accept,
AU-21,2,2,88.067,139.966,86.792,43.39,accept,
AU-21,3,1,87.842,140.073,86.789,43.395,accept,
AU-21,3,2,87.795,139.993,86.812,43.393,accept,
AU-21,4,1,88.024,140.108,86.796,43.398,accept,
AU-21,4,2,88.041,139.995,86.787,43.369,accept,
AU-21,5,1,88.462,140.089,86.763,43.414,accept,
AU-21,5,2,88.312,139.947,86.793,43.394,accept,
