audit_id,job_id,press_id,mold_id,audit_ts,inspector_id,sample_size,sampled_shot_cycle_no,cavity_ids_sampled,audit_rule_violations,disposition
AU-2,J-250100,IM-12,M-2301,2025-01-09 12:12:00,QC-01,16,2127232.0,1;2;1;2;1;2;1;2;1;2;1;2;1;2;1;2,,continue
AU-3,J-250100,IM-12,M-2301,2025-01-09 13:46:00,QC-04,13,2127266.0,1;2;1;2;1;2;1;2;1;2;1;2;1,,continue
AU-4,J-250100,IM-12,M-2301,2025-01-09 14:32:00,QC-05,7,2127313.0,1;2;1;2;1;2;1,WE2,adjust
AU-5,J-250100,IM-12,M-2301,2025-01-09 15:11:00,QC-02,6,2127378.0,1;2;1;2;1;2,,continue
AU-6,J-250100,IM-12,M-2301,2025-01-09 16:15:00,QC-05,8,2127443.0,1;2;1;2;1;2;1;2,,continue
AU-7,J-250100,IM-12,M-2301,2025-01-09 17:19:00,QC-05,7,2127509.0,1;2;1;2;1;2;1,,continue
AU-8,J-250100,IM-12,M-2301,2025-01-09 18:25:00,QC-02,9,2127574.0,1;2;1;2;1;2;1;2;1,,continue
AU-9,J-250100,IM-12,M-2301,2025-01-09 19:16:00,QC-05,10,2127640.0,1;2;1;2;1;2;1;2;1;2,,continue
AU-10,J-250100,IM-12,M-2301,2025-01-09 20:20:00,QC-02,7,,1;2;1;2;1;2;1,,continue
AU-11,J-250100,IM-12,M-2301,2025-01-09 21:23:00,QC-05,17,2127755.0,1;2;1;2;1;2;1;2;1;2;1;2;1;2;1;2;1,,continue
AU-12,J-250100,IM-12,M-2301,2025-01-09 22:29:00,QC-03,19,,1;2;1;2;1;2;1;2;1;2;1;2;1;2;1;2;1;2;1,,continue
AU-13,J-250100,IM-12,M-2301,2025-01-09 23:21:00,QC-03,12,,1;2;1;2;1;2;1;2;1;2;1;2,WE5,adjust
AU-14,J-250100,IM-12,M-2301,2025-01-10 00:24:00,QC-03,7,2127935.0,1;2;1;2;1;2;1,WE5,adjust
AU-15,J-250100,IM-12,M-2301,2025-01-10 01:28:00,QC-06,8,2128001.0,1;2;1;2;1;2;1;2,WE5,continue
AU-16,J-250100,IM-12,M-2301,2025-01-10 02:23:00,QC-06,9,2128029.0,1;2;1;2;1;2;1;2;1,,continue
AU-17,J-250100,IM-12,M-2301,2025-01-10 04:01:00,QC-03,9,2128079.0,1;2;1;2;1;2;1;2;1,,continue
AU-18,J-250100,IM-12,M-2301,2025-01-10 04:15:00,QC-06,6,2128107.0,1;2;1;2;1;2,,continue
AU-19,J-250100,IM-12,M-2301,2025-01-10 05:42:00,QC-03,9,2128161.0,1;2;1;2;1;2;1;2;1,,continue
AU-20,J-250100,IM-12,M-2301,2025-01-10 06:30:00,QC-04,9,2128190.0,1;2;1;2;1;2;1;2;1,,continue
AU-21,J-250100,IM-12,M-2301,2025-01-10 07:21:00,QC-01,13,2128256.0,1;2;1;2;1;2;1;2;1;2;1;2;1,,continue
AU-22,J-250100,IM-12,M-2301,2025-01-10 08:28:00,QC-04,6,2128321.0,1;2;1;2;1;2,,continue
AU-23,J-250100,IM-12,M-2301,2025-01-10 09:15:00,QC-04,16,2128387.0,1;2;1;2;1;2;1;2;1;2;1;2;1;2;1;2,,continue
AU-24,J-250100,IM-12,M-2301,2025-01-10 10:21:00,QC-01,15,2128452.0,1;2;1;2;1;2;1;2;1;2;1;2;1;2;1,,continue
AU-25,J-250100,IM-12,M-2301,2025-01-10 11:13:00,QC-01,13,2128518.0,1;2;1;2;1;2;1;2;1;2;1;2;1,,continue
AU-26,J-250100,IM-12,M-2301,2025-01-10 12:35:00,QC-04,15,2128572.0,1;2;1;2;1;2;1;2;1;2;1;2;1;2;1,,continue
AU-27,J-250100,IM-12,M-2301,2025-01-10 13:23:00,QC-01,17,2128618.0,1;2;1;2;1;2;1;2;1;2;1;2;1;2;1;2;1,,continue
AU-28,J-250100,IM-12,M-2301,2025-01-10 14:29:00,QC-02,11,2128672.0,1;2;1;2;1;2;1;2;1;2;1,,continue
AU-29,J-250100,IM-12,M-2301,2025-01-10 15:18:00,QC-05,17,2128738.0,1;2;1;2;1;2;1;2;1;2;1;2;1;2;1;2;1,,continue
AU-30,J-250100,IM-12,M-2301,2025-01-10 16:19:00,QC-02,17,,1;2;1;2;1;2;1;2;1;2;1;2;1;2;1;2;1,,continue
AU-31,J-250100,IM-12,M-2301,2025-01-10 17:32:00,QC-02,10,2128840.0,1;2;1;2;1;2;1;2;1;2,,continue
AU-32,J-250100,IM-12,M-2301,2025-01-10 18:13:00,QC-02,13,2128905.0,1;2;1;2;1;2;1;2;1;2;1;2;1,,continue
AU-33,J-250100,IM-12,M-2301,2025-01-10 19:24:00,QC-05,7,2128971.0,1;2;1;2;1;2;1,,continue
AU-34,J-250100,IM-12,M-2301,2025-01-10 20:12:00,QC-05,16,2129036.0,1;2;1;2;1;2;1;2;1;2;1;2;1;2;1;2,,continue
AU-35,J-250100,IM-12,M-2301,2025-01-10 21:20:00,QC-02,19,,1;2;1;2;1;2;1;2;1;2;1;2;1;2;1;2;1;2;1,,continue
AU-36,J-250100,IM-12,M-2301,2025-01-10 22:24:00,QC-06,7,2129158.0,1;2;1;2;1;2;1,,continue
AU-37,J-250100,IM-12,M-2301,2025-01-10 23:17:00,QC-06,14,2129182.0,1;2;1;2;1;2;1;2;1;2;1;2;1;2,,continue
AU-38,J-250100,IM-12,M-2301,2025-01-11 00:44:00,QC-06,12,2129243.0,1;2;1;2;1;2;1;2;1;2;1;2,,continue
AU-39,J-250100,IM-12,M-2301,2025-01-11 01:30:00,QC-06,10,2129276.0,1;2;1;2;1;2;1;2;1;2,,continue
AU-40,J-250100,IM-12,M-2301,2025-01-11 02:14:00,QC-03,10,2129341.0,1;2;1;2;1;2;1;2;1;2,,continue
AU-41,J-250100,IM-12,M-2301,2025-01-11 03:15:00,QC-06,12,2129407.0,1;2;1;2;1;2;1;2;1;2;1;2,,continue
AU-42,J-250100,IM-12,M-2301,2025-01-11 04:26:00,QC-06,10,2129472.0,1;2;1;2;1;2;1;2;1;2,,continue
AU-43,J-250100,IM-12,M-2301,2025-01-11 05:19:00,QC-06,18,2129537.0,1;2;1;2;1;2;1;2;1;2;1;2;1;2;1;2;1;2,,continue
AU-44,J-250100,IM-12,M-2301,2025-01-13 06:05:00,QC-01,16,2129592.0,1;2;1;2;1;2;1;2;1;2;1;2;1;2;1;2,,continue
AU-45,J-250100,IM-12,M-2301,2025-01-13 06:11:00,QC-04,9,2129592.0,1;2;1;2;1;2;1;2;1,,continue
AU-46,J-250100,IM-12,M-2301,2025-01-13 06:06:00,QC-04,16,2129592.0,1;2;1;2;1;2;1;2;1;2;1;2;1;2;1;2,,continue
AU-47,J-250100,IM-12,M-2301,2025-01-13 06:12:00,QC-01,6,2129592.0,1;2;1;2;1;2,,continue
AU-48,J-250100,IM-12,M-2301,2025-01-13 06:18:00,QC-01,16,2129592.0,1;2;1;2;1;2;1;2;1;2;1;2;1;2;1;2,WE5,continue
AU-49,J-250100,IM-12,M-2301,2025-01-13 06:18:00,QC-04,15,2129592.0,1;2;1;2;1;2;1;2;1;2;1;2;1;2;1,WE5,adjust
AU-50,J-250100,IM-12,M-2301,2025-01-13 06:11:00,QC-01,9,,1;2;1;2;1;2;1;2;1,,continue
AU-51,J-250100,IM-12,M-2301,2025-01-13 06:11:00,QC-01,18,2129592.0,1;2;1;2;1;2;1;2;1;2;1;2;1;2;1;2;1;2,,continue
AU-52,J-250100,IM-12,M-2301,2025-01-13 06:19:00,QC-01,12,2129592.0,1;2;1;2;1;2;1;2;1;2;1;2,WE5,continue
AU-53,J-250100,IM-12,M-2301,2025-01-13 06:06:00,QC-04,11,2129592.0,1;2;1;2;1;2;1;2;1;2;1,,continue
AU-54,J-250100,IM-12,M-2301,2025-01-13 06:11:00,QC-04,10,2129592.0,1;2;1;2;1;2;1;2;1;2,,continue
AU-55,J-250100,IM-12,M-2301,2025-01-13 06:16:00,QC-01,19,,1;2;1;2;1;2;1;2;1;2;1;2;1;2;1;2;1;2;1,,continue
AU-56,J-250100,IM-12,M-2301,2025-01-13 06:18:00,QC-04,13,2129592.0,1;2;1;2;1;2;1;2;1;2;1;2;1,WE5,continue
AU-57,J-250100,IM-12,M-2301,2025-01-13 06:20:00,QC-01,18,2129592.0,1;2;1;2;1;2;1;2;1;2;1;2;1;2;1;2;1;2,WE5,hold
AU-58,J-250100,IM-12,M-2301,2025-01-13 06:22:00,QC-04,16,2129592.0,1;2;1;2;1;2;1;2;1;2;1;2;1;2;1;2,WE5,hold
AU-59,J-250100,IM-12,M-2301,2025-01-13 06:06:00,QC-04,15,2129592.0,1;2;1;2;1;2;1;2;1;2;1;2;1;2;1,,continue
AU-60,J-250100,IM-12,M-2301,2025-01-13 06:22:00,QC-01,7,2129592.0,1;2;1;2;1;2;1,WE5,continue
AU-61,J-250100,IM-12,M-2301,2025-01-13 06:23:00,QC-01,15,2129592.0,1;2;1;2;1;2;1;2;1;2;1;2;1;2;1,WE5,hold
AU-62,J-250100,IM-12,M-2301,2025-01-13 06:07:00,QC-04,10,2129592.0,1;2;1;2;1;2;1;2;1;2,WE5,adjust
AU-63,J-250100,IM-12,M-2301,2025-01-13 06:14:00,QC-01,19,2129592.0,1;2;1;2;1;2;1;2;1;2;1;2;1;2;1;2;1;2;1,,continue
AU-64,J-250100,IM-12,M-2301,2025-01-13 06:24:00,QC-01,17,,1;2;1;2;1;2;1;2;1;2;1;2;1;2;1;2;1,WE5,adjust
AU-65,J-250100,IM-12,M-2301,2025-01-13 06:07:00,QC-01,19,,1;2;1;2;1;2;1;2;1;2;1;2;1;2;1;2;1;2;1,WE5,adjust
AU-66,J-250100,IM-12,M-2301,2025-01-13 06:23:00,QC-01,9,2129592.0,1;2;1;2;1;2;1;2;1,WE5,adjust
AU-67,J-250100,IM-12,M-2301,2025-01-13 06:13:00,QC-01,9,2129592.0,1;2;1;2;1;2;1;2;1,,continue
AU-68,J-250100,IM-12,M-2301,2025-01-13 06:21:00,QC-01,13,2129592.0,1;2;1;2;1;2;1;2;1;2;1;2;1,WE5,continue
AU-69,J-250100,IM-12,M-2301,2025-01-13 06:16:00,QC-01,16,2129592.0,1;2;1;2;1;2;1;2;1;2;1;2;1;2;1;2,,continue
AU-70,J-250100,IM-12,M-2301,2025-01-13 06:07:00,QC-01,19,2129592.0,1;2;1;2;1;2;1;2;1;2;1;2;1;2;1;2;1;2;1,,continue
AU-71,J-250100,IM-12,M-2301,2025-01-13 06:13:00,QC-04,17,2129592.0,1;2;1;2;1;2;1;2;1;2;1;2;1;2;1;2;1,,continue
AU-72,J-250100,IM-12,M-2301,2025-01-13 06:23:00,QC-01,19,,1;2;1;2;1;2;1;2;1;2;1;2;1;2;1;2;1;2;1,WE5,continue
AU-73,J-250100,IM-12,M-2301,2025-01-13 06:21:00,QC-01,8,2129592.0,1;2;1;2;1;2;1;2,WE5,adjust
AU-74,J-250100,IM-12,M-2301,2025-01-13 06:09:00,QC-04,19,2129592.0,1;2;1;2;1;2;1;2;1;2;1;2;1;2;1;2;1;2;1,,continue
AU-75,J-250100,IM-12,M-2301,2025-01-13 06:19:00,QC-04,16,2129592.0,1;2;1;2;1;2;1;2;1;2;1;2;1;2;1;2,WE5,adjust
AU-76,J-250100,IM-12,M-2301,2025-01-13 06:04:00,QC-01,7,2129592.0,1;2;1;2;1;2;1,,continue
AU-77,J-250100,IM-12,M-2301,2025-01-13 06:19:00,QC-01,7,,1;2;1;2;1;2;1,WE5,adjust
AU-78,J-250100,IM-12,M-2301,2025-01-13 06:17:00,QC-01,6,2129592.0,1;2;1;2;1;2,WE5,adjust
AU-79,J-250100,IM-12,M-2301,2025-01-13 06:22:00,QC-04,10,2129592.0,1;2;1;2;1;2;1;2;1;2,WE5,hold
AU-80,J-250100,IM-12,M-2301,2025-01-13 06:19:00,QC-04,10,2129592.0,1;2;1;2;1;2;1;2;1;2,WE5,continue
AU-81,J-250100,IM-12,M-2301,2025-01-13 06:23:00,QC-01,12,2129592.0,1;2;1;2;1;2;1;2;1;2;1;2,WE5,adjust
AU-82,J-250100,IM-12,M-2301,2025-01-13 06:15:00,QC-01,15,2129592.0,1;2;1;2;1;2;1;2;1;2;1;2;1;2;1,,continue
AU-83,J-250100,IM-12,M-2301,2025-01-13 06:19:00,QC-04,17,2129592.0,1;2;1;2;1;2;1;2;1;2;1;2;1;2;1;2;1,WE5,continue
AU-84,J-250100,IM-12,M-2301,2025-01-13 06:17:00,QC-04,14,2129592.0,1;2;1;2;1;2;1;2;1;2;1;2;1;2,WE5,hold
AU-85,J-250100,IM-12,M-2301,2025-01-13 06:22:00,QC-01,19,2129592.0,1;2;1;2;1;2;1;2;1;2;1;2;1;2;1;2;1;2;1,WE5,adjust
AU-86,J-250100,IM-12,M-2301,2025-01-13 06:20:00,QC-01,17,2129592.0,1;2;1;2;1;2;1;2;1;2;1;2;1;2;1;2;1,WE5,adjust
AU-87,J-250100,IM-12,M-2301,2025-01-13 06:22:00,QC-04,11,2129592.0,1;2;1;2;1;2;1;2;1;2;1,WE5,adjust
AU-88,J-250100,IM-12,M-2301,2025-01-13 06:06:00,QC-01,15,2129592.0,1;2;1;2;1;2;1;2;1;2;1;2;1;2;1,,continue
AU-89,J-250100,IM-12,M-2301,2025-01-13 06:17:00,QC-01,8,,1;2;1;2;1;2;1;2,WE5,adjust
AU-90,J-250100,IM-12,M-2301,2025-01-13 06:23:00,QC-01,18,2129592.0,1;2;1;2;1;2;1;2;1;2;1;2;1;2;1;2;1;2,WE5,adjust
AU-91,J-250100,IM-12,M-2301,2025-01-13 06:16:00,QC-04,14,2129592.0,1;2;1;2;1;2;1;2;1;2;1;2;1;2,,continue
AU-92,J-250100,IM-12,M-2301,2025-01-13 06:26:00,QC-01,7,2129600.0,1;2;1;2;1;2;1,WE5,hold
AU-93,J-250100,IM-12,M-2301,2025-01-13 07:55:00,QC-04,8,2129664.0,1;2;1;2;1;2;1;2,WE5,continue
AU-94,J-250100,IM-12,M-2301,2025-01-13 08:15:00,QC-01,14,2129704.0,1;2;1;2;1;2;1;2;1;2;1;2;1;2,,continue
AU-95,J-250100,IM-12,M-2301,2025-01-13 09:21:00,QC-04,19,2129770.0,1;2;1;2;1;2;1;2;1;2;1;2;1;2;1;2;1;2;1,,continue
AU-96,J-250100,IM-12,M-2301,2025-01-13 10:25:00,QC-04,13,2129835.0,1;2;1;2;1;2;1;2;1;2;1;2;1,,continue
AU-97,J-250100,IM-12,M-2301,2025-01-13 11:26:00,QC-01,8,2129901.0,1;2;1;2;1;2;1;2,,continue
AU-98,J-250100,IM-12,M-2301,2025-01-13 12:29:00,QC-04,11,2129966.0,1;2;1;2;1;2;1;2;1;2;1,,continue
AU-99,J-250100,IM-12,M-2301,2025-01-13 13:27:00,QC-01,8,2130022.0,1;2;1;2;1;2;1;2,,continue
AU-100,J-250100,IM-12,M-2301,2025-01-13 14:21:00,QC-05,11,2130087.0,1;2;1;2;1;2;1;2;1;2;1,,continue
AU-101,J-250100,IM-12,M-2301,2025-01-13 15:27:00,QC-02,10,2130153.0,1;2;1;2;1;2;1;2;1;2,,continue
AU-102,J-250100,IM-12,M-2301,2025-01-13 16:13:00,QC-05,16,,1;2;1;2;1;2;1;2;1;2;1;2;1;2;1;2,,continue
AU-104,J-250101,IM-11,M-2260,2025-01-10 08:23:00,QC-04,18,2423131.0,1;2;3;4;5;6;7;8;9;10;11;12;13;14;15;16;1;2,WE1,adjust
AU-105,J-250101,IM-11,M-2260,2025-01-10 09:40:00,QC-04,6,2423285.0,1;2;3;4;5;6,,continue
AU-106,J-250101,IM-11,M-2260,2025-01-10 10:28:00,QC-01,10,2423485.0,1;2;3;4;5;6;7;8;9;10,,continue
AU-107,J-250101,IM-11,M-2260,2025-01-10 11:35:00,QC-01,7,2423685.0,1;2;3;4;5;6;7,,continue
AU-108,J-250101,IM-11,M-2260,2025-01-10 12:39:00,QC-01,15,2423769.0,1;2;3;4;5;6;7;8;9;10;11;12;13;14;15,,continue
AU-109,J-250101,IM-11,M-2260,2025-01-10 13:25:00,QC-01,6,2423937.0,1;2;3;4;5;6,,continue
AU-110,J-250101,IM-11,M-2260,2025-01-10 14:35:00,QC-02,17,2424138.0,1;2;3;4;5;6;7;8;9;10;11;12;13;14;15;16;1,,continue
AU-111,J-250101,IM-11,M-2260,2025-01-10 15:47:00,QC-02,14,2424257.0,1;2;3;4;5;6;7;8;9;10;11;12;13;14,,continue
AU-112,J-250101,IM-11,M-2260,2025-01-10 16:37:00,QC-02,12,2424400.0,1;2;3;4;5;6;7;8;9;10;11;12,,continue
AU-113,J-250101,IM-11,M-2260,2025-01-10 17:26:00,QC-02,16,,1;2;3;4;5;6;7;8;9;10;11;12;13;14;15;16,,continue
AU-114,J-250101,IM-11,M-2260,2025-01-10 18:41:00,QC-05,18,,1;2;3;4;5;6;7;8;9;10;11;12;13;14;15;16;1;2,,continue
AU-115,J-250101,IM-11,M-2260,2025-01-10 19:29:00,QC-02,16,2424861.0,1;2;3;4;5;6;7;8;9;10;11;12;13;14;15;16,,continue
AU-116,J-250101,IM-11,M-2260,2025-01-10 20:30:00,QC-05,14,2425061.0,1;2;3;4;5;6;7;8;9;10;11;12;13;14,,continue
AU-117,J-250101,IM-11,M-2260,2025-01-10 21:31:00,QC-02,16,2425261.0,1;2;3;4;5;6;7;8;9;10;11;12;13;14;15;16,,continue
AU-118,J-250101,IM-11,M-2260,2025-01-10 22:32:00,QC-03,13,2425461.0,1;2;3;4;5;6;7;8;9;10;11;12;13,,continue
AU-119,J-250101,IM-11,M-2260,2025-01-10 23:30:00,QC-06,14,2425661.0,1;2;3;4;5;6;7;8;9;10;11;12;13;14,,continue
AU-120,J-250101,IM-11,M-2260,2025-01-11 00:32:00,QC-03,12,2425861.0,1;2;3;4;5;6;7;8;9;10;11;12,,continue
AU-121,J-250101,IM-11,M-2260,2025-01-11 01:24:00,QC-03,14,2426061.0,1;2;3;4;5;6;7;8;9;10;11;12;13;14,,continue
AU-122,J-250101,IM-11,M-2260,2025-01-11 02:28:00,QC-03,7,2426127.0,1;2;3;4;5;6;7,,continue
AU-123,J-250101,IM-11,M-2260,2025-01-11 03:37:00,QC-06,8,2426327.0,1;2;3;4;5;6;7;8,,continue
AU-124,J-250101,IM-11,M-2260,2025-01-11 04:25:00,QC-06,7,2426527.0,1;2;3;4;5;6;7,,continue
AU-125,J-250101,IM-11,M-2260,2025-01-11 05:27:00,QC-06,13,2426727.0,1;2;3;4;5;6;7;8;9;10;11;12;13,,continue
AU-126,J-250101,IM-11,M-2260,2025-01-13 06:10:00,QC-04,10,2426847.0,1;2;3;4;5;6;7;8;9;10,WE4;WE5,continue
AU-127,J-250101,IM-11,M-2260,2025-01-13 06:11:00,QC-01,14,2426847.0,1;2;3;4;5;6;7;8;9;10;11;12;13;14,WE4;WE5,continue
AU-128,J-250101,IM-11,M-2260,2025-01-13 06:14:00,QC-04,16,2426847.0,1;2;3;4;5;6;7;8;9;10;11;12;13;14;15;16,WE5,continue
AU-129,J-250101,IM-11,M-2260,2025-01-13 06:15:00,QC-01,9,2426847.0,1;2;3;4;5;6;7;8;9,WE4;WE5,adjust
AU-130,J-250101,IM-11,M-2260,2025-01-13 06:05:00,QC-01,9,2426847.0,1;2;3;4;5;6;7;8;9,WE5,adjust
AU-131,J-250101,IM-11,M-2260,2025-01-13 06:16:00,QC-04,10,2426847.0,1;2;3;4;5;6;7;8;9;10,WE4;WE5,adjust
AU-132,J-250101,IM-11,M-2260,2025-01-13 06:24:00,QC-01,12,2426847.0,1;2;3;4;5;6;7;8;9;10;11;12,WE5,hold
AU-133,J-250101,IM-11,M-2260,2025-01-13 06:05:00,QC-04,6,2426847.0,1;2;3;4;5;6,WE4;WE5,continue
AU-134,J-250101,IM-11,M-2260,2025-01-13 06:06:00,QC-04,17,2426847.0,1;2;3;4;5;6;7;8;9;10;11;12;13;14;15;16;1,WE5,hold
AU-135,J-250101,IM-11,M-2260,2025-01-13 06:05:00,QC-04,12,2426847.0,1;2;3;4;5;6;7;8;9;10;11;12,,continue
AU-136,J-250101,IM-11,M-2260,2025-01-13 06:11:00,QC-04,11,2426847.0,1;2;3;4;5;6;7;8;9;10;11,WE5,hold
AU-137,J-250101,IM-11,M-2260,2025-01-13 06:12:00,QC-04,13,2426847.0,1;2;3;4;5;6;7;8;9;10;11;12;13,WE5,continue
AU-138,J-250101,IM-11,M-2260,2025-01-13 06:16:00,QC-04,10,2426847.0,1;2;3;4;5;6;7;8;9;10,WE4;WE5,continue
AU-139,J-250101,IM-11,M-2260,2025-01-13 06:09:00,QC-01,17,2426847.0,1;2;3;4;5;6;7;8;9;10;11;12;13;14;15;16;1,WE5,adjust
AU-140,J-250101,IM-11,M-2260,2025-01-13 06:08:00,QC-01,17,2426847.0,1;2;3;4;5;6;7;8;9;10;11;12;13;14;15;16;1,WE5,adjust
AU-141,J-250101,IM-11,M-2260,2025-01-13 06:08:00,QC-04,18,2426847.0,1;2;3;4;5;6;7;8;9;10;11;12;13;14;15;16;1;2,WE5,hold
AU-142,J-250101,IM-11,M-2260,2025-01-13 06:09:00,QC-04,13,2426847.0,1;2;3;4;5;6;7;8;9;10;11;12;13,WE5,hold
AU-143,J-250101,IM-11,M-2260,2025-01-13 06:09:00,QC-04,6,2426847.0,1;2;3;4;5;6,WE5,continue
AU-144,J-250101,IM-11,M-2260,2025-01-13 06:16:00,QC-04,11,2426847.0,1;2;3;4;5;6;7;8;9;10;11,WE4;WE5,hold
AU-145,J-250101,IM-11,M-2260,2025-01-13 06:09:00,QC-04,8,,1;2;3;4;5;6;7;8,WE4;WE5,adjust
AU-146,J-250101,IM-11,M-2260,2025-01-13 06:14:00,QC-01,8,2426847.0,1;2;3;4;5;6;7;8,WE5,adjust
AU-147,J-250101,IM-11,M-2260,2025-01-13 06:07:00,QC-04,19,2426847.0,1;2;3;4;5;6;7;8;9;10;11;12;13;14;15;16;1;2;3,WE5,continue
AU-148,J-250101,IM-11,M-2260,2025-01-13 06:21:00,QC-04,19,2426847.0,1;2;3;4;5;6;7;8;9;10;11;12;13;14;15;16;1;2;3,,continue
AU-149,J-250101,IM-11,M-2260,2025-01-13 06:14:00,QC-01,13,2426847.0,1;2;3;4;5;6;7;8;9;10;11;12;13,WE5,adjust
AU-150,J-250101,IM-11,M-2260,2025-01-13 06:04:00,QC-04,14,2426847.0,1;2;3;4;5;6;7;8;9;10;11;12;13;14,,continue
AU-151,J-250101,IM-11,M-2260,2025-01-13 06:18:00,QC-01,14,2426847.0,1;2;3;4;5;6;7;8;9;10;11;12;13;14,WE5,adjust
AU-152,J-250101,IM-11,M-2260,2025-01-13 06:12:00,QC-04,14,2426847.0,1;2;3;4;5;6;7;8;9;10;11;12;13;14,WE4;WE5,adjust
AU-153,J-250101,IM-11,M-2260,2025-01-13 06:13:00,QC-01,13,,1;2;3;4;5;6;7;8;9;10;11;12;13,WE5,adjust
AU-154,J-250101,IM-11,M-2260,2025-01-13 06:06:00,QC-04,11,2426847.0,1;2;3;4;5;6;7;8;9;10;11,WE4;WE5,adjust
AU-155,J-250101,IM-11,M-2260,2025-01-13 06:20:00,QC-01,6,2426847.0,1;2;3;4;5;6,,continue
AU-156,J-250101,IM-11,M-2260,2025-01-13 06:11:00,QC-01,8,2426847.0,1;2;3;4;5;6;7;8,WE4;WE5,adjust
AU-157,J-250101,IM-11,M-2260,2025-01-13 06:16:00,QC-04,10,2426847.0,1;2;3;4;5;6;7;8;9;10,WE4;WE5,adjust
AU-158,J-250101,IM-11,M-2260,2025-01-13 06:14:00,QC-01,17,2426847.0,1;2;3;4;5;6;7;8;9;10;11;12;13;14;15;16;1,WE5,adjust
AU-159,J-250101,IM-11,M-2260,2025-01-13 06:12:00,QC-04,13,2426847.0,1;2;3;4;5;6;7;8;9;10;11;12;13,WE4;WE5,adjust
AU-160,J-250101,IM-11,M-2260,2025-01-13 06:06:00,QC-01,9,2426847.0,1;2;3;4;5;6;7;8;9,WE4;WE5,adjust
AU-161,J-250101,IM-11,M-2260,2025-01-13 06:12:00,QC-01,13,,1;2;3;4;5;6;7;8;9;10;11;12;13,WE4;WE5,continue
AU-162,J-250101,IM-11,M-2260,2025-01-13 06:21:00,QC-04,11,2426847.0,1;2;3;4;5;6;7;8;9;10;11,,continue
AU-163,J-250101,IM-11,M-2260,2025-01-13 06:21:00,QC-04,13,2426847.0,1;2;3;4;5;6;7;8;9;10;11;12;13,,continue
AU-164,J-250101,IM-11,M-2260,2025-01-13 06:22:00,QC-04,13,,1;2;3;4;5;6;7;8;9;10;11;12;13,,continue
AU-165,J-250101,IM-11,M-2260,2025-01-13 06:04:00,QC-04,11,2426847.0,1;2;3;4;5;6;7;8;9;10;11,,continue
AU-166,J-250101,IM-11,M-2260,2025-01-13 06:17:00,QC-01,18,2426847.0,1;2;3;4;5;6;7;8;9;10;11;12;13;14;15;16;1;2,WE5,adjust
AU-167,J-250101,IM-11,M-2260,2025-01-13 06:24:00,QC-04,18,2426847.0,1;2;3;4;5;6;7;8;9;10;11;12;13;14;15;16;1;2,WE5,adjust
AU-168,J-250101,IM-11,M-2260,2025-01-13 06:20:00,QC-01,12,2426847.0,1;2;3;4;5;6;7;8;9;10;11;12,,continue
AU-169,J-250101,IM-11,M-2260,2025-01-13 06:10:00,QC-04,16,2426847.0,1;2;3;4;5;6;7;8;9;10;11;12;13;14;15;16,WE5,continue
AU-170,J-250101,IM-11,M-2260,2025-01-13 06:23:00,QC-04,19,,1;2;3;4;5;6;7;8;9;10;11;12;13;14;15;16;1;2;3,WE5,hold
AU-171,J-250101,IM-11,M-2260,2025-01-13 06:21:00,QC-01,12,2426847.0,1;2;3;4;5;6;7;8;9;10;11;12,,continue
AU-172,J-250101,IM-11,M-2260,2025-01-13 06:24:00,QC-04,15,,1;2;3;4;5;6;7;8;9;10;11;12;13;14;15,WE5,adjust
AU-173,J-250101,IM-11,M-2260,2025-01-13 06:16:00,QC-04,19,2426847.0,1;2;3;4;5;6;7;8;9;10;11;12;13;14;15;16;1;2;3,WE4;WE5,hold
AU-174,J-250101,IM-11,M-2260,2025-01-13 06:19:00,QC-01,11,2426899.0,1;2;3;4;5;6;7;8;9;10;11,,continue
AU-175,J-250101,IM-11,M-2260,2025-01-13 07:28:00,QC-01,14,2427099.0,1;2;3;4;5;6;7;8;9;10;11;12;13;14,WE5,continue
AU-176,J-250101,IM-11,M-2260,2025-01-13 08:20:00,QC-01,18,2427262.0,1;2;3;4;5;6;7;8;9;10;11;12;13;14;15;16;1;2,WE5,continue
AU-177,J-250101,IM-11,M-2260,2025-01-13 09:31:00,QC-04,15,2427376.0,1;2;3;4;5;6;7;8;9;10;11;12;13;14;15,,continue
AU-178,J-250101,IM-11,M-2260,2025-01-13 10:28:00,QC-04,10,2427566.0,1;2;3;4;5;6;7;8;9;10,,continue
AU-179,J-250101,IM-11,M-2260,2025-01-13 11:25:00,QC-01,13,2427766.0,1;2;3;4;5;6;7;8;9;10;11;12;13,,continue
AU-180,J-250101,IM-11,M-2260,2025-01-13 12:29:00,QC-04,15,2427966.0,1;2;3;4;5;6;7;8;9;10;11;12;13;14;15,,continue
AU-181,J-250101,IM-11,M-2260,2025-01-13 13:34:00,QC-04,9,2428166.0,1;2;3;4;5;6;7;8;9,,continue
AU-182,J-250101,IM-11,M-2260,2025-01-13 14:34:00,QC-05,8,2428287.0,1;2;3;4;5;6;7;8,,continue
AU-183,J-250101,IM-11,M-2260,2025-01-13 15:21:00,QC-05,6,2428487.0,1;2;3;4;5;6,,continue
AU-184,J-250101,IM-11,M-2260,2025-01-13 16:21:00,QC-05,8,,1;2;3;4;5;6;7;8,,continue
AU-185,J-250101,IM-11,M-2260,2025-01-13 17:36:00,QC-02,19,2428794.0,1;2;3;4;5;6;7;8;9;10;11;12;13;14;15;16;1;2;3,,continue
AU-186,J-250101,IM-11,M-2260,2025-01-13 18:27:00,QC-02,11,2428994.0,1;2;3;4;5;6;7;8;9;10;11,,continue
AU-187,J-250101,IM-11,M-2260,2025-01-13 19:24:00,QC-05,6,2429194.0,1;2;3;4;5;6,,continue
AU-188,J-250101,IM-11,M-2260,2025-01-13 20:41:00,QC-02,6,2429356.0,1;2;3;4;5;6,,continue
AU-189,J-250101,IM-11,M-2260,2025-01-13 21:27:00,QC-02,17,2429551.0,1;2;3;4;5;6;7;8;9;10;11;12;13;14;15;16;1,,continue
AU-190,J-250101,IM-11,M-2260,2025-01-13 23:22:00,QC-06,17,2429710.0,1;2;3;4;5;6;7;8;9;10;11;12;13;14;15;16;1,,continue
AU-191,J-250101,IM-11,M-2260,2025-01-13 23:32:00,QC-06,18,2429769.0,1;2;3;4;5;6;7;8;9;10;11;12;13;14;15;16;1;2,,continue
AU-192,J-250101,IM-11,M-2260,2025-01-14 00:21:00,QC-03,13,2429969.0,1;2;3;4;5;6;7;8;9;10;11;12;13,,continue
AU-193,J-250101,IM-11,M-2260,2025-01-14 01:22:00,QC-03,9,2430169.0,1;2;3;4;5;6;7;8;9,,continue
AU-194,J-250101,IM-11,M-2260,2025-01-14 02:36:00,QC-06,8,,1;2;3;4;5;6;7;8,,continue
AU-195,J-250101,IM-11,M-2260,2025-01-14 03:53:00,QC-06,15,2430372.0,1;2;3;4;5;6;7;8;9;10;11;12;13;14;15,,continue
AU-196,J-250101,IM-11,M-2260,2025-01-14 04:33:00,QC-03,18,2430495.0,1;2;3;4;5;6;7;8;9;10;11;12;13;14;15;16;1;2,,continue
AU-197,J-250101,IM-11,M-2260,2025-01-14 05:24:00,QC-03,10,2430695.0,1;2;3;4;5;6;7;8;9;10,,continue
AU-198,J-250101,IM-11,M-2260,2025-01-14 07:10:00,QC-04,16,2430847.0,1;2;3;4;5;6;7;8;9;10;11;12;13;14;15;16,,continue
AU-199,J-250101,IM-11,M-2260,2025-01-14 07:21:00,QC-01,15,2430923.0,1;2;3;4;5;6;7;8;9;10;11;12;13;14;15,,continue
AU-200,J-250101,IM-11,M-2260,2025-01-14 08:38:00,QC-04,12,2431123.0,1;2;3;4;5;6;7;8;9;10;11;12,,continue
AU-201,J-250101,IM-11,M-2260,2025-01-14 09:29:00,QC-01,8,2431305.0,1;2;3;4;5;6;7;8,,continue
AU-202,J-250101,IM-11,M-2260,2025-01-14 10:40:00,QC-04,6,,1;2;3;4;5;6,,continue
