tally_id,job_id,press_id,shift_date,shift,cavity_id,defect_code,qty,hour_bucket,entered_by,entered_ts
TL-1,J-250100,IM-12,2025-01-09,A,1.0,sink,1,11,PK-04,2025-01-09 14:43:00
TL-2,J-250100,IM-12,2025-01-09,A,,flash,1,11,PK-05,2025-01-09 15:37:00
TL-3,J-250100,IM-12,2025-01-09,A,,sink,1,11,PK-02,2025-01-09 16:08:00
TL-4,J-250100,IM-12,2025-01-09,A,1.0,void,1,13,PK-04,2025-01-09 19:26:00
TL-5,J-250100,IM-12,2025-01-09,A,2.0,weld_line,1,13,PK-02,2025-01-09 18:15:00
TL-6,J-250100,IM-12,2025-01-09,A,,void,1,13,PK-02,2025-01-09 19:02:00
TL-7,J-250100,IM-12,2025-01-09,B,1.0,sink,1,14,PK-06,2025-01-09 20:20:00
TL-8,J-250100,IM-12,2025-01-09,B,,black_specks,2,15,PK-04,2025-01-09 20:24:00
TL-9,J-250100,IM-12,2025-01-09,B,2.0,black_specks,1,16,PK-08,2025-01-09 18:22:00
TL-10,J-250100,IM-12,2025-01-09,B,,other,1,16,PK-08,2025-01-09 21:28:00
TL-11,J-250100,IM-12,2025-01-09,B,1.0,contamination,1,17,PK-04,2025-01-09 18:03:00
TL-12,J-250100,IM-12,2025-01-09,C,2.0,weld_line,1,23,PK-08,2025-01-10 04:59:00
TL-13,J-250100,IM-12,2025-01-09,C,,other,1,23,PK-02,2025-01-10 05:52:00
TL-14,J-250100,IM-12,2025-01-09,C,,weld_line,1,23,PK-03,2025-01-10 02:22:00
TL-15,J-250100,IM-12,2025-01-09,C,1.0,black_specks,1,0,PK-04,2025-01-10 02:57:00
TL-16,J-250100,IM-12,2025-01-09,C,,sink,1,0,PK-02,2025-01-10 06:01:00
TL-17,J-250100,IM-12,2025-01-09,C,1.0,burn,1,1,PK-07,2025-01-10 04:22:00
TL-18,J-250100,IM-12,2025-01-09,C,,sink,1,2,PK-03,2025-01-10 03:57:00
TL-19,J-250100,IM-12,2025-01-09,C,2.0,flash,1,3,PK-04,2025-01-10 09:18:00
TL-20,J-250100,IM-12,2025-01-09,C,2.0,black_specks,1,4,PK-04,2025-01-10 08:49:00
TL-21,J-250100,IM-12,2025-01-10,A,2.0,other,1,6,PK-01,2025-01-10 12:51:00
TL-22,J-250100,IM-12,2025-01-10,A,2.0,sink,1,6,PK-06,2025-01-10 12:23:00
TL-23,J-250100,IM-12,2025-01-10,A,,weld_line,1,6,PK-08,2025-01-10 09:48:00
TL-24,J-250100,IM-12,2025-01-10,A,2.0,dimensional,1,7,PK-07,2025-01-10 13:13:00
TL-25,J-250100,IM-12,2025-01-10,A,,flash,1,7,PK-04,2025-01-10 10:10:00
TL-26,J-250100,IM-12,2025-01-10,A,,flash,1,8,PK-07,2025-01-10 12:53:00
TL-27,J-250100,IM-12,2025-01-10,A,,black_specks,1,9,PK-03,2025-01-10 14:14:00
TL-28,J-250100,IM-12,2025-01-10,A,2.0,flash,1,10,PK-02,2025-01-10 15:27:00
TL-29,J-250100,IM-12,2025-01-10,A,,other,1,10,PK-02,2025-01-10 11:10:00
TL-30,J-250100,IM-12,2025-01-10,A,1.0,contamination,1,11,PK-06,2025-01-10 16:05:00
TL-31,J-250100,IM-12,2025-01-10,A,1.0,sink,1,11,PK-07,2025-01-10 14:54:00
TL-32,J-250100,IM-12,2025-01-10,A,2.0,flash,1,11,PK-01,2025-01-10 15:01:00
TL-33,J-250100,IM-12,2025-01-10,A,,sink,1,13,PK-02,2025-01-10 15:30:00
TL-34,J-250100,IM-12,2025-01-10,B,2.0,black_specks,1,16,PK-01,2025-01-10 17:45:00
TL-35,J-250100,IM-12,2025-01-10,C,1.0,black_specks,1,1,PK-05,2025-01-11 05:44:00
TL-36,J-250100,IM-12,2025-01-10,C,1.0,sink,1,2,PK-07,2025-01-11 08:43:00
TL-37,J-250100,IM-12,2025-01-10,C,,flash,1,2,PK-03,2025-01-11 03:54:00
TL-38,J-250100,IM-12,2025-01-10,C,2.0,weld_line,1,4,PK-06,2025-01-11 09:36:00
TL-39,J-250100,IM-12,2025-01-10,C,,weld_line,1,4,PK-06,2025-01-11 08:13:00
TL-40,J-250100,IM-12,2025-01-10,C,1.0,sink,1,5,PK-06,2025-01-11 08:41:00
TL-41,J-250100,IM-12,2025-01-10,C,2.0,weld_line,1,5,PK-03,2025-01-11 09:17:00
TL-42,J-250100,IM-12,2025-01-13,A,,sink,1,6,PK-02,2025-01-13 09:07:00
TL-43,J-250100,IM-12,2025-01-13,A,2.0,sink,1,7,PK-08,2025-01-13 09:08:00
TL-44,J-250100,IM-12,2025-01-13,A,,black_specks,2,7,PK-02,2025-01-13 12:10:00
TL-45,J-250100,IM-12,2025-01-13,A,1.0,black_specks,1,9,PK-07,2025-01-13 15:04:00
TL-46,J-250100,IM-12,2025-01-13,A,1.0,flash,1,9,PK-07,2025-01-13 10:52:00
TL-47,J-250100,IM-12,2025-01-13,A,,contamination,1,9,PK-02,2025-01-13 10:13:00
TL-48,J-250100,IM-12,2025-01-13,A,2.0,black_specks,1,10,PK-02,2025-01-13 12:53:00
TL-49,J-250100,IM-12,2025-01-13,A,1.0,black_specks,1,11,PK-01,2025-01-13 15:28:00
TL-50,J-250100,IM-12,2025-01-13,A,2.0,sink,1,11,PK-06,2025-01-13 17:59:00
TL-51,J-250100,IM-12,2025-01-13,A,,black_specks,1,11,PK-06,2025-01-13 15:02:00
TL-52,J-250100,IM-12,2025-01-13,A,,sink,1,12,PK-01,2025-01-13 15:00:00
TL-53,J-250100,IM-12,2025-01-13,B,,black_specks,1,14,PK-02,2025-01-13 20:47:00
TL-54,J-250100,IM-12,2025-01-13,B,1.0,black_specks,1,16,PK-02,2025-01-13 20:36:00
TL-55,J-250101,IM-11,2025-01-10,A,1.0,sink,1,8,PK-03,2025-01-10 12:44:00
TL-56,J-250101,IM-11,2025-01-10,A,14.0,black_specks,1,8,PK-04,2025-01-10 11:35:00
TL-57,J-250101,IM-11,2025-01-10,A,15.0,sink,1,8,PK-05,2025-01-10 12:16:00
TL-58,J-250101,IM-11,2025-01-10,A,,other,2,8,PK-07,2025-01-10 09:21:00
TL-59,J-250101,IM-11,2025-01-10,A,,sink,1,8,PK-08,2025-01-10 13:44:00
TL-60,J-250101,IM-11,2025-01-10,A,,weld_line,1,8,PK-01,2025-01-10 10:12:00
TL-61,J-250101,IM-11,2025-01-10,A,16.0,sink,1,8,PK-05,2025-01-10 10:38:00
TL-62,J-250101,IM-11,2025-01-10,A,4.0,sink,1,9,PK-08,2025-01-10 15:14:00
TL-63,J-250101,IM-11,2025-01-10,A,10.0,black_specks,1,9,PK-03,2025-01-10 11:48:00
TL-64,J-250101,IM-11,2025-01-10,A,10.0,weld_line,1,9,PK-06,2025-01-10 15:44:00
TL-65,J-250101,IM-11,2025-01-10,A,13.0,flash,1,9,PK-02,2025-01-10 11:27:00
TL-66,J-250101,IM-11,2025-01-10,A,,black_specks,2,9,PK-05,2025-01-10 12:19:00
TL-67,J-250101,IM-11,2025-01-10,A,,contamination,1,9,PK-07,2025-01-10 11:35:00
TL-68,J-250101,IM-11,2025-01-10,A,,flash,4,9,PK-02,2025-01-10 10:52:00
TL-69,J-250101,IM-11,2025-01-10,A,,other,2,9,PK-04,2025-01-10 12:07:00
TL-70,J-250101,IM-11,2025-01-10,A,,sink,1,9,PK-01,2025-01-10 14:55:00
TL-71,J-250101,IM-11,2025-01-10,A,1.0,black_specks,1,10,PK-03,2025-01-10 13:02:00
TL-72,J-250101,IM-11,2025-01-10,A,1.0,contamination,1,10,PK-07,2025-01-10 16:56:00
TL-73,J-250101,IM-11,2025-01-10,A,2.0,flash,1,10,PK-06,2025-01-10 11:37:00
TL-74,J-250101,IM-11,2025-01-10,A,6.0,other,1,10,PK-02,2025-01-10 13:26:00
TL-75,J-250101,IM-11,2025-01-10,A,6.0,weld_line,1,10,PK-03,2025-01-10 11:47:00
TL-76,J-250101,IM-11,2025-01-10,A,9.0,flash,1,10,PK-04,2025-01-10 15:16:00
TL-77,J-250101,IM-11,2025-01-10,A,9.0,splay,1,10,PK-03,2025-01-10 13:00:00
TL-78,J-250101,IM-11,2025-01-10,A,12.0,flash,1,10,PK-07,2025-01-10 12:51:00
TL-79,J-250101,IM-11,2025-01-10,A,12.0,sink,1,10,PK-07,2025-01-10 12:12:00
TL-80,J-250101,IM-11,2025-01-10,A,,black_specks,1,10,PK-07,2025-01-10 16:52:00
TL-81,J-250101,IM-11,2025-01-10,A,,contamination,2,10,PK-04,2025-01-10 11:41:00
TL-82,J-250101,IM-11,2025-01-10,A,,flash,3,10,PK-08,2025-01-10 11:28:00
TL-83,J-250101,IM-11,2025-01-10,A,,gate_vestige,1,10,PK-07,2025-01-10 14:16:00
TL-84,J-250101,IM-11,2025-01-10,A,,sink,2,10,PK-06,2025-01-10 14:39:00
TL-85,J-250101,IM-11,2025-01-10,A,,splay,1,10,PK-04,2025-01-10 13:12:00
TL-86,J-250101,IM-11,2025-01-10,A,9.0,other,1,11,PK-01,2025-01-10 12:30:00
TL-87,J-250101,IM-11,2025-01-10,A,11.0,other,1,11,PK-08,2025-01-10 17:25:00
TL-88,J-250101,IM-11,2025-01-10,A,12.0,black_specks,1,11,PK-03,2025-01-10 13:11:00
TL-89,J-250101,IM-11,2025-01-10,A,12.0,flash,1,11,PK-01,2025-01-10 12:59:00
TL-90,J-250101,IM-11,2025-01-10,A,15.0,weld_line,1,11,PK-03,2025-01-10 15:50:00
TL-91,J-250101,IM-11,2025-01-10,A,,flash,1,11,PK-06,2025-01-10 14:18:00
TL-92,J-250101,IM-11,2025-01-10,A,,weld_line,1,11,PK-02,2025-01-10 15:50:00
TL-93,J-250101,IM-11,2025-01-10,A,6.0,flash,1,12,PK-04,2025-01-10 15:15:00
TL-94,J-250101,IM-11,2025-01-10,A,12.0,sink,1,12,PK-02,2025-01-10 18:10:00
TL-95,J-250101,IM-11,2025-01-10,A,14.0,flash,1,12,PK-07,2025-01-10 14:53:00
TL-96,J-250101,IM-11,2025-01-10,A,,contamination,2,12,PK-01,2025-01-10 16:53:00
TL-97,J-250101,IM-11,2025-01-10,A,,flash,2,12,PK-03,2025-01-10 15:38:00
TL-98,J-250101,IM-11,2025-01-10,A,,sink,1,12,PK-02,2025-01-10 13:21:00
TL-99,J-250101,IM-11,2025-01-10,A,,splay,1,12,PK-04,2025-01-10 14:23:00
TL-100,J-250101,IM-11,2025-01-10,A,,weld_line,1,12,PK-04,2025-01-10 17:42:00
TL-101,J-250101,IM-11,2025-01-10,A,1.0,flash,1,13,PK-02,2025-01-10 16:02:00
TL-102,J-250101,IM-11,2025-01-10,A,5.0,flash,1,13,PK-05,2025-01-10 18:24:00
TL-103,J-250101,IM-11,2025-01-10,A,6.0,flash,1,13,PK-08,2025-01-10 17:18:00
TL-104,J-250101,IM-11,2025-01-10,A,8.0,flash,1,13,PK-08,2025-01-10 15:49:00
TL-105,J-250101,IM-11,2025-01-10,A,8.0,other,2,13,PK-02,2025-01-10 18:21:00
TL-106,J-250101,IM-11,2025-01-10,A,9.0,sink,2,13,PK-04,2025-01-10 18:44:00
TL-107,J-250101,IM-11,2025-01-10,A,12.0,gate_vestige,1,13,PK-01,2025-01-10 16:48:00
TL-108,J-250101,IM-11,2025-01-10,A,,black_specks,1,13,PK-01,2025-01-10 19:47:00
TL-109,J-250101,IM-11,2025-01-10,A,,flash,4,13,PK-04,2025-01-10 19:26:00
TL-110,J-250101,IM-11,2025-01-10,A,,short_shot,1,13,PK-07,2025-01-10 14:01:00
TL-111,J-250101,IM-11,2025-01-10,A,,sink,1,13,PK-03,2025-01-10 15:47:00
TL-112,J-250101,IM-11,2025-01-10,A,,weld_line,1,13,PK-06,2025-01-10 19:01:00
TL-113,J-250101,IM-11,2025-01-10,A,16.0,flash,1,13,PK-02,2025-01-10 16:23:00
TL-114,J-250101,IM-11,2025-01-10,A,,contamination,1,14,PK-08,2025-01-10 20:02:00
TL-115,J-250101,IM-11,2025-01-10,B,1.0,black_specks,1,14,PK-01,2025-01-10 19:46:00
TL-116,J-250101,IM-11,2025-01-10,B,1.0,flash,1,14,PK-07,2025-01-10 19:34:00
TL-117,J-250101,IM-11,2025-01-10,B,2.0,flash,1,14,PK-07,2025-01-10 20:26:00
TL-118,J-250101,IM-11,2025-01-10,B,4.0,contamination,1,14,PK-06,2025-01-10 19:52:00
TL-119,J-250101,IM-11,2025-01-10,B,4.0,sink,1,14,PK-03,2025-01-10 18:36:00
TL-120,J-250101,IM-11,2025-01-10,B,5.0,weld_line,1,14,PK-07,2025-01-10 16:14:00
TL-121,J-250101,IM-11,2025-01-10,B,7.0,flash,1,14,PK-01,2025-01-10 15:55:00
TL-122,J-250101,IM-11,2025-01-10,B,8.0,contamination,1,14,PK-04,2025-01-10 15:53:00
TL-123,J-250101,IM-11,2025-01-10,B,12.0,flash,1,14,PK-04,2025-01-10 15:57:00
TL-124,J-250101,IM-11,2025-01-10,B,14.0,flash,1,14,PK-07,2025-01-10 16:24:00
TL-125,J-250101,IM-11,2025-01-10,B,14.0,other,1,14,PK-07,2025-01-10 19:05:00
TL-126,J-250101,IM-11,2025-01-10,B,,contamination,2,14,PK-02,2025-01-10 17:18:00
TL-127,J-250101,IM-11,2025-01-10,B,,gate_vestige,1,14,PK-06,2025-01-10 18:01:00
TL-128,J-250101,IM-11,2025-01-10,B,,other,2,14,PK-07,2025-01-10 15:32:00
TL-129,J-250101,IM-11,2025-01-10,B,16.0,other,1,14,PK-07,2025-01-10 17:03:00
TL-130,J-250101,IM-11,2025-01-10,B,4.0,sink,1,15,PK-03,2025-01-10 18:40:00
TL-131,J-250101,IM-11,2025-01-10,B,6.0,contamination,1,15,PK-02,2025-01-10 18:43:00
TL-132,J-250101,IM-11,2025-01-10,B,7.0,sink,1,15,PK-01,2025-01-10 17:45:00
TL-133,J-250101,IM-11,2025-01-10,B,9.0,sink,1,15,PK-04,2025-01-10 19:23:00
TL-134,J-250101,IM-11,2025-01-10,B,,flash,1,15,PK-01,2025-01-10 21:22:00
TL-135,J-250101,IM-11,2025-01-10,B,,gate_vestige,1,15,PK-01,2025-01-10 17:10:00
TL-136,J-250101,IM-11,2025-01-10,B,,other,2,15,PK-01,2025-01-10 20:10:00
TL-137,J-250101,IM-11,2025-01-10,B,,splay,1,15,PK-05,2025-01-10 21:14:00
TL-138,J-250101,IM-11,2025-01-10,B,,warp,1,15,PK-07,2025-01-10 17:12:00
TL-139,J-250101,IM-11,2025-01-10,B,3.0,flash,3,16,PK-06,2025-01-10 18:34:00
TL-140,J-250101,IM-11,2025-01-10,B,3.0,weld_line,1,16,PK-05,2025-01-10 19:50:00
TL-141,J-250101,IM-11,2025-01-10,B,4.0,flash,1,16,PK-04,2025-01-10 17:27:00
TL-142,J-250101,IM-11,2025-01-10,B,5.0,flash,1,16,PK-07,2025-01-10 22:36:00
TL-143,J-250101,IM-11,2025-01-10,B,6.0,short_shot,1,16,PK-07,2025-01-10 20:28:00
TL-144,J-250101,IM-11,2025-01-10,B,6.0,weld_line,1,16,PK-05,2025-01-10 21:22:00
TL-145,J-250101,IM-11,2025-01-10,B,10.0,flash,2,16,PK-05,2025-01-10 21:16:00
TL-146,J-250101,IM-11,2025-01-10,B,14.0,flash,1,16,PK-06,2025-01-10 17:32:00
TL-147,J-250101,IM-11,2025-01-10,B,,black_specks,2,16,PK-07,2025-01-10 22:59:00
TL-148,J-250101,IM-11,2025-01-10,B,,contamination,1,16,PK-03,2025-01-10 18:43:00
TL-149,J-250101,IM-11,2025-01-10,B,,flash,1,16,PK-04,2025-01-10 21:11:00
TL-150,J-250101,IM-11,2025-01-10,B,,other,1,16,PK-01,2025-01-10 19:11:00
TL-151,J-250101,IM-11,2025-01-10,B,,sink,1,16,PK-08,2025-01-10 19:33:00
TL-152,J-250101,IM-11,2025-01-10,B,,warp,2,16,PK-04,2025-01-10 19:20:00
TL-153,J-250101,IM-11,2025-01-10,B,1.0,flash,1,17,PK-03,2025-01-10 22:11:00
TL-154,J-250101,IM-11,2025-01-10,B,3.0,flash,1,17,PK-08,2025-01-10 18:40:00
TL-155,J-250101,IM-11,2025-01-10,B,7.0,flash,1,17,PK-08,2025-01-10 20:05:00
TL-156,J-250101,IM-11,2025-01-10,B,8.0,black_specks,1,17,PK-08,2025-01-10 23:04:00
TL-157,J-250101,IM-11,2025-01-10,B,8.0,other,1,17,PK-06,2025-01-10 21:16:00
TL-158,J-250101,IM-11,2025-01-10,B,14.0,flash,1,17,PK-03,2025-01-10 21:41:00
TL-159,J-250101,IM-11,2025-01-10,B,,contamination,1,17,PK-08,2025-01-10 22:12:00
TL-160,J-250101,IM-11,2025-01-10,B,,flash,3,17,PK-02,2025-01-10 22:33:00
TL-161,J-250101,IM-11,2025-01-10,B,,weld_line,1,17,PK-03,2025-01-10 21:36:00
TL-162,J-250101,IM-11,2025-01-10,B,1.0,flash,2,18,PK-02,2025-01-10 20:07:00
TL-163,J-250101,IM-11,2025-01-10,B,4.0,flash,1,18,PK-05,2025-01-10 23:52:00
TL-164,J-250101,IM-11,2025-01-10,B,4.0,gate_vestige,1,18,PK-04,2025-01-10 22:27:00
TL-165,J-250101,IM-11,2025-01-10,B,7.0,flash,2,18,PK-04,2025-01-10 23:51:00
TL-166,J-250101,IM-11,2025-01-10,B,9.0,flash,1,18,PK-01,2025-01-10 21:11:00
TL-167,J-250101,IM-11,2025-01-10,B,,black_specks,1,18,PK-05,2025-01-10 20:45:00
TL-168,J-250101,IM-11,2025-01-10,B,,flash,5,18,PK-02,2025-01-10 21:16:00
TL-169,J-250101,IM-11,2025-01-10,B,,other,1,18,PK-04,2025-01-11 00:56:00
TL-170,J-250101,IM-11,2025-01-10,B,,warp,1,18,PK-02,2025-01-10 19:56:00
TL-171,J-250101,IM-11,2025-01-10,B,11.0,sink,1,19,PK-02,2025-01-10 22:08:00
TL-172,J-250101,IM-11,2025-01-10,B,13.0,black_specks,1,19,PK-05,2025-01-11 00:27:00
TL-173,J-250101,IM-11,2025-01-10,B,14.0,black_specks,2,19,PK-01,2025-01-10 21:40:00
TL-174,J-250101,IM-11,2025-01-10,B,14.0,flash,1,19,PK-07,2025-01-10 23:19:00
TL-175,J-250101,IM-11,2025-01-10,B,,black_specks,2,19,PK-06,2025-01-10 20:25:00
TL-176,J-250101,IM-11,2025-01-10,B,,flash,5,19,PK-01,2025-01-10 20:15:00
TL-177,J-250101,IM-11,2025-01-10,B,,sink,2,19,PK-02,2025-01-10 21:16:00
TL-178,J-250101,IM-11,2025-01-10,B,,weld_line,1,19,PK-07,2025-01-10 23:37:00
TL-179,J-250101,IM-11,2025-01-10,B,2.0,flash,1,20,PK-04,2025-01-11 00:53:00
TL-180,J-250101,IM-11,2025-01-10,B,4.0,flash,1,20,PK-05,2025-01-10 21:23:00
TL-181,J-250101,IM-11,2025-01-10,B,4.0,sink,1,20,PK-02,2025-01-11 01:41:00
TL-182,J-250101,IM-11,2025-01-10,B,5.0,flash,1,20,PK-05,2025-01-11 01:15:00
TL-183,J-250101,IM-11,2025-01-10,B,5.0,sink,1,20,PK-04,2025-01-10 23:26:00
TL-184,J-250101,IM-11,2025-01-10,B,7.0,flash,2,20,PK-08,2025-01-10 21:47:00
TL-185,J-250101,IM-11,2025-01-10,B,13.0,flash,1,20,PK-05,2025-01-10 23:29:00
TL-186,J-250101,IM-11,2025-01-10,B,,flash,4,20,PK-04,2025-01-11 02:54:00
TL-187,J-250101,IM-11,2025-01-10,B,,splay,1,20,PK-04,2025-01-11 00:30:00
TL-188,J-250101,IM-11,2025-01-10,B,16.0,sink,1,20,PK-05,2025-01-11 01:36:00
TL-189,J-250101,IM-11,2025-01-10,B,2.0,contamination,1,21,PK-01,2025-01-10 23:24:00
TL-190,J-250101,IM-11,2025-01-10,B,3.0,flash,1,21,PK-04,2025-01-10 22:06:00
TL-191,J-250101,IM-11,2025-01-10,B,7.0,flash,1,21,PK-04,2025-01-11 02:45:00
TL-192,J-250101,IM-11,2025-01-10,B,8.0,gate_vestige,1,21,PK-08,2025-01-11 02:47:00
TL-193,J-250101,IM-11,2025-01-10,B,12.0,contamination,1,21,PK-01,2025-01-11 00:42:00
TL-194,J-250101,IM-11,2025-01-10,B,12.0,other,1,21,PK-04,2025-01-11 01:21:00
TL-195,J-250101,IM-11,2025-01-10,B,13.0,contamination,1,21,PK-03,2025-01-11 00:46:00
TL-196,J-250101,IM-11,2025-01-10,B,14.0,flash,1,21,PK-08,2025-01-11 03:06:00
TL-197,J-250101,IM-11,2025-01-10,B,,black_specks,1,21,PK-07,2025-01-10 22:56:00
TL-198,J-250101,IM-11,2025-01-10,B,,contamination,1,21,PK-03,2025-01-11 02:46:00
TL-199,J-250101,IM-11,2025-01-10,B,,flash,3,21,PK-05,2025-01-11 01:35:00
TL-200,J-250101,IM-11,2025-01-10,B,,splay,1,21,PK-04,2025-01-11 00:04:00
