scrap_id,work_order_id,press_id,scrap_date,defect_code,quantity_scrapped,unit_cost,material_cost,labor_cost,total_scrap_cost
SC-1,WO-60000,IM-01,2025-01-07,specks,257,1.095,168.88,112.58,281.46
SC-2,WO-60000,IM-01,2025-01-07,dimensional,257,0.589,90.83,60.56,151.39
SC-3,WO-60000,IM-01,2025-01-07,flash,257,1.167,179.96,119.97,299.93
SC-4,WO-60001,IM-01,2025-01-12,sink,108,0.121,7.84,5.22,13.06
SC-5,WO-60001,IM-01,2025-01-12,contamination,108,0.663,42.95,28.63,71.58
SC-6,WO-60001,IM-01,2025-01-12,splay,108,0.912,59.12,39.41,98.53
SC-7,WO-60002,IM-01,2025-01-15,black_specks,71,0.269,11.46,7.64,19.11
SC-8,WO-60002,IM-01,2025-01-15,contamination,71,0.605,25.76,17.17,42.93
SC-9,WO-60002,IM-01,2025-01-15,silver streaks,71,0.718,30.57,20.38,50.94
SC-10,WO-60003,IM-01,2025-01-19,contamination,26,0.202,3.15,2.1,5.26
SC-11,WO-60004,IM-01,2025-01-20,splay,157,1.275,120.14,80.1,200.24
SC-12,WO-60004,IM-01,2025-01-20,contamination,157,0.95,89.51,59.68,149.19
SC-13,WO-60004,IM-01,2025-01-20,sink,157,0.351,33.08,22.05,55.13
SC-14,WO-60005,IM-01,2025-01-29,warp,82,0.208,10.25,6.83,17.08
SC-15,WO-60005,IM-01,2025-01-29,Splay/Moisture,82,0.898,44.19,29.46,73.66
SC-16,WO-60005,IM-01,2025-01-29,flash,82,0.496,24.39,16.26,40.65
SC-17,WO-60006,IM-01,2025-02-02,splay,18,0.225,2.43,1.62,4.05
SC-18,WO-60007,IM-01,2025-02-05,short_shot,218,0.681,89.08,59.39,148.47
SC-19,WO-60007,IM-01,2025-02-05,contamination,218,1.157,151.33,100.89,252.22
SC-20,WO-60007,IM-01,2025-02-05,splay,218,1.077,140.82,93.88,234.7
SC-21,WO-60008,IM-01,2025-02-08,flash,131,0.992,77.95,51.97,129.92
SC-22,WO-60008,IM-01,2025-02-08,Short Shot,131,1.33,104.51,69.68,174.19
SC-23,WO-60008,IM-01,2025-02-08,splay,131,0.635,49.91,33.27,83.18
SC-24,WO-60009,IM-01,2025-02-15,warp,283,0.42,71.27,47.51,118.78
SC-25,WO-60009,IM-01,2025-02-15,black_specks,283,0.482,81.83,54.55,136.38
SC-26,WO-60009,IM-01,2025-02-15,SINK,283,1.362,231.3,154.2,385.49
SC-27,WO-60010,IM-01,2025-02-17,warp,102,0.581,35.56,23.71,59.27
SC-28,WO-60010,IM-01,2025-02-17,flash,102,0.168,10.29,6.86,17.16
SC-29,WO-60010,IM-01,2025-02-17,sink,102,0.421,25.74,17.16,42.89
SC-30,WO-60011,IM-01,2025-02-24,Warped,275,1.245,205.41,136.94,342.34
SC-31,WO-60011,IM-01,2025-02-24,non fill,275,0.354,58.34,38.89,97.23
SC-32,WO-60011,IM-01,2025-02-24,dimensional,275,0.315,51.98,34.65,86.63
SC-33,WO-60012,IM-01,2025-03-04,BLACK SPECKS,226,1.317,178.55,119.03,297.58
SC-34,WO-60012,IM-01,2025-03-04,contamination,226,1.353,183.5,122.33,305.83
SC-35,WO-60012,IM-01,2025-03-04,Splay/Moisture,226,1.058,143.48,95.65,239.13
SC-36,WO-60013,IM-01,2025-03-13,contamination,77,0.868,40.11,26.74,66.86
SC-37,WO-60013,IM-01,2025-03-13,dimensional,77,1.218,56.29,37.53,93.82
SC-38,WO-60013,IM-01,2025-03-13,short_shot,77,0.981,45.34,30.23,75.57
SC-39,WO-60014,IM-01,2025-03-19,Dimensional,54,1.233,39.96,26.64,66.59
SC-40,WO-60014,IM-01,2025-03-19,Blk Spk,54,0.706,22.89,15.26,38.15
SC-41,WO-60014,IM-01,2025-03-19,short_shot,54,0.392,12.71,8.47,21.18
SC-42,WO-60015,IM-01,2025-03-28,sink marks,809,1.215,589.95,393.3,983.25
SC-43,WO-60015,IM-01,2025-03-28,dimensional,809,1.196,580.77,387.18,967.95
SC-44,WO-60015,IM-01,2025-03-28,black_specks,809,0.729,354.03,236.02,590.06
SC-45,WO-60016,IM-01,2025-03-29,splay,31,0.953,17.73,11.82,29.56
SC-46,WO-60017,IM-01,2025-04-01,black_specks,599,1.142,410.26,273.5,683.76
SC-47,WO-60017,IM-01,2025-04-01,other,599,0.684,245.81,163.87,409.68
SC-48,WO-60017,IM-01,2025-04-01,FLASH,599,1.313,472.06,314.7,786.76
SC-49,WO-60018,IM-01,2025-04-02,splay,56,1.253,42.11,28.08,70.19
SC-50,WO-60018,IM-01,2025-04-02,Flash,56,0.102,3.42,2.28,5.71
SC-51,WO-60018,IM-01,2025-04-02,sink,56,0.986,33.12,22.08,55.2
SC-52,WO-60019,IM-01,2025-04-03,sink,28,0.168,2.81,1.88,4.69
SC-53,WO-60020,IM-01,2025-04-08,contamination,84,1.206,60.78,40.52,101.3
SC-54,WO-60020,IM-01,2025-04-08,dimensional,84,0.294,14.84,9.89,24.73
SC-55,WO-60020,IM-01,2025-04-08,sink,84,1.319,66.48,44.32,110.81
SC-56,WO-60021,IM-01,2025-04-11,SINK,87,1.105,57.69,38.46,96.15
SC-57,WO-60021,IM-01,2025-04-11,WARP,87,1.11,57.97,38.64,96.61
SC-58,WO-60021,IM-01,2025-04-11,flash,87,1.107,57.79,38.53,96.32
SC-59,WO-60022,IM-01,2025-04-12,black_specks,127,0.437,33.29,22.2,55.49
SC-60,WO-60022,IM-01,2025-04-12,contamination,127,1.135,86.48,57.65,144.13
SC-61,WO-60022,IM-01,2025-04-12,splay,127,0.874,66.58,44.39,110.96
SC-62,WO-60023,IM-01,2025-04-13,other,148,0.8,71.08,47.38,118.46
SC-63,WO-60023,IM-01,2025-04-13,OOT,148,0.301,26.75,17.83,44.58
SC-64,WO-60023,IM-01,2025-04-13,black_specks,148,0.603,53.53,35.69,89.22
SC-65,WO-60024,IM-01,2025-04-23,warp,67,1.19,47.84,31.89,79.73
SC-66,WO-60024,IM-01,2025-04-23,Sink Mark,67,0.792,31.84,21.23,53.07
SC-67,WO-60024,IM-01,2025-04-23,black_specks,67,0.283,11.4,7.6,18.99
SC-68,WO-60025,IM-01,2025-04-25,Sink Mark,456,0.782,213.84,142.56,356.4
SC-69,WO-60025,IM-01,2025-04-25,out of tol,456,1.311,358.59,239.06,597.65
SC-70,WO-60025,IM-01,2025-04-25,warp,456,1.354,370.59,247.06,617.65
SC-71,WO-60026,IM-01,2025-04-26,BLACK SPECKS,168,0.964,97.21,64.8,162.01
SC-72,WO-60026,IM-01,2025-04-26,dimensional,168,1.307,131.77,87.84,219.61
SC-73,WO-60026,IM-01,2025-04-26,SHORT,168,0.67,67.49,44.99,112.48
SC-74,WO-60027,IM-01,2025-05-02,flash,459,0.282,77.65,51.76,129.41
SC-75,WO-60027,IM-01,2025-05-02,contamination,459,0.202,55.66,37.11,92.77
SC-76,WO-60027,IM-01,2025-05-02,sink,459,0.413,113.76,75.84,189.6
SC-77,WO-60028,IM-01,2025-05-03,flashing,140,0.173,14.52,9.68,24.19
SC-78,WO-60028,IM-01,2025-05-03,Sink Mark,140,1.22,102.51,68.34,170.85
SC-79,WO-60028,IM-01,2025-05-03,other,140,0.764,64.21,42.81,107.01
SC-80,WO-60029,IM-01,2025-05-05,foreign material,119,0.81,57.83,38.55,96.39
SC-81,WO-60029,IM-01,2025-05-05,other,119,0.893,63.79,42.53,106.31
SC-82,WO-60029,IM-01,2025-05-05,silver streaks,119,0.5,35.71,23.81,59.51
SC-83,WO-60030,IM-01,2025-05-11,CONTAM,22,1.11,14.65,9.77,24.42
SC-84,WO-60031,IM-01,2025-05-13,contamination,14,1.147,9.64,6.42,16.06
SC-85,WO-60032,IM-01,2025-05-29,warp,1025,0.601,369.38,246.26,615.64
SC-86,WO-60032,IM-01,2025-05-29,Short Shot,1025,0.537,330.41,220.27,550.68
SC-87,WO-60032,IM-01,2025-05-29,other,1025,1.03,633.29,422.19,1055.48
SC-88,WO-60033,IM-01,2025-05-31,black_specks,212,0.462,58.83,39.22,98.05
SC-89,WO-60033,IM-01,2025-05-31,Contam,212,0.636,80.88,53.92,134.81
SC-90,WO-60033,IM-01,2025-05-31,splay,212,1.293,164.49,109.66,274.15
SC-91,WO-60034,IM-01,2025-06-09,flashing,51,0.389,11.9,7.94,19.84
SC-92,WO-60034,IM-01,2025-06-09,sink,51,1.343,41.1,27.4,68.51
SC-93,WO-60034,IM-01,2025-06-09,dimensional,51,0.387,11.84,7.9,19.74
SC-94,WO-60035,IM-01,2025-06-13,short_shot,469,1.369,385.19,256.79,641.98
SC-95,WO-60035,IM-01,2025-06-13,foreign material,469,0.925,260.21,173.48,433.69
SC-96,WO-60035,IM-01,2025-06-13,other,469,0.155,43.59,29.06,72.65
SC-97,WO-60036,IM-01,2025-06-16,Contam,175,0.784,82.36,54.9,137.26
SC-98,WO-60036,IM-01,2025-06-16,sink marks,175,0.307,32.2,21.47,53.67
SC-99,WO-60036,IM-01,2025-06-16,flash,175,0.378,39.73,26.49,66.22
SC-100,WO-60037,IM-01,2025-06-21,sink,39,0.202,4.74,3.16,7.9
SC-101,WO-60037,IM-01,2025-06-21,Splay/Moisture,39,0.618,14.46,9.64,24.1
SC-102,WO-60038,IM-01,2025-06-23,warp,248,1.088,161.96,107.97,269.93
SC-103,WO-60038,IM-01,2025-06-23,dimensional,248,0.29,43.18,28.79,71.96
SC-104,WO-60038,IM-01,2025-06-23,FLASH,248,0.91,135.45,90.3,225.75
SC-105,WO-60039,IM-01,2025-06-25,other,220,0.577,76.13,50.75,126.88
SC-106,WO-60039,IM-01,2025-06-25,short_shot,220,0.896,118.28,78.85,197.13
SC-107,WO-60039,IM-01,2025-06-25,dimensional,220,0.188,24.84,16.56,41.4
SC-108,WO-60040,IM-01,2025-06-26,other,40,0.263,6.3,4.2,10.5
SC-109,WO-60040,IM-01,2025-06-26,sink,40,0.9,21.6,14.4,36.01
SC-110,WO-60041,IM-01,2025-06-26,short_shot,217,0.64,83.34,55.56,138.89
SC-111,WO-60041,IM-01,2025-06-26,black_specks,217,1.137,148.08,98.72,246.8
SC-112,WO-60041,IM-01,2025-06-26,contamination,217,0.817,106.34,70.89,177.23
SC-113,WO-60042,IM-01,2025-07-01,Dimensional,8,1.247,5.99,3.99,9.98
SC-114,WO-60043,IM-01,2025-07-02,warp,648,0.517,200.93,133.96,334.89
SC-115,WO-60043,IM-01,2025-07-02,BLACK SPECKS,648,0.94,365.29,243.53,608.82
SC-116,WO-60043,IM-01,2025-07-02,short_shot,648,0.422,164.2,109.46,273.66
SC-117,WO-60044,IM-01,2025-07-14,contamination,134,1.228,98.71,65.81,164.52
SC-118,WO-60044,IM-01,2025-07-14,other,134,0.819,65.87,43.91,109.78
SC-119,WO-60044,IM-01,2025-07-14,short_shot,134,0.693,55.69,37.12,92.81
SC-120,WO-60045,IM-01,2025-07-16,warpage,757,0.663,301.12,200.75,501.87
SC-121,WO-60045,IM-01,2025-07-16,sink,757,0.661,300.09,200.06,500.15
SC-122,WO-60045,IM-01,2025-07-16,black_specks,757,0.378,171.57,114.38,285.95
SC-123,WO-60046,IM-01,2025-07-20,other,239,0.909,130.33,86.89,217.22
SC-124,WO-60046,IM-01,2025-07-20,dimensional,239,0.234,33.56,22.37,55.94
SC-125,WO-60046,IM-01,2025-07-20,Flash,239,1.088,156.03,104.02,260.05
SC-126,WO-60047,IM-01,2025-07-22,misc,81,0.912,44.31,29.54,73.85
SC-127,WO-60047,IM-01,2025-07-22,OOT,81,0.269,13.06,8.71,21.77
SC-128,WO-60047,IM-01,2025-07-22,short_shot,81,1.229,59.71,39.81,99.52
SC-129,WO-60048,IM-01,2025-07-25,contamination,1,1.126,0.68,0.45,1.13
SC-130,WO-60049,IM-01,2025-07-28,short_shot,361,1.196,258.95,172.63,431.58
SC-131,WO-60049,IM-01,2025-07-28,other,361,1.326,287.29,191.53,478.82
SC-132,WO-60049,IM-01,2025-07-28,FLASH,361,0.333,72.19,48.12,120.31
SC-133,WO-60050,IM-01,2025-07-30,OOT,93,0.218,12.19,8.12,20.31
SC-134,WO-60050,IM-01,2025-07-30,other,93,1.245,69.47,46.31,115.78
SC-135,WO-60050,IM-01,2025-07-30,contamination,93,1.166,65.04,43.36,108.39
SC-136,WO-60051,IM-01,2025-08-11,silver streaks,25,0.444,6.66,4.44,11.11
SC-137,WO-60052,IM-01,2025-08-24,warp,22,0.275,3.63,2.42,6.05
SC-138,WO-60053,IM-01,2025-08-26,sink,169,0.265,26.84,17.89,44.74
SC-139,WO-60053,IM-01,2025-08-26,,169,1.257,127.42,84.95,212.37
SC-140,WO-60053,IM-01,2025-08-26,black_specks,169,0.453,45.94,30.62,76.56
SC-141,WO-60054,IM-01,2025-08-27,dimensional,19,0.792,9.03,6.02,15.05
SC-142,WO-60055,IM-01,2025-09-02,warp,28,1.061,17.82,11.88,29.71
SC-143,WO-60056,IM-01,2025-09-02,SINK,448,0.589,158.22,105.48,263.71
SC-144,WO-60056,IM-01,2025-09-02,other,448,0.742,199.35,132.9,332.25
SC-145,WO-60056,IM-01,2025-09-02,Contamination,448,0.718,192.86,128.58,321.44
SC-146,WO-60057,IM-01,2025-09-04,sink marks,213,0.425,54.29,36.19,90.48
SC-147,WO-60057,IM-01,2025-09-04,flash,213,0.49,62.59,41.73,104.32
SC-148,WO-60057,IM-01,2025-09-04,out of tol,213,1.327,169.63,113.09,282.71
SC-149,WO-60058,IM-01,2025-09-06,Short Shot,301,0.509,91.93,61.29,153.22
SC-150,WO-60058,IM-01,2025-09-06,misc,301,0.671,121.19,80.79,201.98
SC-151,WO-60058,IM-01,2025-09-06,contamination,301,0.335,60.58,40.39,100.96
SC-152,WO-60059,IM-01,2025-09-10,contamination,107,1.093,70.18,46.78,116.96
SC-153,WO-60059,IM-01,2025-09-10,sink,107,0.873,56.07,37.38,93.45
SC-154,WO-60059,IM-01,2025-09-10,Warp,107,0.424,27.25,18.17,45.41
SC-155,WO-60060,IM-01,2025-09-15,flash,115,1.089,75.14,50.1,125.24
SC-156,WO-60060,IM-01,2025-09-15,Black Specks,115,1.033,71.26,47.51,118.76
SC-157,WO-60060,IM-01,2025-09-15,warp,115,1.3,89.73,59.82,149.54
SC-158,WO-60061,IM-01,2025-09-15,splay,457,0.893,244.88,163.25,408.14
SC-159,WO-60061,IM-01,2025-09-15,SHORT,457,1.361,373.07,248.72,621.79
SC-160,WO-60061,IM-01,2025-09-15,sink,457,0.466,127.74,85.16,212.9
SC-161,WO-60062,IM-01,2025-09-22,flash,77,0.673,31.1,20.73,51.83
SC-162,WO-60062,IM-01,2025-09-22,Blk Spk,77,1.102,50.93,33.96,84.89
SC-163,WO-60062,IM-01,2025-09-22,warp,77,0.18,8.29,5.53,13.82
SC-164,WO-60063,IM-01,2025-09-23,sink marks,293,1.191,209.33,139.56,348.89
SC-165,WO-60063,IM-01,2025-09-23,flash,293,0.249,43.79,29.19,72.99
SC-166,WO-60063,IM-01,2025-09-23,contamination,293,0.447,78.58,52.39,130.96
SC-167,WO-60064,IM-01,2025-10-04,contamination,11,0.535,3.53,2.35,5.89
SC-168,WO-60065,IM-01,2025-10-04,OOT,187,1.354,151.91,101.27,253.19
SC-169,WO-60065,IM-01,2025-10-04,SHORT,187,1.162,130.41,86.94,217.35
SC-170,WO-60065,IM-01,2025-10-04,warp,187,0.486,54.56,36.37,90.93
SC-171,WO-60066,IM-01,2025-10-09,SPLAY,50,1.081,32.44,21.63,54.06
SC-172,WO-60066,IM-01,2025-10-09,dimensional,50,0.757,22.71,15.14,37.85
SC-173,WO-60066,IM-01,2025-10-09,other,50,0.483,14.5,9.66,24.16
SC-174,WO-60067,IM-01,2025-10-20,contamination,102,1.143,69.95,46.64,116.59
SC-175,WO-60067,IM-01,2025-10-20,silver streaks,102,0.105,6.43,4.29,10.72
SC-176,WO-60067,IM-01,2025-10-20,flashing,102,0.949,58.11,38.74,96.85
SC-177,WO-60068,IM-01,2025-10-25,black_specks,46,0.476,13.13,8.75,21.88
SC-178,WO-60068,IM-01,2025-10-25,short_shot,46,1.373,37.89,25.26,63.15
SC-179,WO-60069,IM-01,2025-10-26,other,393,0.618,145.7,97.13,242.83
SC-180,WO-60069,IM-01,2025-10-26,Sink,393,1.139,268.56,179.04,447.6
SC-181,WO-60069,IM-01,2025-10-26,Short shot,393,0.515,121.47,80.98,202.44
SC-182,WO-60070,IM-01,2025-10-30,flash,827,0.428,212.46,141.64,354.09
SC-183,WO-60070,IM-01,2025-10-30,short,827,1.366,677.8,451.87,1129.67
SC-184,WO-60070,IM-01,2025-10-30,contamination,827,0.698,346.13,230.76,576.89
SC-185,WO-60071,IM-01,2025-10-31,Short shot,428,0.742,190.43,126.96,317.39
SC-186,WO-60071,IM-01,2025-10-31,Splay,428,0.756,194.07,129.38,323.46
SC-187,WO-60071,IM-01,2025-10-31,Sink,428,0.852,218.82,145.88,364.7
SC-188,WO-60072,IM-01,2025-11-02,short_shot,151,1.309,118.63,79.09,197.72
SC-189,WO-60072,IM-01,2025-11-02,contamination,151,0.715,64.81,43.21,108.02
SC-190,WO-60072,IM-01,2025-11-02,Dimensional,151,0.437,39.55,26.37,65.92
SC-191,WO-60073,IM-01,2025-11-04,short_shot,156,0.265,24.78,16.52,41.31
SC-192,WO-60073,IM-01,2025-11-04,Blk Spk,156,0.853,79.81,53.21,133.02
SC-193,WO-60073,IM-01,2025-11-04,splay,156,1.126,105.42,70.28,175.7
SC-194,WO-60074,IM-01,2025-11-20,Short Shot,219,0.763,100.24,66.83,167.07
SC-195,WO-60074,IM-01,2025-11-20,DIM,219,0.947,124.4,82.94,207.34
SC-196,WO-60074,IM-01,2025-11-20,WARP,219,0.259,34.06,22.7,56.76
SC-197,WO-60075,IM-01,2025-11-22,splay,21,1.129,14.22,9.48,23.71
SC-198,WO-60076,IM-01,2025-11-23,sink,37,1.321,29.33,19.55,48.89
SC-199,WO-60076,IM-01,2025-11-23,other,37,0.714,15.86,10.57,26.43
SC-200,WO-60077,IM-01,2025-11-29,dimensional,147,0.816,72.0,48.0,120.0
