change_id,press_id,job_id,change_ts,parameter,old_value,new_value,technician_id,reason_code,approved_by
SC-C273,IM-12,J-250100,2025-01-09 10:13:14,melt_temp_c,,282.0,TC-04,changeover,QE-01
SC-C274,IM-12,J-250100,2025-01-09 10:14:41,cycle_time_s,,55.0,TC-04,changeover,QE-01
SC-C272,IM-12,J-250100,2025-01-09 10:16:43,hold_pressure_bar,,570.0,TC-04,changeover,QE-01
SC-1,IM-12,J-250100,2025-01-09 11:14:10,hold_pressure_bar,570.0,570.0,TC-04,first_shot_approval,QE-01
SC-C275,IM-11,J-250101,2025-01-10 07:42:17,hold_pressure_bar,,912.0,TC-04,changeover,QE-01
SC-C276,IM-11,J-250101,2025-01-10 07:43:43,melt_temp_c,,282.0,TC-04,changeover,QE-01
SC-C277,IM-11,J-250101,2025-01-10 07:48:06,cycle_time_s,,18.0,TC-04,changeover,QE-01
SC-4,IM-11,J-250101,2025-01-10 08:08:46,hold_pressure_bar,912.0,912.0,TC-04,first_shot_approval,QE-01
SC-2,IM-12,J-250100,2025-01-10 08:41:22,melt_temp_c,282.0,279.2,TC-01,drift_correction,QE-01
SC-3,IM-12,J-250100,2025-01-10 15:00:27,melt_temp_c,279.2,282.3,TC-02,drift_correction,QE-01
SC-C279,IM-12,J-250102,2025-01-14 02:36:26,melt_temp_c,,282.0,TC-03,changeover,QE-01
SC-C280,IM-12,J-250102,2025-01-14 02:41:39,cycle_time_s,,24.0,TC-03,changeover,QE-01
SC-C278,IM-12,J-250102,2025-01-14 02:57:52,hold_pressure_bar,,779.0,TC-03,changeover,QE-01
SC-5,IM-12,J-250102,2025-01-14 03:28:26,hold_pressure_bar,779.0,779.0,TC-03,first_shot_approval,QE-01
SC-C282,IM-11,J-250103,2025-01-16 13:37:42,melt_temp_c,,282.0,TC-04,changeover,
SC-C281,IM-11,J-250103,2025-01-16 13:49:26,hold_pressure_bar,,570.0,TC-04,unknown,QE-01
SC-C283,IM-11,J-250103,2025-01-16 13:52:43,cycle_time_s,,55.0,TC-04,changeover,QE-01
SC-6,IM-11,J-250103,2025-01-16 14:30:37,hold_pressure_bar,570.0,570.0,TC-04,first_shot_approval,QE-01
SC-C285,IM-12,J-250104,2025-01-20 06:12:36,melt_temp_c,,282.0,TC-04,changeover,QE-01
SC-C286,IM-12,J-250104,2025-01-20 06:17:06,cycle_time_s,,26.0,TC-04,changeover,QE-01
SC-11,IM-12,J-250104,2025-01-20 06:24:17,hold_pressure_bar,798.0,798.0,TC-04,first_shot_approval,QE-01
SC-C284,IM-12,J-250104,2025-01-20 06:28:34,hold_pressure_bar,,798.0,TC-04,changeover,QE-01
SC-7,IM-11,J-250103,2025-01-20 07:19:37,melt_temp_c,282.0,270.0,TC-01,defect_response,QE-01
SC-8,IM-11,J-250103,2025-01-20 09:57:28,melt_temp_c,270.0,270.0,TC-01,defect_response,QE-01
SC-9,IM-11,J-250103,2025-01-20 13:13:30,melt_temp_c,270.0,270.0,TC-01,drift_correction,QE-01
SC-10,IM-11,J-250103,2025-01-20 14:36:52,melt_temp_c,270.0,270.0,TC-05,unknown,QE-01
SC-C288,IM-11,J-250105,2025-01-23 14:21:08,melt_temp_c,,282.0,TC-02,unknown,QE-01
SC-12,IM-11,J-250105,2025-01-23 14:28:32,hold_pressure_bar,912.0,912.0,TC-02,first_shot_approval,QE-01
SC-C289,IM-11,J-250105,2025-01-23 14:39:44,cycle_time_s,,18.0,TC-02,changeover,
SC-C287,IM-11,J-250105,2025-01-23 14:39:57,hold_pressure_bar,,912.0,TC-02,changeover,
SC-C292,IM-12,J-250106,2025-01-25 01:07:44,cycle_time_s,,41.0,TC-06,unknown,QE-01
SC-C291,IM-12,J-250106,2025-01-25 01:17:59,melt_temp_c,,282.0,TC-06,changeover,QE-01
SC-C290,IM-12,J-250106,2025-01-25 01:36:29,hold_pressure_bar,,732.0,TC-06,changeover,QE-01
SC-13,IM-12,J-250106,2025-01-25 02:34:49,hold_pressure_bar,732.0,732.0,TC-06,first_shot_approval,QE-01
SC-14,IM-12,J-250106,2025-01-28 15:38:30,hold_pressure_bar,732.0,707.0,TC-05,unknown,QE-01
SC-15,IM-12,J-250106,2025-01-28 18:51:00,hold_pressure_bar,707.0,736.0,TC-05,drift_correction,QE-01
SC-C295,IM-11,J-250107,2025-01-30 19:53:37,cycle_time_s,,26.0,TC-02,unknown,QE-01
SC-C294,IM-11,J-250107,2025-01-30 19:54:50,melt_temp_c,,282.0,TC-02,changeover,QE-01
SC-C293,IM-11,J-250107,2025-01-30 19:57:07,hold_pressure_bar,,798.0,TC-02,unknown,QE-01
SC-16,IM-11,J-250107,2025-01-30 20:11:30,hold_pressure_bar,798.0,798.0,TC-02,first_shot_approval,QE-01
SC-C296,IM-12,J-250108,2025-02-03 06:08:15,hold_pressure_bar,,779.0,TC-04,changeover,QE-01
SC-C298,IM-12,J-250108,2025-02-03 06:12:36,cycle_time_s,,24.0,TC-04,changeover,QE-01
SC-20,IM-12,J-250108,2025-02-03 06:19:59,hold_pressure_bar,779.0,779.0,TC-04,first_shot_approval,QE-01
SC-C297,IM-12,J-250108,2025-02-03 06:30:26,melt_temp_c,,282.0,TC-04,changeover,QE-01
SC-17,IM-11,J-250107,2025-02-03 19:26:38,hold_pressure_bar,798.0,765.3,TC-05,defect_response,QE-01
SC-18,IM-11,J-250107,2025-02-03 21:54:54,hold_pressure_bar,765.3,798.0,TC-05,drift_correction,QE-01
SC-19,IM-11,J-250107,2025-02-04 05:50:30,melt_temp_c,282.0,285.9,TC-03,unknown,QE-01
SC-C301,IM-11,J-250109,2025-02-06 15:21:21,cycle_time_s,,41.0,TC-05,changeover,QE-01
SC-C300,IM-11,J-250109,2025-02-06 15:35:13,melt_temp_c,,282.0,TC-05,changeover,QE-01
SC-21,IM-11,J-250109,2025-02-06 15:36:08,hold_pressure_bar,732.0,732.0,TC-05,first_shot_approval,QE-01
SC-C299,IM-11,J-250109,2025-02-06 15:54:12,hold_pressure_bar,,732.0,TC-05,unknown,QE-01
SC-22,IM-11,J-250109,2025-02-07 18:16:23,melt_temp_c,282.0,277.5,TC-05,defect_response,QE-01
SC-C302,IM-12,J-250110,2025-02-10 06:13:34,hold_pressure_bar,,732.0,TC-04,unknown,QE-01
SC-C303,IM-12,J-250110,2025-02-10 06:24:06,melt_temp_c,,282.0,TC-04,changeover,QE-01
SC-C304,IM-12,J-250110,2025-02-10 06:32:20,cycle_time_s,,41.0,TC-04,unknown,QE-01
SC-24,IM-12,J-250110,2025-02-10 06:45:05,hold_pressure_bar,732.0,732.0,TC-04,first_shot_approval,QE-01
SC-23,IM-11,J-250109,2025-02-13 07:18:55,melt_temp_c,277.5,275.7,TC-04,defect_response,QE-01
SC-C307,IM-11,J-250111,2025-02-17 06:06:14,cycle_time_s,,18.0,TC-04,changeover,QE-01
SC-26,IM-11,J-250111,2025-02-17 06:11:06,hold_pressure_bar,912.0,912.0,TC-04,first_shot_approval,QE-01
SC-C305,IM-11,J-250111,2025-02-17 06:26:54,hold_pressure_bar,,912.0,TC-04,changeover,QE-01
SC-C306,IM-11,J-250111,2025-02-17 06:32:31,melt_temp_c,,282.0,TC-04,unknown,QE-01
SC-25,IM-12,J-250110,2025-02-17 12:02:48,melt_temp_c,282.0,284.3,TC-04,unknown,QE-01
SC-27,IM-11,J-250111,2025-02-17 15:52:16,melt_temp_c,282.0,270.5,TC-02,unknown,QE-01
SC-C309,IM-12,J-250112,2025-02-20 00:20:25,melt_temp_c,,282.0,TC-06,changeover,QE-01
SC-C310,IM-12,J-250112,2025-02-20 00:30:12,cycle_time_s,,38.0,TC-06,changeover,QE-01
SC-C308,IM-12,J-250112,2025-02-20 00:42:53,hold_pressure_bar,,722.0,TC-06,changeover,QE-01
SC-32,IM-12,J-250112,2025-02-20 00:58:07,hold_pressure_bar,722.0,722.0,TC-06,first_shot_approval,QE-01
SC-28,IM-11,J-250111,2025-02-20 22:07:01,hold_pressure_bar,912.0,895.0,TC-03,drift_correction,QE-01
SC-29,IM-11,J-250111,2025-02-21 00:24:59,hold_pressure_bar,895.0,912.0,TC-06,drift_correction,QE-01
SC-30,IM-11,J-250111,2025-02-21 15:25:08,melt_temp_c,270.5,273.0,TC-05,drift_correction,QE-01
SC-31,IM-11,J-250111,2025-02-22 00:50:32,melt_temp_c,273.0,270.0,TC-06,unknown,QE-01
SC-C312,IM-11,J-250113,2025-02-25 07:23:13,melt_temp_c,,282.0,TC-01,changeover,QE-01
SC-C311,IM-11,J-250113,2025-02-25 07:24:38,hold_pressure_bar,,779.0,TC-01,changeover,QE-01
SC-33,IM-11,J-250113,2025-02-25 07:34:05,hold_pressure_bar,779.0,779.0,TC-01,first_shot_approval,QE-01
SC-C313,IM-11,J-250113,2025-02-25 07:44:10,cycle_time_s,,24.0,TC-01,changeover,QE-01
SC-C316,IM-12,J-250114,2025-02-27 00:12:26,cycle_time_s,,24.0,TC-06,changeover,QE-01
SC-C314,IM-12,J-250114,2025-02-27 00:21:44,hold_pressure_bar,,779.0,TC-06,changeover,QE-01
SC-C315,IM-12,J-250114,2025-02-27 00:23:15,melt_temp_c,,282.0,TC-06,unknown,QE-01
SC-34,IM-12,J-250114,2025-02-27 00:31:36,hold_pressure_bar,779.0,779.0,TC-06,first_shot_approval,QE-01
SC-C319,IM-11,J-250115,2025-03-03 06:21:16,cycle_time_s,,24.0,TC-04,changeover,QE-01
SC-35,IM-11,J-250115,2025-03-03 06:25:11,hold_pressure_bar,779.0,779.0,TC-04,first_shot_approval,QE-01
SC-C318,IM-11,J-250115,2025-03-03 06:33:13,melt_temp_c,,282.0,TC-04,changeover,QE-01
SC-C317,IM-11,J-250115,2025-03-03 06:36:45,hold_pressure_bar,,779.0,TC-04,unknown,
SC-36,IM-11,J-250115,2025-03-03 17:12:48,melt_temp_c,282.0,273.3,TC-05,defect_response,QE-01
SC-C322,IM-11,J-250116,2025-03-07 10:43:57,cycle_time_s,,38.0,TC-01,changeover,QE-01
SC-C321,IM-11,J-250116,2025-03-07 10:48:28,melt_temp_c,,282.0,TC-01,unknown,QE-01
SC-C320,IM-11,J-250116,2025-03-07 11:04:16,hold_pressure_bar,,722.0,TC-01,unknown,QE-01
SC-37,IM-11,J-250116,2025-03-07 11:12:06,hold_pressure_bar,722.0,722.0,TC-01,first_shot_approval,QE-01
SC-C324,IM-12,J-250117,2025-03-10 06:13:23,melt_temp_c,,282.0,TC-04,changeover,QE-01
SC-C323,IM-12,J-250117,2025-03-10 06:15:00,hold_pressure_bar,,912.0,TC-04,changeover,QE-01
SC-39,IM-12,J-250117,2025-03-10 06:22:12,hold_pressure_bar,912.0,912.0,TC-04,first_shot_approval,QE-01
SC-C325,IM-12,J-250117,2025-03-10 06:30:42,cycle_time_s,,18.0,TC-04,changeover,QE-01
SC-C328,IM-12,J-250118,2025-03-13 22:36:59,cycle_time_s,,26.0,TC-06,changeover,QE-01
SC-C326,IM-12,J-250118,2025-03-13 22:48:09,hold_pressure_bar,,798.0,TC-06,changeover,QE-01
SC-C327,IM-12,J-250118,2025-03-13 22:51:46,melt_temp_c,,282.0,TC-06,changeover,QE-01
SC-40,IM-12,J-250118,2025-03-13 23:04:10,hold_pressure_bar,798.0,798.0,TC-06,first_shot_approval,QE-01
SC-38,IM-11,J-250116,2025-03-14 08:09:51,melt_temp_c,282.0,278.9,TC-01,defect_response,QE-01
SC-C329,IM-11,J-250119,2025-03-17 12:04:21,hold_pressure_bar,,722.0,TC-01,changeover,QE-01
SC-C331,IM-11,J-250119,2025-03-17 12:29:48,cycle_time_s,,38.0,TC-01,changeover,QE-01
SC-C330,IM-11,J-250119,2025-03-17 12:30:47,melt_temp_c,,282.0,TC-01,changeover,QE-01
SC-41,IM-11,J-250119,2025-03-17 12:47:45,hold_pressure_bar,722.0,722.0,TC-01,first_shot_approval,QE-01
SC-42,IM-11,J-250119,2025-03-19 00:27:59,injection_velocity_mm_s,42.9,40.2,TC-06,drift_correction,QE-01
SC-43,IM-11,J-250119,2025-03-19 01:53:30,injection_velocity_mm_s,40.2,42.9,TC-03,drift_correction,QE-01
SC-C333,IM-12,J-250120,2025-03-20 18:43:02,melt_temp_c,,282.0,TC-05,unknown,QE-01
SC-C332,IM-12,J-250120,2025-03-20 18:49:34,hold_pressure_bar,,912.0,TC-05,unknown,QE-01
SC-C334,IM-12,J-250120,2025-03-20 19:03:44,cycle_time_s,,18.0,TC-05,changeover,QE-01
SC-44,IM-12,J-250120,2025-03-20 19:15:04,hold_pressure_bar,912.0,912.0,TC-05,first_shot_approval,QE-01
SC-45,IM-11,J-250121,2025-03-24 06:11:11,hold_pressure_bar,779.0,779.0,TC-04,first_shot_approval,QE-01
SC-C335,IM-11,J-250121,2025-03-24 06:20:40,hold_pressure_bar,,779.0,TC-04,changeover,
SC-C336,IM-11,J-250121,2025-03-24 06:24:25,melt_temp_c,,282.0,TC-04,unknown,QE-01
SC-C337,IM-11,J-250121,2025-03-24 06:33:06,cycle_time_s,,24.0,TC-04,changeover,QE-01
SC-C339,IM-12,J-250122,2025-03-29 04:07:02,melt_temp_c,,282.0,TC-06,changeover,QE-01
SC-C338,IM-12,J-250122,2025-03-29 04:07:39,hold_pressure_bar,,732.0,TC-06,unknown,QE-01
SC-C340,IM-12,J-250122,2025-03-29 04:18:51,cycle_time_s,,41.0,TC-06,unknown,QE-01
SC-46,IM-12,J-250122,2025-03-29 04:26:50,hold_pressure_bar,732.0,732.0,TC-06,first_shot_approval,QE-01
SC-C342,IM-11,J-250123,2025-03-31 06:22:28,melt_temp_c,,282.0,TC-04,changeover,QE-01
SC-C341,IM-11,J-250123,2025-03-31 06:26:35,hold_pressure_bar,,798.0,TC-04,changeover,QE-01
SC-47,IM-11,J-250123,2025-03-31 06:30:20,hold_pressure_bar,798.0,798.0,TC-04,first_shot_approval,QE-01
SC-C343,IM-11,J-250123,2025-03-31 06:35:10,cycle_time_s,,26.0,TC-04,changeover,
SC-48,IM-11,J-250123,2025-04-02 16:05:41,melt_temp_c,282.0,290.1,TC-02,defect_response,QE-01
SC-49,IM-11,J-250123,2025-04-03 18:07:02,injection_velocity_mm_s,63.2,66.3,TC-05,drift_correction,
SC-C345,IM-11,J-250124,2025-04-04 03:28:17,melt_temp_c,,282.0,TC-06,unknown,QE-01
SC-C344,IM-11,J-250124,2025-04-04 03:29:06,hold_pressure_bar,,912.0,TC-06,changeover,QE-01
SC-C346,IM-11,J-250124,2025-04-04 03:30:56,cycle_time_s,,18.0,TC-06,changeover,QE-01
SC-50,IM-11,J-250124,2025-04-04 03:36:43,hold_pressure_bar,912.0,912.0,TC-06,first_shot_approval,QE-01
SC-C348,IM-12,J-250125,2025-04-07 06:13:56,melt_temp_c,,282.0,TC-04,unknown,QE-01
SC-C349,IM-12,J-250125,2025-04-07 06:20:15,cycle_time_s,,55.0,TC-04,changeover,QE-01
SC-C347,IM-12,J-250125,2025-04-07 06:29:59,hold_pressure_bar,,570.0,TC-04,changeover,QE-01
SC-51,IM-12,J-250125,2025-04-07 06:43:04,hold_pressure_bar,570.0,570.0,TC-04,first_shot_approval,QE-01
SC-C352,IM-11,J-250126,2025-04-10 00:05:39,cycle_time_s,,55.0,TC-03,changeover,QE-01
SC-C351,IM-11,J-250126,2025-04-10 00:16:28,melt_temp_c,,282.0,TC-03,changeover,
SC-C350,IM-11,J-250126,2025-04-10 00:37:46,hold_pressure_bar,,570.0,TC-03,changeover,QE-01
SC-52,IM-11,J-250126,2025-04-10 01:30:28,hold_pressure_bar,570.0,570.0,TC-03,first_shot_approval,QE-01
SC-C354,IM-12,J-250127,2025-04-14 06:06:34,melt_temp_c,,282.0,TC-04,changeover,QE-01
SC-C353,IM-12,J-250127,2025-04-14 06:30:52,hold_pressure_bar,,732.0,TC-04,changeover,
SC-C355,IM-12,J-250127,2025-04-14 06:37:01,cycle_time_s,,41.0,TC-04,changeover,QE-01
SC-53,IM-11,J-250126,2025-04-14 06:44:58,melt_temp_c,282.0,287.3,TC-01,defect_response,QE-01
SC-54,IM-12,J-250127,2025-04-14 07:16:26,hold_pressure_bar,732.0,732.0,TC-04,first_shot_approval,QE-01
SC-55,IM-12,J-250127,2025-04-15 08:09:09,mold_temp_c,80.0,80.8,TC-01,unknown,QE-01
SC-C358,IM-11,J-250128,2025-04-19 02:44:05,cycle_time_s,,41.0,TC-06,changeover,QE-01
SC-C357,IM-11,J-250128,2025-04-19 02:53:51,melt_temp_c,,282.0,TC-06,changeover,QE-01
SC-C356,IM-11,J-250128,2025-04-19 03:13:34,hold_pressure_bar,,732.0,TC-06,changeover,QE-01
SC-56,IM-11,J-250128,2025-04-19 03:25:16,hold_pressure_bar,732.0,732.0,TC-06,first_shot_approval,QE-01
SC-C361,IM-12,J-250129,2025-04-21 06:25:47,cycle_time_s,,41.0,TC-04,changeover,QE-01
SC-C360,IM-12,J-250129,2025-04-21 06:36:35,melt_temp_c,,282.0,TC-04,unknown,QE-01
SC-C359,IM-12,J-250129,2025-04-21 06:37:02,hold_pressure_bar,,732.0,TC-04,changeover,QE-01
SC-61,IM-12,J-250129,2025-04-21 06:51:54,hold_pressure_bar,732.0,732.0,TC-04,first_shot_approval,QE-01
SC-57,IM-11,J-250128,2025-04-22 14:08:09,hold_pressure_bar,732.0,745.5,TC-02,defect_response,QE-01
SC-58,IM-11,J-250128,2025-04-22 16:20:58,hold_pressure_bar,745.5,732.0,TC-05,drift_correction,
SC-62,IM-12,J-250129,2025-04-23 04:46:19,melt_temp_c,282.0,285.5,TC-03,defect_response,QE-01
SC-C362,IM-11,J-250130,2025-04-28 06:11:24,hold_pressure_bar,,722.0,TC-04,changeover,QE-01
SC-C363,IM-11,J-250130,2025-04-28 06:16:22,melt_temp_c,,282.0,TC-04,changeover,QE-01
SC-C364,IM-11,J-250130,2025-04-28 06:20:42,cycle_time_s,,38.0,TC-04,unknown,QE-01
SC-63,IM-11,J-250130,2025-04-28 07:34:02,hold_pressure_bar,722.0,722.0,TC-04,first_shot_approval,QE-01
SC-59,IM-11,J-250128,2025-04-28 08:39:48,hold_pressure_bar,732.0,754.9,TC-04,unknown,QE-01
SC-60,IM-11,J-250128,2025-04-28 10:52:41,hold_pressure_bar,754.9,732.0,TC-04,drift_correction,
SC-66,IM-12,J-250131,2025-04-28 19:53:31,hold_pressure_bar,912.0,912.0,TC-02,first_shot_approval,QE-01
SC-C365,IM-12,J-250131,2025-04-28 19:54:34,hold_pressure_bar,,912.0,TC-02,changeover,QE-01
SC-C366,IM-12,J-250131,2025-04-28 19:54:37,melt_temp_c,,282.0,TC-02,changeover,QE-01
SC-C367,IM-12,J-250131,2025-04-28 19:58:19,cycle_time_s,,18.0,TC-02,changeover,QE-01
SC-64,IM-11,J-250130,2025-04-29 10:02:42,melt_temp_c,282.0,284.3,TC-04,unknown,
SC-65,IM-11,J-250130,2025-04-29 15:51:12,melt_temp_c,284.3,282.5,TC-02,drift_correction,
SC-67,IM-12,J-250131,2025-05-01 04:14:46,hold_pressure_bar,912.0,893.8,TC-03,drift_correction,QE-01
SC-68,IM-12,J-250131,2025-05-01 08:27:50,hold_pressure_bar,893.8,914.6,TC-01,drift_correction,QE-01
SC-C368,IM-12,J-250132,2025-05-05 06:06:07,hold_pressure_bar,,570.0,TC-04,changeover,QE-01
SC-C369,IM-12,J-250132,2025-05-05 06:23:09,melt_temp_c,,282.0,TC-04,unknown,QE-01
SC-C370,IM-12,J-250132,2025-05-05 06:37:46,cycle_time_s,,55.0,TC-04,unknown,QE-01
SC-69,IM-12,J-250132,2025-05-05 07:10:32,hold_pressure_bar,570.0,570.0,TC-04,first_shot_approval,QE-01
SC-C373,IM-11,J-250133,2025-05-05 11:21:55,cycle_time_s,,26.0,TC-04,changeover,QE-01
SC-C372,IM-11,J-250133,2025-05-05 11:22:21,melt_temp_c,,282.0,TC-04,unknown,QE-01
SC-72,IM-11,J-250133,2025-05-05 11:35:50,hold_pressure_bar,798.0,798.0,TC-04,first_shot_approval,QE-01
SC-C371,IM-11,J-250133,2025-05-05 11:39:13,hold_pressure_bar,,798.0,TC-04,changeover,QE-01
SC-73,IM-11,J-250133,2025-05-07 07:58:44,hold_pressure_bar,798.0,819.6,TC-04,unknown,
SC-74,IM-11,J-250133,2025-05-07 13:28:57,hold_pressure_bar,819.6,791.7,TC-04,unknown,
SC-70,IM-12,J-250132,2025-05-10 04:32:27,hold_pressure_bar,570.0,547.7,TC-06,unknown,QE-01
SC-C375,IM-11,J-250134,2025-05-12 06:10:41,melt_temp_c,,282.0,TC-01,changeover,QE-01
SC-C374,IM-11,J-250134,2025-05-12 06:20:15,hold_pressure_bar,,722.0,TC-01,changeover,QE-01
SC-C376,IM-11,J-250134,2025-05-12 06:23:33,cycle_time_s,,38.0,TC-01,unknown,QE-01
SC-75,IM-11,J-250134,2025-05-12 06:44:21,hold_pressure_bar,722.0,722.0,TC-01,first_shot_approval,QE-01
SC-71,IM-12,J-250132,2025-05-12 06:57:42,hold_pressure_bar,547.7,570.0,TC-04,drift_correction,QE-01
SC-C379,IM-12,J-250135,2025-05-13 17:53:05,cycle_time_s,,24.0,TC-05,changeover,QE-01
SC-76,IM-12,J-250135,2025-05-13 18:08:49,hold_pressure_bar,779.0,779.0,TC-05,first_shot_approval,QE-01
SC-C378,IM-12,J-250135,2025-05-13 18:09:34,melt_temp_c,,282.0,TC-05,changeover,
SC-C377,IM-12,J-250135,2025-05-13 18:16:08,hold_pressure_bar,,779.0,TC-05,changeover,
SC-C381,IM-11,J-250136,2025-05-16 10:20:15,melt_temp_c,,282.0,TC-01,changeover,
SC-77,IM-11,J-250136,2025-05-16 10:22:00,hold_pressure_bar,912.0,912.0,TC-01,first_shot_approval,QE-01
SC-C382,IM-11,J-250136,2025-05-16 10:27:16,cycle_time_s,,18.0,TC-01,changeover,QE-01
SC-C380,IM-11,J-250136,2025-05-16 10:33:32,hold_pressure_bar,,912.0,TC-01,unknown,QE-01
SC-78,IM-11,J-250136,2025-05-19 06:26:06,melt_temp_c,282.0,293.7,TC-01,defect_response,QE-01
SC-79,IM-11,J-250136,2025-05-19 07:58:48,melt_temp_c,293.7,294.0,TC-04,unknown,QE-01
SC-80,IM-11,J-250136,2025-05-19 11:05:55,melt_temp_c,294.0,294.0,TC-01,unknown,QE-01
SC-C383,IM-12,J-250137,2025-05-21 09:40:39,hold_pressure_bar,,732.0,TC-04,changeover,QE-01
SC-C385,IM-12,J-250137,2025-05-21 10:01:50,cycle_time_s,,41.0,TC-04,changeover,QE-01
SC-C384,IM-12,J-250137,2025-05-21 10:05:06,melt_temp_c,,282.0,TC-04,unknown,QE-01
SC-81,IM-12,J-250137,2025-05-21 10:45:48,hold_pressure_bar,732.0,732.0,TC-04,first_shot_approval,QE-01
SC-82,IM-12,J-250137,2025-05-22 01:28:04,melt_temp_c,282.0,287.3,TC-03,defect_response,QE-01
SC-C388,IM-11,J-250138,2025-05-26 06:05:33,cycle_time_s,,38.0,TC-04,changeover,QE-01
SC-C387,IM-11,J-250138,2025-05-26 06:33:45,melt_temp_c,,282.0,TC-04,unknown,QE-01
SC-C386,IM-11,J-250138,2025-05-26 06:36:07,hold_pressure_bar,,722.0,TC-04,unknown,QE-01
SC-85,IM-11,J-250138,2025-05-26 06:39:17,hold_pressure_bar,722.0,722.0,TC-04,first_shot_approval,QE-01
