shot_id,reviewed_ts,inspector_id,pieces_reviewed,pieces_confirmed_defective,defect_codes,pieces_good
74,2025-01-09 17:32:00,QC-01,2,0,,2
75,2025-01-09 14:37:00,QC-01,2,0,,2
76,2025-01-09 12:22:00,QC-01,2,0,,2
77,2025-01-09 13:49:00,QC-01,2,0,,2
78,2025-01-09 14:42:00,QC-04,2,0,,2
79,2025-01-09 15:27:00,QC-04,2,0,,2
80,2025-01-09 11:57:00,QC-01,2,0,,2
81,2025-01-09 11:53:00,QC-04,2,0,,2
82,2025-01-09 16:26:00,QC-04,2,1,sink,1
83,2025-01-09 17:17:00,QC-01,2,0,,2
84,2025-01-09 14:15:00,QC-04,2,0,,2
85,2025-01-09 13:12:00,QC-01,2,0,,2
86,2025-01-09 12:32:00,QC-01,2,1,sink,1
87,2025-01-09 14:30:00,QC-01,2,0,,2
88,2025-01-09 14:45:00,QC-01,2,0,,2
89,2025-01-09 11:53:00,QC-01,2,1,sink,1
90,2025-01-09 14:50:00,QC-01,2,0,,2
91,2025-01-09 12:37:00,QC-04,2,0,,2
99,2025-01-09 13:57:00,QC-01,2,0,,2
100,2025-01-09 16:12:00,QC-04,2,0,,2
101,2025-01-09 16:42:00,QC-01,2,0,,2
102,2025-01-09 12:14:00,QC-04,2,0,,2
103,2025-01-09 15:56:00,QC-01,2,0,,2
104,2025-01-09 17:41:00,QC-04,2,0,,2
105,2025-01-09 16:06:00,QC-01,2,0,,2
106,2025-01-09 12:59:00,QC-01,2,1,sink,1
131,2025-01-09 14:58:00,QC-04,2,0,,2
136,2025-01-09 16:28:00,QC-01,2,0,,2
619,2025-01-10 01:26:00,QC-02,2,0,,2
791,2025-01-09 23:48:00,QC-06,2,0,,2
820,2025-01-10 05:45:00,QC-03,2,1,flash,1
1185,2025-01-10 09:39:00,QC-04,2,0,,2
2002,2025-01-10 23:57:00,QC-05,2,1,flash,1
2844,2025-01-13 17:50:00,QC-01,2,1,warp,1
3158,2025-01-10 10:24:00,QC-04,16,1,void,15
3159,2025-01-10 08:13:00,QC-04,16,0,,16
3160,2025-01-10 13:44:00,QC-04,16,1,void,15
3161,2025-01-10 13:37:00,QC-01,16,4,black_specks;sink,12
3162,2025-01-10 09:00:00,QC-01,16,3,sink,13
3163,2025-01-10 09:09:00,QC-04,16,0,,16
3164,2025-01-10 09:34:00,QC-01,16,1,contamination,15
3165,2025-01-10 11:29:00,QC-01,16,0,,16
3173,2025-01-10 12:26:00,QC-04,16,1,sink,15
4710,2025-01-10 20:48:00,QC-05,16,11,flash,5
7008,2025-01-11 07:00:00,QC-06,16,11,flash,5
9337,2025-01-13 23:00:00,QC-05,16,7,flash,9
9425,2025-01-14 02:56:00,QC-02,16,10,flash,6
13116,2025-01-14 21:56:00,QC-05,16,12,flash,4
13850,2025-01-15 00:28:00,QC-06,16,10,flash,6
15177,2025-01-15 07:11:00,QC-04,16,10,flash,6
15365,2025-01-15 09:36:00,QC-01,16,11,flash,5
15871,2025-01-14 06:25:00,QC-06,8,8,dimensional;short_shot,0
15872,2025-01-14 07:15:00,QC-06,8,7,short_shot,1
15873,2025-01-14 05:03:00,QC-06,8,6,short_shot;sink,2
15874,2025-01-14 06:19:00,QC-06,8,6,dimensional;short_shot,2
15875,2025-01-14 08:22:00,QC-03,8,8,short_shot;sink;void,0
15876,2025-01-14 03:57:00,QC-06,8,8,short_shot;sink;void,0
15877,2025-01-14 03:56:00,QC-03,8,7,short_shot;sink,1
15878,2025-01-14 05:47:00,QC-06,8,8,short_shot;void,0
15879,2025-01-14 09:09:00,QC-06,8,7,dimensional;short_shot;sink,1
15880,2025-01-14 06:35:00,QC-03,8,5,dimensional;short_shot;sink,3
15881,2025-01-14 04:21:00,QC-03,8,6,dimensional;short_shot,2
15882,2025-01-14 07:45:00,QC-03,8,7,dimensional;short_shot;sink;void,1
15883,2025-01-14 06:40:00,QC-03,8,6,dimensional;short_shot;sink,2
15884,2025-01-14 04:13:00,QC-06,8,6,dimensional;short_shot;sink,2
15885,2025-01-14 06:50:00,QC-06,8,6,short_shot;void,2
15886,2025-01-14 04:11:00,QC-03,8,5,dimensional;short_shot;sink,3
15887,2025-01-14 06:42:00,QC-06,8,5,short_shot;sink,3
15888,2025-01-14 05:41:00,QC-06,8,6,dimensional;short_shot;sink;void,2
15889,2025-01-14 08:30:00,QC-06,8,7,dimensional;short_shot;sink;void,1
15890,2025-01-14 08:08:00,QC-03,8,5,short_shot;sink;void,3
15891,2025-01-14 04:04:00,QC-06,8,5,short_shot;sink;void,3
15892,2025-01-14 05:07:00,QC-06,8,5,dimensional;short_shot;void,3
15893,2025-01-14 08:37:00,QC-06,8,8,short_shot;sink;void,0
15894,2025-01-14 05:34:00,QC-06,8,6,short_shot;sink;void,2
15895,2025-01-14 07:59:00,QC-03,8,7,dimensional;short_shot;void,1
15896,2025-01-14 04:54:00,QC-06,8,6,short_shot;sink,2
15897,2025-01-14 08:11:00,QC-03,8,4,short_shot;sink,4
15898,2025-01-14 03:23:00,QC-03,8,4,dimensional;short_shot,4
15899,2025-01-14 07:01:00,QC-03,8,4,short_shot;sink,4
15900,2025-01-14 03:50:00,QC-03,8,7,dimensional;sink;void,1
15901,2025-01-14 08:57:00,QC-03,8,5,sink;void,3
15902,2025-01-14 08:52:00,QC-06,8,5,dimensional;short_shot;sink,3
15903,2025-01-14 07:38:00,QC-03,8,4,dimensional;short_shot;sink;void,4
15904,2025-01-14 05:46:00,QC-03,8,6,dimensional;short_shot;sink,2
15905,2025-01-14 06:43:00,QC-03,8,3,dimensional;sink,5
15906,2025-01-14 03:42:00,QC-06,8,5,dimensional;short_shot;sink,3
15907,2025-01-14 06:00:00,QC-03,8,4,dimensional;sink;void,4
15908,2025-01-14 09:06:00,QC-06,8,4,dimensional;sink,4
15909,2025-01-14 07:32:00,QC-03,8,6,dimensional;sink;void,2
15910,2025-01-14 03:54:00,QC-03,8,6,short_shot;sink,2
15911,2025-01-14 08:21:00,QC-06,8,3,dimensional;sink;void,5
15912,2025-01-14 07:31:00,QC-03,8,2,sink;void,6
15913,2025-01-14 05:11:00,QC-06,8,6,dimensional;short_shot;sink,2
15914,2025-01-14 06:05:00,QC-03,8,6,dimensional;sink;void,2
15915,2025-01-14 09:07:00,QC-03,8,5,dimensional;short_shot;sink;void,3
15916,2025-01-14 07:14:00,QC-06,8,6,sink;void,2
15917,2025-01-14 07:21:00,QC-06,8,4,short_shot;sink,4
15918,2025-01-14 04:42:00,QC-03,8,6,dimensional;short_shot;sink;void,2
15919,2025-01-14 08:59:00,QC-06,8,4,dimensional;sink,4
15920,2025-01-14 08:34:00,QC-06,8,5,dimensional;short_shot;sink,3
15921,2025-01-14 07:14:00,QC-06,8,3,dimensional;short_shot,5
15922,2025-01-14 08:44:00,QC-06,8,2,dimensional;void,6
15923,2025-01-14 04:02:00,QC-06,8,3,dimensional;sink,5
15924,2025-01-14 09:20:00,QC-06,8,4,dimensional;sink;void,4
15925,2025-01-14 05:24:00,QC-06,8,6,dimensional;sink,2
15926,2025-01-14 06:18:00,QC-03,8,5,short_shot;sink,3
15927,2025-01-14 05:33:00,QC-03,8,4,dimensional;sink;void,4
15928,2025-01-14 08:45:00,QC-06,8,5,dimensional;sink;void,3
15929,2025-01-14 05:48:00,QC-03,8,3,dimensional;sink,5
15930,2025-01-14 05:02:00,QC-06,8,6,dimensional;sink,2
15931,2025-01-14 04:13:00,QC-03,8,6,dimensional;sink,2
15932,2025-01-14 07:13:00,QC-03,8,3,dimensional;sink,5
15933,2025-01-14 09:01:00,QC-03,8,5,dimensional;short_shot;sink;void,3
15934,2025-01-14 09:31:00,QC-03,8,4,dimensional;sink,4
15935,2025-01-14 07:33:00,QC-03,8,6,dimensional;short_shot;sink,2
15936,2025-01-14 04:37:00,QC-06,8,6,dimensional;sink;void,2
15937,2025-01-14 05:32:00,QC-03,8,6,short_shot;sink,2
15938,2025-01-14 03:47:00,QC-06,8,4,dimensional;short_shot;sink,4
15939,2025-01-14 06:14:00,QC-06,8,3,sink;void,5
15940,2025-01-14 08:49:00,QC-06,8,5,sink;void,3
15941,2025-01-14 08:36:00,QC-03,8,4,sink,4
15942,2025-01-14 06:24:00,QC-06,8,6,dimensional;short_shot;sink;void,2
15943,2025-01-14 08:08:00,QC-06,8,5,dimensional;sink,3
15944,2025-01-14 09:47:00,QC-03,8,4,sink;void,4
15945,2025-01-14 04:57:00,QC-06,8,3,short_shot;sink,5
15946,2025-01-14 05:07:00,QC-06,8,4,dimensional;short_shot;sink;void,4
15947,2025-01-14 04:12:00,QC-06,8,5,dimensional;short_shot;sink,3
15948,2025-01-14 07:06:00,QC-06,8,7,dimensional;short_shot;sink;void,1
15949,2025-01-14 06:59:00,QC-03,8,6,dimensional;short_shot;sink;void,2
15950,2025-01-14 05:59:00,QC-06,8,4,short_shot;sink;void,4
15951,2025-01-14 06:18:00,QC-06,8,4,short_shot;sink;void,4
15952,2025-01-14 07:37:00,QC-06,8,7,dimensional;short_shot;sink;void,1
15953,2025-01-14 04:16:00,QC-06,8,4,short_shot;sink,4
15954,2025-01-14 08:07:00,QC-03,8,7,dimensional;short_shot;sink,1
15955,2025-01-14 06:09:00,QC-06,8,4,dimensional;sink,4
15956,2025-01-14 03:52:00,QC-03,8,3,sink,5
15957,2025-01-14 08:57:00,QC-06,8,4,dimensional;sink,4
15958,2025-01-14 07:34:00,QC-06,8,4,short_shot;sink,4
15959,2025-01-14 09:00:00,QC-03,8,3,dimensional;sink,5
15960,2025-01-14 09:13:00,QC-06,8,3,sink,5
15961,2025-01-14 05:10:00,QC-06,8,6,dimensional;sink,2
15962,2025-01-14 09:24:00,QC-03,8,3,sink,5
15963,2025-01-14 05:53:00,QC-06,8,3,sink,5
15964,2025-01-14 09:19:00,QC-03,8,2,sink,6
15965,2025-01-14 05:25:00,QC-03,8,1,void,7
15966,2025-01-14 05:22:00,QC-03,8,1,sink,7
15967,2025-01-14 06:50:00,QC-03,8,4,black_specks;short_shot;sink;void,4
15968,2025-01-14 08:52:00,QC-03,8,2,short_shot,6
15969,2025-01-14 09:58:00,QC-06,8,0,,8
15970,2025-01-14 08:43:00,QC-06,8,3,short_shot;sink,5
15971,2025-01-14 06:25:00,QC-03,8,3,sink;void,5
15972,2025-01-14 09:29:00,QC-03,8,2,short_shot;sink,6
15973,2025-01-14 08:05:00,QC-03,8,2,short_shot,6
15974,2025-01-14 07:31:00,QC-03,8,2,short_shot;sink,6
15975,2025-01-14 04:57:00,QC-03,8,0,,8
15976,2025-01-14 04:21:00,QC-03,8,2,short_shot,6
15977,2025-01-14 06:40:00,QC-03,8,4,short_shot;sink,4
15978,2025-01-14 06:39:00,QC-06,8,0,,8
15979,2025-01-14 07:45:00,QC-06,8,1,short_shot,7
15980,2025-01-14 06:58:00,QC-03,8,1,sink,7
15981,2025-01-14 09:44:00,QC-03,8,1,short_shot,7
15982,2025-01-14 06:55:00,QC-06,8,5,short_shot;sink;void,3
15983,2025-01-14 05:54:00,QC-06,8,1,sink,7
15984,2025-01-14 09:43:00,QC-03,8,3,short_shot;sink;void,5
15985,2025-01-14 04:16:00,QC-03,8,0,,8
15986,2025-01-14 06:00:00,QC-06,8,1,sink,7
15987,2025-01-14 08:46:00,QC-06,8,1,sink,7
15988,2025-01-14 05:08:00,QC-03,8,3,sink,5
15989,2025-01-14 05:49:00,QC-06,8,4,sink,4
15990,2025-01-14 05:00:00,QC-06,8,4,short_shot;sink;void,4
15991,2025-01-14 04:50:00,QC-06,8,3,short_shot;sink,5
15992,2025-01-14 09:21:00,QC-03,8,3,short_shot;sink;void,5
15993,2025-01-14 07:44:00,QC-03,8,1,short_shot,7
15994,2025-01-14 08:05:00,QC-03,8,4,short_shot;sink,4
15995,2025-01-14 09:27:00,QC-03,8,4,short_shot;sink,4
15996,2025-01-14 07:53:00,QC-06,8,4,short_shot,4
15997,2025-01-14 09:20:00,QC-06,8,3,short_shot;sink,5
15998,2025-01-14 07:38:00,QC-06,8,4,short_shot;sink,4
15999,2025-01-14 04:15:00,QC-03,8,1,sink,7
16000,2025-01-14 06:38:00,QC-03,8,2,short_shot;sink,6
16001,2025-01-14 10:04:00,QC-06,8,2,short_shot,6
16002,2025-01-14 04:12:00,QC-06,8,2,void,6
16003,2025-01-14 05:07:00,QC-06,8,3,sink;void,5
16004,2025-01-14 07:56:00,QC-06,8,4,dimensional;short_shot;sink,4
16005,2025-01-14 07:31:00,QC-03,8,2,short_shot;sink,6
16006,2025-01-14 07:50:00,QC-06,8,2,short_shot;sink,6
16007,2025-01-14 04:31:00,QC-03,8,4,short_shot;sink,4
16008,2025-01-14 05:38:00,QC-03,8,2,short_shot;sink,6
16009,2025-01-14 09:23:00,QC-03,8,3,short_shot;sink,5
16010,2025-01-14 09:04:00,QC-06,8,2,short_shot,6
16011,2025-01-14 04:44:00,QC-03,8,2,sink,6
16012,2025-01-14 07:56:00,QC-06,8,2,short_shot;void,6
16013,2025-01-14 07:22:00,QC-03,8,1,sink,7
16014,2025-01-14 05:55:00,QC-03,8,3,sink,5
16015,2025-01-14 06:14:00,QC-06,8,3,short_shot;void,5
16016,2025-01-14 07:34:00,QC-03,8,4,sink;void,4
16017,2025-01-14 07:06:00,QC-06,8,2,short_shot;sink,6
16018,2025-01-14 09:51:00,QC-06,8,3,sink;void,5
16019,2025-01-14 07:26:00,QC-06,8,2,dimensional;short_shot,6
