mold_id,press_id,revision,injection_velocity_mm_s,switchover_position_mm,hold_pressure_bar,hold_time_s,cooling_time_s,melt_temp_c,mold_temp_c,cycle_time_s,window_cushion_mm,window_fill_time_pct,window_hold_pressure_pct,window_mold_temp_c,window_melt_temp_c,validated_on
M-2041,IM-11,C,70.6,12.0,779.0,5.5,10.8,282.0,80.0,24.0,3.5-6.5,5.0,3.0,3.0,5.0,2023-04-17
M-2041,IM-12,B,70.6,12.0,779.0,5.5,10.8,282.0,80.0,24.0,3.5-6.5,5.0,3.0,3.0,5.0,2023-04-17
M-2043,IM-11,C,63.2,12.0,798.0,5.9,11.7,282.0,80.0,26.0,3.5-6.5,5.0,3.0,3.0,5.0,2023-04-17
M-2043,IM-12,B,63.2,12.0,798.0,5.9,11.7,282.0,80.0,26.0,3.5-6.5,5.0,3.0,3.0,5.0,2023-04-17
M-2118,IM-11,C,42.9,12.0,722.0,9.1,17.1,282.0,80.0,38.0,3.5-6.5,5.0,3.0,3.0,5.0,2023-04-17
M-2118,IM-12,B,42.9,12.0,722.0,9.1,17.1,282.0,80.0,38.0,3.5-6.5,5.0,3.0,3.0,5.0,2023-04-17
M-2119,IM-11,C,40.0,12.0,732.0,9.6,18.4,282.0,80.0,41.0,3.5-6.5,5.0,3.0,3.0,5.0,2023-04-17
M-2119,IM-12,B,40.0,12.0,732.0,9.6,18.4,282.0,80.0,41.0,3.5-6.5,5.0,3.0,3.0,5.0,2023-04-17
M-2260,IM-11,C,100.0,12.0,912.0,4.2,8.1,282.0,80.0,18.0,3.5-6.5,5.0,3.0,3.0,5.0,2023-04-17
M-2260,IM-12,B,100.0,12.0,912.0,4.2,8.1,282.0,80.0,18.0,3.5-6.5,5.0,3.0,3.0,5.0,2023-04-17
M-2301,IM-11,C,33.3,12.0,570.0,15.6,24.8,282.0,80.0,55.0,3.5-6.5,5.0,3.0,3.0,5.0,2023-04-17
M-2301,IM-12,B,33.3,12.0,570.0,15.6,24.8,282.0,80.0,55.0,3.5-6.5,5.0,3.0,3.0,5.0,2023-04-17
