work_order_id,job_id,part_number,mold_id,customer,press_id,quantity_ordered,order_date,scheduled_start,actual_start,resin,program
WO-60000,WO-60000,P-15181,M-1518,Customer E,IM-01,19569,2024-12-16,2025-01-06 16:00:00,2025-01-06 17:37:00,PP copolymer,automotive
WO-60001,WO-60001,P-11841,M-1184,Customer C,IM-01,12057,2024-12-19,2025-01-11 16:00:00,2025-01-11 18:38:00,PA66 GF30,industrial
WO-60002,WO-60002,P10551,M-1055,Customer J,IM-01,30256,2025-01-04,2025-01-14 23:00:00,2025-01-15 02:09:00,POM,automotive
WO-60003,WO-60003,P-13271,M-1327,Customer P,IM-01,12179,2025-01-05,2025-01-18 05:00:00,2025-01-18 08:08:00,PP copolymer,consumer
WO-60004,WO-60004,P-19791,M-1979,Customer Q,IM-01,33461,2025-01-07,2025-01-19 15:00:00,2025-01-19 22:34:00,PP copolymer,industrial
WO-60005,WO-60005,P-11101,M-1110,Customer F,IM-01,18929,2025-01-21,2025-01-28 03:00:00,2025-01-28 07:51:00,PP copolymer,automotive
WO-60006,WO-60006,P-11471,M-1147,Customer K,IM-01,29481,2025-01-19,2025-02-01 14:00:00,2025-02-01 15:24:00,PC/ABS,industrial
WO-60007,WO-60007,P-10881,M-1088,Customer N,IM-01,35082,2025-01-12,2025-02-04 10:00:00,2025-02-04 13:07:00,PA66 GF30,industrial
WO-60008,WO-60008,P-19421,M-1942,Customer D,IM-01,22520,2025-01-21,2025-02-07 07:00:00,2025-02-07 12:38:00,PA66 GF30,automotive
WO-60009,WO-60009,P-19811,M-1981,Customer F,IM-01,45428,2025-01-16,2025-02-14 22:00:00,2025-02-15 05:42:00,POM,consumer
WO-60010,WO-60010,P-11071,M-1107,Customer G,IM-01,15754,2025-02-01,2025-02-16 16:00:00,2025-02-16 22:58:00,PC/ABS,automotive
WO-60011,WO-60011,P-17371,M-1737,Customer G,IM-01,48178,2025-01-28,2025-02-23 12:00:00,2025-02-23 19:55:00,POM,automotive
WO-60012,WO-60012,P-15951,M-1595,Customer E,IM-01,26783,2025-02-23,2025-03-03 05:00:00,2025-03-03 09:02:00,PA66 GF30,industrial
WO-60013,WO-60013,p-18941,M-1894,Customer P,IM-01,28922,2025-03-01,2025-03-12 18:00:00,2025-03-12 23:55:00,POM,automotive
WO-60014,WO-60014,P-12931,M-1293,Customer F,IM-01,13720,2025-03-08,2025-03-18 20:00:00,2025-03-19 01:53:00,PA66 GF30,industrial
WO-60015,WO-60015,P-19391,M-1939,Customer B,IM-01,46554,2025-03-19,2025-03-27 19:00:00,2025-03-27 23:08:00,PA66 GF30,automotive
WO-60016,WO-60016,P10101,M-1010,Customer B,IM-01,4440,2025-03-09,2025-03-28 07:00:00,2025-03-28 13:41:00,POM,automotive
WO-60017,WO-60017,PN-10741,M-1074,Customer F,IM-01,42442,2025-03-17,2025-03-31 07:00:00,2025-03-31 14:01:00,PP copolymer,industrial
WO-60018,WO-60018,P-11701,M-1170,Customer F,IM-01,17556,2025-03-09,2025-04-01 17:00:00,2025-04-01 20:17:00,PC/ABS,consumer
WO-60019,WO-60019,P-13121,M-1312,Customer E,IM-01,10336,2025-03-27,2025-04-02 20:00:00,2025-04-03 01:52:00,PP copolymer,automotive
WO-60020,WO-60020,P 12581,M-1258,Customer K,IM-01,16378,2025-03-24,2025-04-07 22:00:00,2025-04-08 04:09:00,POM,industrial
WO-60021,WO-60021,P-18681,M-1868,Customer B,IM-01,56561,2025-03-28,2025-04-10 22:00:00,2025-04-11 06:43:00,PA66 GF30,automotive
WO-60022,WO-60022,p-16441,M-1644,Customer N,IM-01,37547,2025-03-22,2025-04-11 23:00:00,2025-04-12 06:50:00,PA66 GF30,consumer
WO-60023,WO-60023,P-17321,M-1732,Customer K,IM-01,33624,2025-03-30,2025-04-12 04:00:00,2025-04-12 05:28:00,POM,automotive
WO-60024,WO-60024,P-15781,M-1578,Customer E,IM-01,29774,2025-04-01,2025-04-22 19:00:00,2025-04-22 23:45:00,PA66 GF30,automotive
WO-60025,WO-60025,P-15881,M-1588,Customer Q,IM-01,55800,2025-04-02,2025-04-24 16:00:00,2025-04-24 20:45:00,PP copolymer,automotive
WO-60026,WO-60026,P-17441,M-1744,Customer N,IM-01,39019,2025-04-20,2025-04-25 05:00:00,2025-04-25 11:11:00,PC/ABS,consumer
WO-60027,WO-60027,p-12531,M-1253,Customer A,IM-01,31357,2025-04-10,2025-05-01 00:00:00,2025-05-01 06:39:00,PC/ABS,automotive
WO-60028,WO-60028,P-12021,M-1202,Customer Q,IM-01,58048,2025-04-26,2025-05-02 18:00:00,2025-05-02 23:42:00,PP copolymer,consumer
WO-60029,WO-60029,P-13561,M-1356,Customer F,IM-01,15164,2025-04-28,2025-05-04 02:00:00,2025-05-04 05:25:00,POM,automotive
WO-60030,WO-60030,P17641,M-1764,Customer N,IM-01,12668,2025-04-26,2025-05-10 20:00:00,2025-05-11 04:15:00,PA66 GF30,consumer
WO-60031,WO-60031,P-11831,M-1183,Customer C,IM-01,3477,2025-04-22,2025-05-12 15:00:00,2025-05-12 17:24:00,PP copolymer,consumer
WO-60032,WO-60032,P-10681,M-1068,Customer E,IM-01,41667,2025-05-04,2025-05-28 20:00:00,2025-05-29 00:11:00,PA66 GF30,automotive
WO-60033,WO-60033,P-19441,M-1944,Customer D,IM-01,12384,2025-05-11,2025-05-30 10:00:00,2025-05-30 15:02:00,PP copolymer,consumer
WO-60034,WO-60034,P-15051,M-1505,Customer H,IM-01,12821,2025-06-02,2025-06-08 21:00:00,2025-06-09 01:03:00,PC/ABS,industrial
WO-60035,WO-60035,P-16251,M-1625,Customer J,IM-01,24714,2025-05-30,2025-06-12 11:00:00,2025-06-12 16:10:00,PA66 GF30,consumer
WO-60036,WO-60036,P18501,M-1850,Customer E,IM-01,28391,2025-06-07,2025-06-15 04:00:00,2025-06-15 08:28:00,POM,consumer
WO-60037,WO-60037,P-17751,M-1775,Customer E,IM-01,15157,2025-06-15,2025-06-20 02:00:00,2025-06-20 06:20:00,PA66 GF30,automotive
WO-60038,WO-60038,P-16611,M-1661,Customer K,IM-01,24511,2025-06-09,2025-06-22 19:00:00,2025-06-23 01:06:00,PC/ABS,industrial
WO-60039,WO-60039,P-17691,M-1769,Customer B,IM-01,58448,2025-06-17,2025-06-24 23:00:00,2025-06-25 06:02:00,PP copolymer,consumer
WO-60040,WO-60040,P-14601,M-1460,Customer H,IM-01,7887,2025-06-11,2025-06-25 18:00:00,2025-06-25 23:02:00,POM,industrial
WO-60041,WO-60041,P-15721,M-1572,Customer H,IM-01,25565,2025-06-07,2025-06-25 23:00:00,2025-06-26 04:16:00,PC/ABS,consumer
WO-60042,WO-60042,P18581,M-1858,Customer N,IM-01,9744,2025-06-12,2025-06-30 04:00:00,2025-06-30 10:54:00,PA66 GF30,consumer
WO-60043,WO-60043,P18961,M-1896,Customer F,IM-01,50675,2025-06-14,2025-07-01 07:00:00,2025-07-01 15:49:00,PA66 GF30,industrial
WO-60044,WO-60044,P-15691,M-1569,Customer H,IM-01,58618,2025-06-16,2025-07-13 17:00:00,2025-07-14 00:13:00,PP copolymer,consumer
WO-60045,WO-60045,P-13401,M-1340,Customer P,IM-01,51440,2025-07-03,2025-07-15 08:00:00,2025-07-15 09:05:00,PP copolymer,automotive
WO-60046,WO-60046,P-11621,M-1162,Customer G,IM-01,16182,2025-06-24,2025-07-19 08:00:00,2025-07-19 09:11:00,POM,industrial
WO-60047,WO-60047,p-17321,M-1732,Customer A,IM-01,11525,2025-07-08,2025-07-21 22:00:00,2025-07-22 00:02:00,POM,consumer
WO-60048,WO-60048,P15251,M-1525,Customer N,IM-01,2442,2025-06-28,2025-07-24 17:00:00,2025-07-24 17:38:00,PP copolymer,industrial
WO-60049,WO-60049,P-15601,M-1560,Customer C,IM-01,44768,2025-07-20,2025-07-27 13:00:00,2025-07-27 17:51:00,POM,automotive
WO-60050,WO-60050,P 10571,M-1057,Customer L,IM-01,31446,2025-07-01,2025-07-29 21:00:00,2025-07-30 04:45:00,POM,industrial
WO-60051,WO-60051,P-15571,M-1557,Customer B,IM-01,15215,2025-07-18,2025-08-10 18:00:00,2025-08-10 18:57:00,PA66 GF30,automotive
WO-60052,WO-60052,P-18221,M-1822,Customer G,IM-01,5243,2025-07-25,2025-08-23 11:00:00,2025-08-23 13:40:00,PP copolymer,consumer
WO-60053,WO-60053,P11001,M-1100,Customer H,IM-01,42878,2025-08-13,2025-08-25 01:00:00,2025-08-25 05:50:00,POM,industrial
WO-60054,WO-60054,P-14621,M-1462,Customer K,IM-01,6609,2025-08-08,2025-08-26 01:00:00,2025-08-26 07:07:00,PA66 GF30,consumer
WO-60055,WO-60055,P-14001,M-1400,Customer Q,IM-01,4289,2025-08-06,2025-09-01 08:00:00,2025-09-01 13:14:00,POM,consumer
WO-60056,WO-60056,P-13131,M-1313,Customer D,IM-01,55690,2025-08-18,2025-09-01 20:00:00,2025-09-02 01:11:00,POM,consumer
WO-60057,WO-60057,P13171,M-1317,Customer D,IM-01,40682,2025-08-29,2025-09-03 01:00:00,2025-09-03 01:09:00,POM,automotive
WO-60058,WO-60058,P15471,M-1547,Customer Q,IM-01,38700,2025-08-22,2025-09-05 16:00:00,2025-09-05 18:11:00,POM,automotive
WO-60059,WO-60059,P-11041,M-1104,Customer F,IM-01,4441,2025-09-04,2025-09-09 07:00:00,2025-09-09 14:51:00,PA66 GF30,automotive
WO-60060,WO-60060,p-18261,M-1826,Customer A,IM-01,31934,2025-08-29,2025-09-14 06:00:00,2025-09-14 09:33:00,PP copolymer,consumer
WO-60061,WO-60061,P-15741,M-1574,Customer C,IM-01,54085,2025-08-23,2025-09-14 10:00:00,2025-09-14 14:56:00,PA66 GF30,industrial
WO-60062,WO-60062,P14021,M-1402,Customer C,IM-01,12577,2025-08-26,2025-09-21 19:00:00,2025-09-21 21:46:00,PA66 GF30,consumer
WO-60063,WO-60063,P-14411,M-1441,Customer P,IM-01,52022,2025-09-02,2025-09-22 22:00:00,2025-09-23 03:39:00,POM,consumer
WO-60064,WO-60064,P-13071,M-1307,Customer Q,IM-01,5446,2025-09-08,2025-10-03 08:00:00,2025-10-03 15:48:00,PC/ABS,industrial
WO-60065,WO-60065,P-19561,M-1956,Customer K,IM-01,24978,2025-09-17,2025-10-03 15:00:00,2025-10-03 15:55:00,PC/ABS,consumer
WO-60066,WO-60066,p-10171,M-1017,Customer N,IM-01,32624,2025-09-14,2025-10-08 14:00:00,2025-10-08 15:05:00,PC/ABS,consumer
WO-60067,WO-60067,PN-13831,M-1383,Customer G,IM-01,33927,2025-09-24,2025-10-19 21:00:00,2025-10-19 23:53:00,PP copolymer,consumer
WO-60068,WO-60068,P-19431,M-1943,Customer D,IM-01,26608,2025-10-07,2025-10-24 10:00:00,2025-10-24 18:03:00,PP copolymer,consumer
WO-60069,WO-60069,P11021,M-1102,Customer E,IM-01,32576,2025-10-18,2025-10-25 21:00:00,2025-10-26 00:06:00,POM,consumer
WO-60070,WO-60070,P-14061,M-1406,Customer N,IM-01,42940,2025-10-04,2025-10-29 15:00:00,2025-10-29 17:26:00,POM,industrial
WO-60071,WO-60071,P17691,M-1769,Customer B,IM-01,21377,2025-10-21,2025-10-30 06:00:00,2025-10-30 08:59:00,POM,consumer
WO-60072,WO-60072,P17171,M-1717,Customer H,IM-01,52406,2025-10-04,2025-11-01 03:00:00,2025-11-01 06:33:00,PA66 GF30,consumer
WO-60073,WO-60073,P 11591,M-1159,Customer B,IM-01,11851,2025-10-17,2025-11-03 00:00:00,2025-11-03 03:04:00,PP copolymer,consumer
WO-60074,WO-60074,p-19521,M-1952,Customer J,IM-01,53487,2025-10-21,2025-11-19 23:00:00,2025-11-20 03:21:00,PA66 GF30,automotive
WO-60075,WO-60075,P-10571,M-1057,Customer E,IM-01,8215,2025-10-26,2025-11-21 17:00:00,2025-11-21 21:39:00,POM,automotive
WO-60076,WO-60076,P-12741,M-1274,Customer J,IM-01,26789,2025-11-13,2025-11-22 09:00:00,2025-11-22 13:56:00,PA66 GF30,automotive
WO-60077,WO-60077,P11761,M-1176,Customer E,IM-01,38136,2025-11-09,2025-11-28 22:00:00,2025-11-28 22:26:00,POM,automotive
WO-60078,WO-60078,P-16051,M-1605,Customer L,IM-01,54038,2025-11-14,2025-12-02 12:00:00,2025-12-02 16:16:00,PC/ABS,consumer
WO-60079,WO-60079,P-13361,M-1336,Customer L,IM-01,7940,2025-11-24,2025-12-04 02:00:00,2025-12-04 05:20:00,PP copolymer,automotive
WO-60080,WO-60080,P-17991,M-1799,Customer F,IM-01,43146,2025-11-21,2025-12-06 23:00:00,2025-12-07 03:16:00,POM,industrial
WO-60081,WO-60081,P-11541,M-1154,Customer E,IM-01,7460,2025-11-11,2025-12-07 13:00:00,2025-12-07 16:19:00,PA66 GF30,automotive
WO-60082,WO-60082,P-16691,M-1669,Customer B,IM-01,59636,2025-11-27,2025-12-16 22:00:00,2025-12-17 02:59:00,PC/ABS,industrial
WO-60083,WO-60083,P15961,M-1596,Customer H,IM-01,33629,2025-12-03,2025-12-17 09:00:00,2025-12-17 10:26:00,PP copolymer,consumer
WO-60084,WO-60084,P-19011,M-1901,Customer B,IM-01,38410,2025-12-07,2025-12-20 01:00:00,2025-12-20 06:50:00,PP copolymer,automotive
WO-60085,WO-60085,P-17521,M-1752,Customer H,IM-01,9909,2025-12-05,2025-12-26 23:00:00,2025-12-27 02:53:00,POM,industrial
WO-60086,WO-60086,P-10921,M-1092,Customer L,IM-01,8731,2025-12-20,2026-01-01 00:00:00,2026-01-01 05:22:00,PP copolymer,consumer
WO-60087,WO-60087,p-18971,M-1897,Customer A,IM-01,13797,2025-12-27,2026-01-10 22:00:00,2026-01-11 00:14:00,PA66 GF30,industrial
WO-60088,WO-60088,P-19331,M-1933,Customer B,IM-01,8763,2025-12-31,2026-01-12 05:00:00,2026-01-12 08:12:00,PA66 GF30,automotive
WO-60089,WO-60089,P-18281,M-1828,Customer Q,IM-01,16288,2026-01-15,2026-01-26 11:00:00,2026-01-26 12:30:00,PA66 GF30,industrial
WO-60090,WO-60090,P-17261,M-1726,Customer J,IM-01,35659,2026-01-21,2026-02-01 13:00:00,2026-02-01 14:39:00,PP copolymer,consumer
WO-60091,WO-60091,PN-11171,M-1117,Customer E,IM-01,5452,2026-01-10,2026-02-03 07:00:00,2026-02-03 11:23:00,PC/ABS,consumer
WO-60092,WO-60092,p-12441,M-1244,Customer H,IM-01,29012,2026-01-06,2026-02-04 01:00:00,2026-02-04 05:48:00,PA66 GF30,industrial
WO-60093,WO-60093,p-13721,M-1372,Customer L,IM-01,14522,2026-01-09,2026-02-05 06:00:00,2026-02-05 14:04:00,PC/ABS,industrial
WO-60094,WO-60094,P-12681,M-1268,Customer P,IM-01,4030,2026-02-01,2026-02-10 17:00:00,2026-02-11 00:55:00,PC/ABS,automotive
WO-60095,WO-60095,P-16021,M-1602,Customer H,IM-01,25124,2026-02-05,2026-02-11 11:00:00,2026-02-11 11:59:00,PC/ABS,automotive
WO-60096,WO-60096,P-14361,M-1436,Customer L,IM-01,53139,2026-01-18,2026-02-12 21:00:00,2026-02-12 23:11:00,PC/ABS,automotive
WO-60097,WO-60097,PN-17561,M-1756,Customer B,IM-01,40930,2026-02-08,2026-02-23 13:00:00,2026-02-23 18:36:00,PC/ABS,industrial
WO-60098,WO-60098,PN-15441,M-1544,Customer E,IM-01,25374,2026-02-01,2026-02-25 11:00:00,2026-02-25 13:59:00,POM,industrial
WO-60099,WO-60099,P-19231,M-1923,Customer G,IM-01,46585,2026-02-21,2026-03-05 22:00:00,2026-03-06 00:20:00,PC/ABS,consumer
WO-60100,WO-60100,P-12861,M-1286,Customer Q,IM-01,45939,2026-02-20,2026-03-08 05:00:00,2026-03-08 09:53:00,POM,consumer
WO-60101,WO-60101,P-14431,M-1443,Customer B,IM-01,33451,2026-02-21,2026-03-08 16:00:00,2026-03-08 20:29:00,PP copolymer,industrial
WO-60102,WO-60102,P-13271,M-1327,Customer N,IM-01,2193,2026-03-04,2026-03-13 14:00:00,2026-03-13 20:52:00,PC/ABS,industrial
WO-60103,WO-60103,P-12451,M-1245,Customer G,IM-01,51912,2026-02-12,2026-03-13 17:00:00,2026-03-13 23:02:00,PP copolymer,automotive
WO-60104,WO-60104,P-10021,M-1002,Customer N,IM-01,57485,2026-02-22,2026-03-13 18:00:00,2026-03-13 21:49:00,PP copolymer,automotive
WO-60105,WO-60105,P-11311,M-1131,Customer J,IM-01,38611,2026-02-27,2026-03-26 00:00:00,2026-03-26 04:15:00,PP copolymer,industrial
WO-60106,WO-60106,P-11241,M-1124,Customer D,IM-01,14660,2026-03-10,2026-03-30 02:00:00,2026-03-30 06:40:00,PP copolymer,consumer
WO-60107,WO-60107,P-17591,M-1759,Customer F,IM-02,8955,2024-12-19,2025-01-07 14:00:00,2025-01-07 16:35:00,POM,industrial
WO-60108,WO-60108,P-19811,M-1981,Customer L,IM-02,8642,2025-01-10,2025-01-17 20:00:00,2025-01-17 20:57:00,PA66 GF30,consumer
WO-60109,WO-60109,P-18731,M-1873,Customer C,IM-02,11181,2024-12-27,2025-01-17 20:00:00,2025-01-17 22:32:00,PC/ABS,automotive
WO-60110,WO-60110,PN-17441,M-1744,Customer P,IM-02,45361,2025-01-17,2025-01-25 05:00:00,2025-01-25 08:43:00,PA66 GF30,automotive
WO-60111,WO-60111,P16391,M-1639,Customer N,IM-02,17442,2025-01-19,2025-01-26 11:00:00,2025-01-26 13:26:00,PA66 GF30,industrial
WO-60112,WO-60112,P-16181,M-1618,Customer G,IM-02,51338,2025-01-17,2025-01-29 12:00:00,2025-01-29 18:44:00,PP copolymer,industrial
WO-60113,WO-60113,P-12181,M-1218,Customer B,IM-02,9082,2025-01-27,2025-02-14 19:00:00,2025-02-15 00:56:00,POM,automotive
WO-60114,WO-60114,P17811,M-1781,Customer G,IM-02,47752,2025-02-24,2025-03-01 18:00:00,2025-03-01 19:15:00,PA66 GF30,industrial
WO-60115,WO-60115,P-13231,M-1323,Customer H,IM-02,2964,2025-02-09,2025-03-02 06:00:00,2025-03-02 07:13:00,POM,consumer
WO-60116,WO-60116,PN-16061,M-1606,Customer N,IM-02,17611,2025-02-22,2025-03-09 13:00:00,2025-03-09 18:07:00,PC/ABS,consumer
WO-60117,WO-60117,P14831,M-1483,Customer G,IM-02,32119,2025-03-08,2025-03-13 04:00:00,2025-03-13 06:29:00,PC/ABS,industrial
WO-60118,WO-60118,p-13451,M-1345,Customer H,IM-02,51812,2025-02-23,2025-03-14 07:00:00,2025-03-14 10:39:00,POM,consumer
WO-60119,WO-60119,P19371,M-1937,Customer L,IM-02,36222,2025-03-01,2025-03-18 14:00:00,2025-03-18 19:56:00,PP copolymer,automotive
WO-60120,WO-60120,P-19191,M-1919,Customer F,IM-02,3984,2025-03-18,2025-03-26 21:00:00,2025-03-27 03:04:00,PA66 GF30,industrial
WO-60121,WO-60121,P-18201,M-1820,Customer G,IM-02,28352,2025-03-04,2025-03-28 04:00:00,2025-03-28 12:44:00,PP copolymer,automotive
WO-60122,WO-60122,P-14941,M-1494,Customer N,IM-02,27092,2025-03-27,2025-04-10 17:00:00,2025-04-10 22:43:00,POM,industrial
WO-60123,WO-60123,P15521,M-1552,Customer G,IM-02,4120,2025-03-23,2025-04-19 22:00:00,2025-04-20 01:13:00,PP copolymer,consumer
WO-60124,WO-60124,P-16611,M-1661,Customer D,IM-02,30906,2025-04-20,2025-04-26 13:00:00,2025-04-26 19:11:00,PC/ABS,consumer
WO-60125,WO-60125,P-19581,M-1958,Customer D,IM-02,13223,2025-04-22,2025-04-28 00:00:00,2025-04-28 06:14:00,PP copolymer,consumer
WO-60126,WO-60126,P-11491,M-1149,Customer C,IM-02,22122,2025-04-25,2025-05-07 02:00:00,2025-05-07 07:30:00,PA66 GF30,automotive
WO-60127,WO-60127,P-12631,M-1263,Customer P,IM-02,17619,2025-04-16,2025-05-11 20:00:00,2025-05-11 20:16:00,PC/ABS,consumer
WO-60128,WO-60128,P-17811,M-1781,Customer E,IM-02,28728,2025-04-14,2025-05-12 21:00:00,2025-05-12 22:29:00,PP copolymer,automotive
WO-60129,WO-60129,P-10451,M-1045,Customer E,IM-02,43521,2025-04-28,2025-05-17 19:00:00,2025-05-17 22:28:00,POM,consumer
WO-60130,WO-60130,P-10511,M-1051,Customer F,IM-02,24005,2025-05-06,2025-05-19 02:00:00,2025-05-19 06:09:00,POM,consumer
WO-60131,WO-60131,P-14591,M-1459,Customer P,IM-02,8737,2025-05-09,2025-05-20 18:00:00,2025-05-20 22:18:00,PP copolymer,consumer
WO-60132,WO-60132,P-16681,M-1668,Customer Q,IM-02,58461,2025-05-21,2025-05-27 16:00:00,2025-05-27 19:53:00,PC/ABS,automotive
WO-60133,WO-60133,P-10681,M-1068,Customer D,IM-02,42492,2025-05-30,2025-06-04 11:00:00,2025-06-04 15:20:00,POM,consumer
WO-60134,WO-60134,P-15891,M-1589,Customer P,IM-02,37389,2025-05-29,2025-06-05 08:00:00,2025-06-05 12:51:00,PP copolymer,consumer
WO-60135,WO-60135,p-11891,M-1189,Customer G,IM-02,41254,2025-05-19,2025-06-06 06:00:00,2025-06-06 08:09:00,PA66 GF30,consumer
WO-60136,WO-60136,P-12041,M-1204,Customer D,IM-02,5987,2025-05-20,2025-06-07 17:00:00,2025-06-08 00:25:00,POM,automotive
WO-60137,WO-60137,P-10261,M-1026,Customer G,IM-02,3739,2025-05-17,2025-06-09 05:00:00,2025-06-09 06:21:00,PC/ABS,industrial
WO-60138,WO-60138,P-18621,M-1862,Customer N,IM-02,18665,2025-06-05,2025-06-10 06:00:00,2025-06-10 12:52:00,PP copolymer,consumer
WO-60139,WO-60139,P-18081,M-1808,Customer Q,IM-02,39135,2025-05-24,2025-06-14 02:00:00,2025-06-14 05:28:00,PA66 GF30,consumer
WO-60140,WO-60140,P-17081,M-1708,Customer K,IM-02,8514,2025-06-01,2025-06-18 14:00:00,2025-06-18 21:21:00,POM,industrial
WO-60141,WO-60141,P-13911,M-1391,Customer K,IM-02,16078,2025-05-24,2025-06-18 23:00:00,2025-06-19 04:52:00,PP copolymer,industrial
WO-60142,WO-60142,p-18661,M-1866,Customer N,IM-02,56403,2025-06-05,2025-06-24 23:00:00,2025-06-25 01:16:00,PC/ABS,consumer
WO-60143,WO-60143,P 12321,M-1232,Customer A,IM-02,30132,2025-06-05,2025-06-25 02:00:00,2025-06-25 10:04:00,PA66 GF30,industrial
WO-60144,WO-60144,P-10641,M-1064,Customer E,IM-02,18545,2025-06-16,2025-06-26 05:00:00,2025-06-26 06:25:00,POM,industrial
WO-60145,WO-60145,P-13391,M-1339,Customer N,IM-02,29374,2025-06-23,2025-06-29 12:00:00,2025-06-29 14:36:00,PC/ABS,industrial
WO-60146,WO-60146,P-11201,M-1120,Customer F,IM-02,29667,2025-06-22,2025-06-30 10:00:00,2025-06-30 13:01:00,PP copolymer,automotive
WO-60147,WO-60147,P-17121,M-1712,Customer L,IM-02,22286,2025-06-14,2025-07-02 10:00:00,2025-07-02 16:47:00,PC/ABS,consumer
WO-60148,WO-60148,P-14401,M-1440,Customer N,IM-02,59142,2025-06-28,2025-07-05 13:00:00,2025-07-05 21:21:00,PP copolymer,automotive
WO-60149,WO-60149,P-10561,M-1056,Customer Q,IM-02,25950,2025-06-26,2025-07-09 08:00:00,2025-07-09 16:09:00,PA66 GF30,automotive
WO-60150,WO-60150,p-12341,M-1234,Customer H,IM-02,4754,2025-06-19,2025-07-12 10:00:00,2025-07-12 14:55:00,POM,consumer
WO-60151,WO-60151,P-14361,M-1436,Customer E,IM-02,2403,2025-07-08,2025-07-16 09:00:00,2025-07-16 15:46:00,POM,industrial
WO-60152,WO-60152,P-18611,M-1861,Customer D,IM-02,57553,2025-07-01,2025-07-19 10:00:00,2025-07-19 15:19:00,PC/ABS,automotive
WO-60153,WO-60153,PN-16591,M-1659,Customer H,IM-02,40771,2025-07-18,2025-07-30 11:00:00,2025-07-30 18:05:00,POM,automotive
WO-60154,WO-60154,P-18921,M-1892,Customer H,IM-02,39111,2025-07-29,2025-08-06 01:00:00,2025-08-06 05:13:00,PA66 GF30,consumer
WO-60155,WO-60155,P-19411,M-1941,Customer E,IM-02,48742,2025-07-23,2025-08-17 11:00:00,2025-08-17 16:09:00,PA66 GF30,industrial
WO-60156,WO-60156,P-12391,M-1239,Customer Q,IM-02,32143,2025-07-31,2025-08-21 15:00:00,2025-08-21 19:17:00,PC/ABS,industrial
WO-60157,WO-60157,P-16301,M-1630,Customer E,IM-02,31944,2025-08-19,2025-08-27 12:00:00,2025-08-27 19:51:00,POM,industrial
WO-60158,WO-60158,P-11361,M-1136,Customer B,IM-02,31495,2025-08-09,2025-08-27 15:00:00,2025-08-27 16:27:00,PP copolymer,consumer
WO-60159,WO-60159,P 14811,M-1481,Customer L,IM-02,33529,2025-08-15,2025-09-03 19:00:00,2025-09-03 23:55:00,PP copolymer,automotive
WO-60160,WO-60160,p-16901,M-1690,Customer J,IM-02,34474,2025-08-17,2025-09-06 18:00:00,2025-09-06 21:56:00,PA66 GF30,automotive
WO-60161,WO-60161,P10321,M-1032,Customer A,IM-02,39490,2025-08-11,2025-09-09 15:00:00,2025-09-09 16:13:00,POM,industrial
WO-60162,WO-60162,P-10601,M-1060,Customer N,IM-02,45910,2025-08-25,2025-09-18 11:00:00,2025-09-18 18:21:00,PC/ABS,consumer
WO-60163,WO-60163,P-16961,M-1696,Customer Q,IM-02,36496,2025-09-16,2025-09-22 14:00:00,2025-09-22 17:54:00,POM,automotive
WO-60164,WO-60164,P-10481,M-1048,Customer D,IM-02,42616,2025-08-31,2025-09-22 14:00:00,2025-09-22 22:07:00,POM,industrial
WO-60165,WO-60165,P13421,M-1342,Customer B,IM-02,37011,2025-09-13,2025-09-27 05:00:00,2025-09-27 06:10:00,PP copolymer,consumer
WO-60166,WO-60166,P-15851,M-1585,Customer E,IM-02,44845,2025-09-03,2025-10-01 20:00:00,2025-10-02 03:05:00,PC/ABS,automotive
WO-60167,WO-60167,P18501,M-1850,Customer C,IM-02,25240,2025-09-18,2025-10-06 20:00:00,2025-10-07 03:00:00,POM,automotive
WO-60168,WO-60168,P-18341,M-1834,Customer F,IM-02,3781,2025-09-22,2025-10-11 02:00:00,2025-10-11 03:15:00,PA66 GF30,automotive
WO-60169,WO-60169,P-10911,M-1091,Customer C,IM-02,21927,2025-10-08,2025-10-14 21:00:00,2025-10-15 04:17:00,POM,industrial
WO-60170,WO-60170,p-14231,M-1423,Customer Q,IM-02,6643,2025-10-05,2025-10-15 10:00:00,2025-10-15 14:40:00,POM,automotive
WO-60171,WO-60171,P 16281,M-1628,Customer J,IM-02,42664,2025-10-03,2025-10-16 16:00:00,2025-10-16 23:04:00,PP copolymer,consumer
WO-60172,WO-60172,p-10161,M-1016,Customer A,IM-02,58909,2025-10-10,2025-10-20 07:00:00,2025-10-20 14:16:00,POM,automotive
WO-60173,WO-60173,p-18731,M-1873,Customer F,IM-02,37856,2025-10-09,2025-11-02 01:00:00,2025-11-02 08:24:00,PP copolymer,automotive
WO-60174,WO-60174,p-10931,M-1093,Customer C,IM-02,11824,2025-10-30,2025-11-04 12:00:00,2025-11-04 15:27:00,PA66 GF30,automotive
WO-60175,WO-60175,P10831,M-1083,Customer H,IM-02,57180,2025-10-23,2025-11-06 18:00:00,2025-11-07 01:05:00,PA66 GF30,consumer
WO-60176,WO-60176,P-10221,M-1022,Customer A,IM-02,42918,2025-10-19,2025-11-08 00:00:00,2025-11-08 02:09:00,PA66 GF30,consumer
WO-60177,WO-60177,P-15211,M-1521,Customer D,IM-02,10133,2025-10-19,2025-11-09 15:00:00,2025-11-09 17:46:00,PA66 GF30,consumer
WO-60178,WO-60178,P-16181,M-1618,Customer B,IM-02,52256,2025-10-23,2025-11-10 23:00:00,2025-11-11 06:08:00,PC/ABS,industrial
WO-60179,WO-60179,P-18721,M-1872,Customer H,IM-02,39577,2025-10-16,2025-11-14 02:00:00,2025-11-14 05:54:00,PA66 GF30,automotive
WO-60180,WO-60180,P-13961,M-1396,Customer D,IM-02,32026,2025-11-21,2025-11-29 05:00:00,2025-11-29 06:13:00,PC/ABS,consumer
WO-60181,WO-60181,P-12351,M-1235,Customer F,IM-02,13928,2025-11-07,2025-11-29 05:00:00,2025-11-29 05:52:00,PC/ABS,industrial
WO-60182,WO-60182,P-12381,M-1238,Customer Q,IM-02,39515,2025-11-17,2025-11-30 04:00:00,2025-11-30 07:30:00,PP copolymer,industrial
WO-60183,WO-60183,P15031,M-1503,Customer E,IM-02,4263,2025-11-21,2025-12-02 12:00:00,2025-12-02 17:00:00,PA66 GF30,consumer
WO-60184,WO-60184,PN-14411,M-1441,Customer E,IM-02,47306,2025-11-15,2025-12-08 16:00:00,2025-12-08 18:53:00,PC/ABS,industrial
WO-60185,WO-60185,P-13051,M-1305,Customer P,IM-02,53214,2025-12-01,2025-12-11 19:00:00,2025-12-11 21:58:00,PA66 GF30,industrial
WO-60186,WO-60186,PN-14191,M-1419,Customer B,IM-02,35051,2025-11-25,2025-12-12 06:00:00,2025-12-12 14:04:00,PP copolymer,industrial
WO-60187,WO-60187,P 14971,M-1497,Customer J,IM-02,38449,2025-12-04,2025-12-23 15:00:00,2025-12-23 17:46:00,POM,automotive
WO-60188,WO-60188,PN-10771,M-1077,Customer E,IM-02,14760,2025-12-18,2025-12-26 08:00:00,2025-12-26 16:23:00,POM,automotive
WO-60189,WO-60189,P-18201,M-1820,Customer E,IM-02,47907,2025-12-07,2025-12-27 07:00:00,2025-12-27 07:37:00,PA66 GF30,automotive
WO-60190,WO-60190,P-10301,M-1030,Customer P,IM-02,5304,2025-12-24,2026-01-02 05:00:00,2026-01-02 08:16:00,PP copolymer,automotive
WO-60191,WO-60191,P-15041,M-1504,Customer K,IM-02,38562,2026-01-09,2026-01-14 05:00:00,2026-01-14 10:13:00,POM,automotive
WO-60192,WO-60192,P-16771,M-1677,Customer A,IM-02,9546,2025-12-27,2026-01-21 22:00:00,2026-01-22 06:04:00,PP copolymer,automotive
WO-60193,WO-60193,P-12741,M-1274,Customer P,IM-02,7652,2026-01-15,2026-01-24 17:00:00,2026-01-24 19:32:00,PC/ABS,automotive
WO-60194,WO-60194,P15491,M-1549,Customer G,IM-02,2792,2026-01-09,2026-01-26 12:00:00,2026-01-26 12:45:00,PP copolymer,industrial
WO-60195,WO-60195,PN-17661,M-1766,Customer C,IM-02,27148,2026-01-21,2026-02-01 12:00:00,2026-02-01 19:38:00,PP copolymer,industrial
WO-60196,WO-60196,p-16701,M-1670,Customer N,IM-02,54044,2026-01-29,2026-02-07 07:00:00,2026-02-07 10:35:00,PP copolymer,industrial
WO-60197,WO-60197,P-11071,M-1107,Customer J,IM-02,57173,2026-01-15,2026-02-09 09:00:00,2026-02-09 16:55:00,PC/ABS,automotive
WO-60198,WO-60198,P13321,M-1332,Customer H,IM-02,35789,2026-01-12,2026-02-09 18:00:00,2026-02-09 23:31:00,PA66 GF30,consumer
WO-60199,WO-60199,P11851,M-1185,Customer B,IM-02,57900,2026-02-04,2026-02-11 09:00:00,2026-02-11 11:52:00,PP copolymer,industrial
