operator_id,shift,hire_date
OP001,C,2014-08-02
OP002,C,2013-12-18
OP003,C,2017-10-21
OP004,A,2012-02-01
OP005,C,2021-12-27
OP006,A,2016-06-22
OP007,C,2024-04-18
OP008,C,2017-09-14
OP009,A,2019-10-06
OP010,B,2021-08-06
OP011,C,2011-11-28
OP012,B,2019-10-31
OP013,A,2020-10-03
OP014,B,2023-06-28
OP015,C,2023-09-03
OP016,A,2011-12-08
OP017,B,2017-05-22
OP018,B,2013-03-06
OP019,B,2024-12-19
OP020,C,2017-02-09
OP021,A,2019-07-10
OP022,B,2020-02-23
OP023,C,2015-09-04
OP024,A,2024-05-06
OP025,B,2022-01-01
OP026,C,2021-11-13
OP027,C,2019-02-21
OP028,A,2020-09-17
OP029,B,2014-10-18
OP030,A,2018-10-24
OP031,B,2014-09-06
OP032,B,2023-06-29
OP033,B,2017-05-22
OP034,A,2015-09-02
OP035,C,2015-12-25
OP036,A,2024-09-04
OP037,C,2022-10-17
OP038,B,2016-12-25
OP039,C,2021-07-21
OP040,A,2019-02-07
OP041,A,2013-02-24
OP042,A,2013-07-29
OP043,B,2025-02-14
OP044,A,2018-04-06
OP045,C,2012-09-04
OP046,C,2020-06-21
OP047,C,2018-10-28
OP048,C,2020-03-12
OP049,A,2014-05-09
OP050,A,2019-04-06
OP051,B,2013-01-04
OP052,A,2022-08-09
OP053,B,2019-08-08
OP054,B,2019-07-16
OP055,B,2016-09-03
OP056,B,2018-06-17
OP057,A,2021-09-30
OP058,C,2013-08-25
OP059,B,2018-04-16
