shot_id,press_id,job_id,shot_ts,cycle_time_s,fill_time_s,switchover_position_mm,switchover_pressure_bar,peak_injection_pressure_bar,cushion_mm,hold_pressure_bar,hold_time_s,recovery_time_s,back_pressure_bar,screw_rpm,barrel_zone_1_actual_c,barrel_zone_2_actual_c,barrel_zone_3_actual_c,barrel_zone_4_actual_c,nozzle_actual_c,mold_temp_a_c,mold_temp_b_c,clamp_tonnage,press_alarm_code
1,IM-12,J-250100,2025-01-09 10:07:13.799812,55.25,1.78,12.01,844.1,1004.8,4.84,570.0,15.6,18.49,8.09,110.4,250.3,264.7,275.3,279.4,281.3,79.8,79.6,180.1,
2,IM-12,J-250100,2025-01-09 10:08:08.725589,54.71,1.775,12.11,875.1,984.3,4.98,570.0,15.6,17.96,7.91,109.7,249.5,265.4,275.2,280.0,282.9,79.7,79.6,181.1,
3,IM-12,J-250100,2025-01-09 10:09:03.866383,54.76,1.814,12.01,876.7,984.4,4.77,570.0,15.6,18.12,7.94,111.4,250.4,264.9,274.4,280.0,282.6,79.4,79.6,180.2,
4,IM-12,J-250100,2025-01-09 10:09:59.133128,55.19,1.805,11.96,901.7,1003.3,4.83,570.0,15.6,18.58,8.08,110.7,250.2,264.7,275.1,280.2,282.1,79.5,79.5,179.9,
5,IM-12,J-250100,2025-01-09 10:10:54.432750,55.06,1.794,11.97,869.6,972.7,4.75,570.0,15.6,19.18,7.8,109.2,250.2,264.5,276.1,279.8,282.2,79.8,79.6,179.7,
6,IM-12,J-250100,2025-01-09 10:11:49.095951,55.07,1.809,11.92,906.1,1026.6,4.88,570.0,15.6,18.61,8.1,109.7,251.0,265.7,274.8,279.2,282.3,79.8,79.8,181.1,
7,IM-12,J-250100,2025-01-09 10:12:44.165014,54.67,1.797,11.89,899.0,1002.6,5.03,570.0,15.6,18.51,8.06,110.9,250.4,265.0,274.4,280.4,281.4,80.1,80.2,180.5,
8,IM-12,J-250100,2025-01-09 10:13:39.365491,54.77,1.77,12.02,876.3,939.2,4.78,570.0,15.6,18.8,7.93,109.8,250.0,264.9,274.8,280.6,281.6,79.6,80.1,180.4,
9,IM-12,J-250100,2025-01-09 10:14:34.161827,55.03,1.796,12.02,864.7,986.4,4.98,570.0,15.6,18.5,8.33,110.5,249.8,264.7,274.7,279.6,281.9,79.8,80.0,178.5,
10,IM-12,J-250100,2025-01-09 10:15:29.308348,55.22,1.778,12.06,856.2,1019.0,4.95,570.0,15.6,18.57,7.95,109.7,250.0,265.1,274.9,279.6,282.4,79.8,79.8,180.3,
11,IM-12,J-250100,2025-01-09 10:16:24.512224,55.19,1.808,11.95,880.1,974.4,4.84,570.0,15.6,18.96,8.19,109.7,250.3,265.2,275.2,279.6,281.9,80.2,80.3,179.4,
12,IM-12,J-250100,2025-01-09 10:17:19.587251,54.84,1.822,12.04,888.6,1015.8,4.84,570.0,15.6,18.78,7.74,108.6,250.6,264.9,275.4,279.8,282.1,80.1,80.1,179.5,
13,IM-12,J-250100,2025-01-09 10:18:14.438622,55.23,1.829,12.07,852.0,998.3,4.97,570.0,15.6,17.76,8.39,108.8,250.4,264.8,274.7,280.1,281.8,80.0,80.0,179.4,
14,IM-12,J-250100,2025-01-09 10:19:09.222098,55.18,1.795,12.04,860.3,993.9,4.86,570.0,15.6,18.56,7.72,112.2,250.8,265.6,274.7,280.2,281.3,79.9,80.4,180.5,
15,IM-12,J-250100,2025-01-09 10:20:04.484382,55.04,1.793,11.91,870.1,963.8,4.86,570.0,15.6,18.42,8.35,111.2,250.0,265.4,275.3,280.6,282.3,79.9,79.9,181.5,
16,IM-12,J-250100,2025-01-09 10:20:59.234719,55.07,1.822,11.88,857.6,978.6,4.97,570.0,15.6,18.8,7.72,110.1,250.1,265.3,274.9,279.8,282.3,80.1,79.9,178.2,
17,IM-12,J-250100,2025-01-09 10:21:54.135403,54.86,1.807,12.04,875.8,977.1,4.78,570.0,15.6,18.56,7.97,110.0,249.5,265.1,275.6,279.8,281.6,79.7,80.0,180.6,
18,IM-12,J-250100,2025-01-09 10:22:49.187692,54.59,1.792,11.91,883.6,960.9,4.91,570.0,15.6,19.4,7.88,111.1,249.9,265.3,274.5,280.7,282.2,80.3,80.2,179.4,
19,IM-12,J-250100,2025-01-09 10:23:44.032581,55.03,1.768,12.02,861.2,979.5,4.99,570.0,15.6,18.21,7.69,109.5,250.0,265.0,275.1,280.4,282.7,79.9,80.4,181.2,
20,IM-12,J-250100,2025-01-09 10:24:38.925370,55.18,1.798,12.04,865.7,1007.6,4.79,570.0,15.6,18.72,8.05,109.5,249.6,264.7,274.8,279.7,281.8,80.2,80.3,179.6,
21,IM-12,J-250100,2025-01-09 10:25:33.964660,55.23,1.798,12.0,899.0,992.9,5.04,570.0,15.6,18.57,7.83,110.0,249.7,264.9,275.7,279.8,282.4,80.1,80.2,180.1,
22,IM-12,J-250100,2025-01-09 10:26:28.825213,54.87,1.806,12.06,864.6,1003.6,5.01,570.0,15.6,18.32,7.98,110.6,249.2,264.8,275.2,279.5,281.4,80.5,80.1,179.2,
23,IM-12,J-250100,2025-01-09 10:27:23.804645,55.12,1.803,12.03,874.3,993.1,5.02,570.0,15.6,18.5,8.02,109.3,250.2,264.6,274.5,280.8,282.1,80.4,79.9,181.0,
24,IM-12,J-250100,2025-01-09 10:28:18.648762,55.38,1.78,12.03,904.5,976.3,4.93,570.0,15.6,18.9,7.92,108.9,250.0,264.7,274.9,280.1,281.0,80.0,80.2,178.3,
25,IM-12,J-250100,2025-01-09 10:29:13.637245,54.91,1.789,12.06,891.7,966.2,4.85,570.0,15.6,18.89,7.99,111.5,249.9,265.0,275.0,279.4,281.9,79.9,80.3,179.9,
26,IM-12,J-250100,2025-01-09 10:30:08.796012,55.04,1.802,12.03,856.7,1000.5,4.86,570.0,15.6,18.37,8.18,108.2,249.6,264.9,274.4,279.6,282.9,79.8,80.2,180.3,
27,IM-12,J-250100,2025-01-09 10:31:04.074755,54.72,1.798,12.0,876.8,1005.7,4.95,570.0,15.6,19.13,8.11,109.6,250.0,265.3,275.5,280.3,282.1,80.0,80.0,181.0,
28,IM-12,J-250100,2025-01-09 10:31:58.942668,54.85,1.806,12.04,864.3,1005.6,4.8,570.0,15.6,18.46,8.15,110.0,250.1,264.5,275.2,280.3,281.1,79.8,80.2,180.2,
29,IM-12,J-250100,2025-01-09 10:32:54.054792,54.76,1.79,11.96,892.8,1029.7,4.8,570.0,15.6,18.03,7.99,110.5,250.3,265.1,275.0,280.2,281.9,79.8,79.7,179.2,
30,IM-12,J-250100,2025-01-09 10:33:49.362363,54.5,1.804,11.97,873.5,983.3,5.08,570.0,15.6,19.02,8.17,109.8,250.0,265.3,274.7,279.9,282.3,79.9,79.9,178.5,
31,IM-12,J-250100,2025-01-09 10:34:44.595600,54.85,1.808,12.05,874.4,943.0,4.89,570.0,15.6,19.23,7.87,111.4,249.3,264.6,275.7,279.9,282.3,80.0,79.9,180.9,
32,IM-12,J-250100,2025-01-09 10:35:39.631856,55.19,1.799,12.04,850.4,980.1,4.86,570.0,15.6,18.55,8.14,109.1,250.3,265.4,274.1,279.6,282.5,79.6,80.1,178.8,
33,IM-12,J-250100,2025-01-09 10:36:34.372415,55.0,1.785,12.02,847.3,989.3,4.89,570.0,15.6,18.15,8.03,110.5,250.2,264.7,275.3,279.5,282.1,79.9,80.6,180.1,
34,IM-12,J-250100,2025-01-09 10:37:29.722565,55.28,1.825,12.01,865.4,1003.7,5.06,570.0,15.6,18.33,8.12,110.2,249.7,264.9,275.6,280.3,281.8,79.5,79.9,179.7,
35,IM-12,J-250100,2025-01-09 10:38:24.993570,54.65,1.777,12.14,871.7,995.6,4.76,570.0,15.6,18.83,8.22,112.6,249.4,265.1,274.7,279.9,282.1,79.9,80.0,180.1,
36,IM-12,J-250100,2025-01-09 10:39:20.370929,54.94,1.817,11.95,874.9,978.6,4.88,570.0,15.6,18.6,7.57,111.2,250.0,264.5,276.0,279.7,282.8,79.7,80.4,180.9,
37,IM-12,J-250100,2025-01-09 10:40:15.348408,54.53,1.811,11.98,869.5,1018.8,4.6,570.0,15.6,18.15,8.19,111.1,249.2,265.4,274.9,279.6,281.8,79.6,80.2,181.1,
38,IM-12,J-250100,2025-01-09 10:41:10.367145,54.76,1.808,12.02,834.5,987.3,4.73,570.0,15.6,18.14,8.09,109.1,250.4,264.8,275.3,280.0,282.7,79.3,80.2,180.3,
39,IM-12,J-250100,2025-01-09 10:42:05.250381,54.75,1.794,11.92,858.0,999.6,4.72,570.0,15.6,17.99,8.03,109.3,250.1,264.7,275.6,279.6,282.5,80.2,80.6,180.0,
40,IM-12,J-250100,2025-01-09 10:43:00.604432,55.0,1.817,11.96,858.8,1010.5,5.03,570.0,15.6,18.65,8.06,111.2,249.6,264.1,274.9,280.3,281.4,79.4,80.3,178.8,
41,IM-12,J-250100,2025-01-09 10:43:55.661299,55.37,1.817,11.98,856.5,986.5,4.87,570.0,15.6,19.34,7.89,109.2,249.6,264.9,274.8,279.6,280.8,79.5,79.6,180.2,
42,IM-12,J-250100,2025-01-09 10:44:50.702447,55.02,1.801,12.06,886.8,969.0,4.68,570.0,15.6,17.8,7.93,108.4,249.3,264.6,275.4,279.9,282.0,79.5,80.0,179.7,
43,IM-12,J-250100,2025-01-09 10:45:45.689773,54.65,1.797,12.02,889.2,1005.2,4.98,570.0,15.6,18.71,8.16,110.5,249.4,265.1,274.9,279.4,282.1,79.3,79.8,180.6,
44,IM-12,J-250100,2025-01-09 10:46:40.340008,54.95,1.814,12.05,863.4,955.4,4.84,570.0,15.6,18.18,8.11,110.1,250.0,264.8,275.4,280.1,282.3,79.8,80.2,178.8,
45,IM-12,J-250100,2025-01-09 10:47:35.207320,55.4,1.79,11.99,837.5,977.5,4.9,570.0,15.6,18.6,8.37,111.0,249.9,264.5,274.3,280.4,282.0,79.9,79.9,180.3,
46,IM-12,J-250100,2025-01-09 10:48:30.247458,54.84,1.795,12.09,859.5,986.2,4.9,570.0,15.6,19.06,8.46,110.1,250.4,265.2,275.1,279.8,282.2,80.2,79.8,180.4,
47,IM-12,J-250100,2025-01-09 10:49:25.081124,55.0,1.815,11.96,855.2,995.7,4.86,570.0,15.6,19.28,8.2,109.6,249.8,264.1,274.7,280.3,282.1,80.0,79.6,178.2,
48,IM-12,J-250100,2025-01-09 10:50:20.422999,54.96,1.805,12.06,865.0,1008.0,4.82,570.0,15.6,18.75,8.09,109.5,250.8,265.2,274.6,279.6,281.9,80.2,79.8,180.8,
49,IM-12,J-250100,2025-01-09 10:51:15.479692,54.96,1.81,12.03,898.1,994.7,5.02,570.0,15.6,18.29,8.44,109.6,250.3,264.5,275.0,280.2,282.0,79.9,80.1,179.7,
50,IM-12,J-250100,2025-01-09 10:52:10.794544,54.76,1.804,11.97,877.0,985.4,4.82,570.0,15.6,18.56,8.07,108.8,249.6,265.6,274.7,279.4,281.8,80.0,79.8,180.0,
51,IM-12,J-250100,2025-01-09 10:53:05.800831,55.32,1.769,11.95,868.1,982.8,4.81,570.0,15.6,18.94,7.81,109.3,250.6,265.3,275.4,280.5,281.6,79.7,79.8,180.4,
52,IM-12,J-250100,2025-01-09 10:54:00.444640,54.87,1.759,12.0,858.3,1016.9,4.79,570.0,15.6,18.04,8.0,108.5,249.5,265.6,275.3,280.1,282.9,79.8,80.1,179.6,
53,IM-12,J-250100,2025-01-09 10:54:56.039141,55.18,1.814,12.03,877.3,995.3,4.92,570.0,15.6,18.55,8.06,110.6,249.7,265.2,275.0,280.2,281.0,79.8,80.0,180.1,
54,IM-12,J-250100,2025-01-09 10:55:51.317156,54.86,1.787,11.98,895.7,981.5,4.9,570.0,15.6,18.53,7.96,110.0,250.0,265.0,274.8,280.1,281.5,80.0,80.0,181.0,
55,IM-12,J-250100,2025-01-09 10:56:46.100453,55.01,1.764,11.95,852.6,950.7,4.82,570.0,15.6,18.14,7.96,112.1,250.0,265.5,274.4,280.1,282.5,79.8,79.9,179.2,
56,IM-12,J-250100,2025-01-09 10:57:40.828846,55.21,1.82,12.06,849.8,989.6,4.59,570.0,15.6,18.14,7.77,110.8,250.2,265.9,275.4,279.9,281.8,79.9,79.8,181.7,
57,IM-12,J-250100,2025-01-09 10:58:35.890194,54.64,1.823,11.99,862.1,990.3,4.84,570.0,15.6,18.67,8.11,109.9,249.9,265.2,274.8,280.1,282.3,79.7,79.8,180.2,
58,IM-12,J-250100,2025-01-09 10:59:30.981710,54.99,1.798,11.91,865.9,972.6,4.75,570.0,15.6,18.92,8.08,109.1,249.6,265.1,274.7,280.3,282.5,79.6,80.0,180.5,
59,IM-12,J-250100,2025-01-09 11:00:25.814183,55.22,1.78,11.98,867.2,966.6,4.91,570.0,15.6,18.23,7.89,109.5,249.4,266.0,274.7,280.4,282.6,79.7,79.8,179.4,
60,IM-12,J-250100,2025-01-09 11:01:20.827709,55.2,1.8,12.05,874.6,966.3,4.88,570.0,15.6,17.92,7.82,109.6,249.8,264.9,275.3,279.7,281.9,79.8,79.8,180.8,
61,IM-12,J-250100,2025-01-09 11:02:15.539996,54.91,1.777,12.01,861.6,993.7,4.84,570.0,15.6,18.83,7.92,110.9,250.1,265.4,275.1,280.3,281.8,79.9,79.8,180.0,
62,IM-12,J-250100,2025-01-09 11:03:10.432168,54.98,1.799,11.95,912.5,1006.3,4.73,570.0,15.6,18.22,7.95,110.3,250.7,264.7,274.3,279.5,282.5,80.1,79.7,181.1,
63,IM-12,J-250100,2025-01-09 11:04:05.135725,55.15,1.798,12.05,886.2,974.3,4.79,570.0,15.6,18.82,8.25,110.0,250.3,265.4,274.8,280.2,281.9,79.9,79.8,178.6,
64,IM-12,J-250100,2025-01-09 11:05:00.175822,55.11,1.778,12.04,870.1,1009.6,4.82,570.0,15.6,18.12,7.74,109.1,250.1,265.5,274.7,280.3,281.7,79.7,79.7,180.1,
65,IM-12,J-250100,2025-01-09 11:05:55.617393,55.0,1.801,11.96,874.5,1000.2,4.86,570.0,15.6,18.41,7.79,110.5,249.8,265.1,274.7,280.8,282.5,80.0,79.6,179.0,
66,IM-12,J-250100,2025-01-09 11:06:50.467881,55.14,1.788,11.95,873.2,962.1,4.85,570.0,15.6,18.9,7.66,110.2,250.4,264.5,275.2,280.3,281.2,79.9,79.7,179.9,
67,IM-12,J-250100,2025-01-09 11:07:45.420191,54.81,1.799,12.0,886.6,974.9,4.83,570.0,15.6,18.46,8.14,111.3,250.5,264.9,274.7,280.0,281.8,79.4,79.9,179.0,
68,IM-12,J-250100,2025-01-09 11:08:40.796208,54.49,1.812,11.97,863.1,1006.8,4.7,570.0,15.6,18.42,8.13,110.2,250.2,265.1,275.0,280.1,281.0,79.7,79.9,179.6,
69,IM-12,J-250100,2025-01-09 11:09:35.541846,55.28,1.817,11.9,870.3,987.4,4.83,570.0,15.6,18.59,8.19,110.3,249.4,265.5,274.8,280.2,281.5,79.8,79.9,180.6,
70,IM-12,J-250100,2025-01-09 11:10:30.615698,54.72,1.794,11.95,883.8,1023.3,4.88,570.0,15.6,18.7,7.81,109.8,249.9,264.5,276.0,279.6,281.7,80.0,79.9,179.2,
71,IM-12,J-250100,2025-01-09 11:11:25.313924,54.62,1.763,12.04,866.7,988.0,4.83,570.0,15.6,18.41,8.15,108.0,249.4,264.3,275.2,279.8,282.3,79.7,79.9,179.3,
72,IM-12,J-250100,2025-01-09 11:12:20.431561,55.07,1.8,12.0,885.5,971.4,4.89,570.0,15.6,18.74,8.25,108.8,249.3,265.5,274.7,280.1,281.4,79.9,79.9,179.8,
73,IM-12,J-250100,2025-01-09 11:13:15.290052,55.05,1.805,12.02,870.7,997.2,4.96,570.0,15.6,19.01,7.74,111.0,250.6,265.4,274.7,280.8,282.4,80.1,80.1,179.2,
74,IM-12,J-250100,2025-01-09 11:14:10.415860,55.16,1.829,11.97,954.3,1100.5,4.7,570.0,15.6,18.7,7.99,107.2,249.8,264.9,274.6,280.4,282.4,79.7,80.1,180.6,
75,IM-12,J-250100,2025-01-09 11:15:05.347206,54.85,1.814,12.1,944.2,1108.1,4.91,570.0,15.6,19.57,7.74,110.8,250.6,264.9,275.9,279.9,281.4,79.9,79.9,178.9,
76,IM-12,J-250100,2025-01-09 11:16:00.221129,54.75,1.808,11.92,967.6,1087.2,4.73,570.0,15.6,18.82,7.84,108.8,250.3,264.3,274.4,280.4,282.0,80.2,79.8,180.3,
77,IM-12,J-250100,2025-01-09 11:16:55.158866,55.02,1.78,12.01,948.7,1113.4,4.76,570.0,15.6,18.43,7.92,108.5,250.1,265.0,275.4,280.2,281.6,79.7,80.1,181.3,
78,IM-12,J-250100,2025-01-09 11:17:50.506555,54.96,1.808,12.01,902.1,1059.3,4.92,570.0,15.6,18.93,8.19,109.6,249.6,264.9,274.9,280.1,282.2,80.1,80.7,180.2,
79,IM-12,J-250100,2025-01-09 11:18:46.081486,54.95,1.825,11.98,952.1,1114.0,4.95,570.0,15.6,19.18,7.61,108.6,250.2,265.0,274.9,280.2,282.1,80.1,80.2,180.1,
80,IM-12,J-250100,2025-01-09 11:19:41.292019,54.93,1.808,11.98,964.2,1099.4,4.86,570.0,15.6,19.02,7.98,110.8,249.5,265.2,274.3,279.6,282.4,80.1,79.8,180.8,
81,IM-12,J-250100,2025-01-09 11:20:36.508283,55.23,1.794,12.01,903.5,1087.4,4.9,570.0,15.6,19.28,8.19,109.5,249.4,265.3,274.8,280.4,281.6,80.0,79.7,178.8,
82,IM-12,J-250100,2025-01-09 11:21:31.252771,54.79,1.795,12.02,921.1,1079.6,4.99,570.0,15.6,18.68,8.09,110.1,250.0,265.1,275.3,279.6,282.6,79.9,79.9,180.3,
83,IM-12,J-250100,2025-01-09 11:22:26.095420,54.68,1.823,11.97,890.7,1105.9,4.92,570.0,15.6,19.01,7.71,110.9,250.0,265.4,274.5,280.1,281.1,80.2,80.0,180.0,
84,IM-12,J-250100,2025-01-09 11:23:21.717778,54.84,1.8,12.09,932.1,1046.5,4.8,570.0,15.6,18.35,8.37,110.0,250.0,264.5,275.3,279.9,282.3,80.2,79.9,180.6,
85,IM-12,J-250100,2025-01-09 11:24:17.117755,54.54,1.824,11.96,966.0,1067.0,4.91,570.0,15.6,19.02,8.07,110.5,250.2,264.9,274.9,280.1,282.0,80.2,79.8,178.1,
86,IM-12,J-250100,2025-01-09 11:25:12.440605,54.91,1.807,12.02,960.4,1103.6,4.85,570.0,15.6,19.33,8.1,110.5,249.5,264.7,275.4,279.8,281.7,79.5,80.2,181.3,
87,IM-12,J-250100,2025-01-09 11:26:07.782606,55.09,1.802,11.96,966.3,1095.5,4.88,570.0,15.6,19.13,8.09,110.1,250.1,265.2,275.3,280.3,283.3,79.8,80.2,180.1,
88,IM-12,J-250100,2025-01-09 11:27:02.518064,55.01,1.77,11.96,968.9,1043.6,4.91,570.0,15.6,18.57,8.3,110.0,250.4,265.3,274.7,280.1,281.8,79.5,80.0,181.1,
89,IM-12,J-250100,2025-01-09 11:27:57.033455,55.35,1.794,11.95,917.6,1085.5,4.91,570.0,15.6,19.29,7.82,110.2,250.3,265.0,274.9,280.3,282.5,80.0,79.9,181.1,
90,IM-12,J-250100,2025-01-09 11:28:52.053682,54.65,1.803,12.04,944.2,1066.3,4.87,570.0,15.6,19.15,8.0,110.4,250.1,264.5,275.4,280.4,281.9,80.0,80.3,179.9,
91,IM-12,J-250100,2025-01-09 11:29:47.017503,55.35,1.779,11.99,959.4,1086.5,5.02,570.0,15.6,19.05,7.72,108.6,250.1,265.6,275.1,280.4,280.9,80.2,80.0,181.3,
92,IM-12,J-250100,2025-01-09 11:30:42.442263,55.01,1.806,11.98,960.1,1104.4,4.84,570.0,15.6,19.49,8.45,111.1,250.4,265.6,274.5,279.5,282.3,80.0,79.9,179.4,
93,IM-12,J-250100,2025-01-09 11:31:37.432391,55.32,1.808,12.03,966.0,1094.6,5.03,570.0,15.6,18.66,7.82,110.0,250.4,264.9,274.3,279.9,282.4,79.8,80.1,180.2,
94,IM-12,J-250100,2025-01-09 11:32:32.260855,54.71,1.798,12.01,959.4,1058.8,4.87,570.0,15.6,19.42,7.91,108.6,250.2,265.0,275.1,280.1,282.1,79.3,79.8,180.6,
95,IM-12,J-250100,2025-01-09 11:33:27.461104,54.75,1.768,11.98,949.4,1041.5,4.93,570.0,15.6,18.58,8.12,110.1,249.8,264.2,274.2,280.2,281.9,79.6,79.5,180.8,
96,IM-12,J-250100,2025-01-09 11:34:22.399728,55.28,1.808,12.02,928.6,1065.3,4.74,570.0,15.6,18.95,7.8,109.8,250.7,264.5,274.7,280.2,281.9,80.0,80.0,179.7,
97,IM-12,J-250100,2025-01-09 11:35:17.425572,55.02,1.792,12.0,940.0,1065.7,4.79,570.0,15.6,18.31,8.22,110.4,250.5,264.7,275.1,280.4,282.1,79.6,79.9,181.3,
98,IM-12,J-250100,2025-01-09 11:36:12.260111,55.32,1.802,12.02,957.8,1078.5,4.95,570.0,15.6,18.63,8.03,111.3,250.3,265.3,274.8,280.3,281.8,79.6,79.8,180.3,
99,IM-12,J-250100,2025-01-09 11:37:07.062700,54.69,1.803,12.0,939.0,1053.8,4.96,570.0,15.6,18.59,7.88,111.9,249.4,264.8,274.8,279.9,282.5,79.8,79.6,181.1,
100,IM-12,J-250100,2025-01-09 11:38:01.790813,54.8,1.804,12.04,936.1,1063.9,4.78,570.0,15.6,18.45,7.99,111.2,250.7,265.3,275.3,279.9,282.9,79.7,79.8,179.6,
101,IM-12,J-250100,2025-01-09 11:38:57.310549,54.95,1.819,11.97,944.8,1080.9,4.99,570.0,15.6,19.1,8.02,109.7,249.5,264.7,275.8,279.7,281.8,79.5,80.0,180.1,
102,IM-12,J-250100,2025-01-09 11:39:52.152964,54.89,1.792,12.02,954.8,1083.4,4.86,570.0,15.6,19.36,8.15,109.5,250.4,265.0,275.0,280.2,281.8,79.8,79.5,179.6,
103,IM-12,J-250100,2025-01-09 11:40:47.511435,55.4,1.817,12.02,967.3,1052.6,4.92,570.0,15.6,18.48,8.09,110.1,249.6,265.5,274.6,279.6,281.8,79.6,79.8,179.7,
104,IM-12,J-250100,2025-01-09 11:41:42.437883,54.68,1.801,12.05,970.2,1134.4,4.81,570.0,15.6,18.53,8.0,110.1,249.7,264.4,275.4,280.3,281.3,80.2,80.1,178.3,
105,IM-12,J-250100,2025-01-09 11:42:37.501902,54.88,1.785,11.97,953.5,1106.1,4.95,570.0,15.6,19.59,7.92,111.5,250.2,265.0,274.6,279.8,281.8,79.9,79.5,179.6,
106,IM-12,J-250100,2025-01-09 11:43:32.635503,55.14,1.802,12.03,961.5,1123.7,4.82,570.0,15.6,18.63,8.21,109.0,250.4,265.1,275.0,280.3,281.8,80.3,79.9,179.6,
107,IM-12,J-250100,2025-01-09 11:44:27.546542,55.04,1.808,12.07,973.2,1118.7,4.84,570.0,15.6,18.54,7.67,110.3,249.7,264.4,275.7,280.0,281.9,79.6,80.2,181.2,
108,IM-12,J-250100,2025-01-09 11:45:22.449331,55.11,1.799,11.99,959.1,1008.7,4.86,570.0,15.6,17.72,7.99,109.7,249.8,264.8,275.2,280.2,282.5,80.0,80.1,179.7,
109,IM-12,J-250100,2025-01-09 11:46:17.417501,54.83,1.804,12.02,944.9,1055.2,4.86,570.0,15.6,18.84,8.3,111.2,249.2,265.5,274.4,280.0,282.7,79.7,80.0,179.3,
110,IM-12,J-250100,2025-01-09 11:47:12.439772,54.95,1.814,11.95,910.1,1091.0,5.04,570.0,15.6,19.14,7.86,109.8,249.0,265.9,274.9,279.9,282.1,80.3,80.2,180.2,
111,IM-12,J-250100,2025-01-09 11:48:07.127345,55.14,1.793,11.92,892.7,1059.8,4.92,570.0,15.6,19.06,7.82,109.3,249.4,264.6,274.9,279.7,282.2,80.0,80.4,180.8,
112,IM-12,J-250100,2025-01-09 11:49:01.919817,55.04,1.792,11.92,934.2,1066.6,4.9,570.0,15.6,18.21,8.03,108.8,250.7,264.7,274.6,280.0,282.0,79.9,79.6,179.5,
113,IM-12,J-250100,2025-01-09 11:49:57.295216,55.15,1.828,12.03,961.5,1090.0,4.93,570.0,15.6,18.67,8.11,110.3,250.2,264.7,274.9,280.1,282.0,79.7,79.9,180.2,
114,IM-12,J-250100,2025-01-09 11:50:52.218344,54.61,1.795,11.92,935.9,1076.2,4.89,570.0,15.6,18.79,8.1,107.9,250.1,265.4,274.7,279.8,281.6,79.7,79.8,180.3,
115,IM-12,J-250100,2025-01-09 11:51:46.885240,55.05,1.79,12.04,895.6,1075.4,4.86,570.0,15.6,18.07,8.32,112.3,250.0,264.7,275.3,280.9,281.7,80.1,79.9,180.7,
116,IM-12,J-250100,2025-01-09 11:52:41.740873,55.05,1.792,12.02,951.4,1093.0,4.88,570.0,15.6,18.12,8.1,111.1,250.3,264.5,275.1,279.9,282.5,79.9,80.0,180.5,
117,IM-12,J-250100,2025-01-09 11:53:37.324050,55.04,1.79,12.09,959.3,1092.0,5.07,570.0,15.6,19.35,8.31,109.3,249.7,265.4,274.9,280.2,281.7,79.8,80.1,180.4,
118,IM-12,J-250100,2025-01-09 11:54:32.097036,55.29,1.812,11.91,946.9,1102.0,4.88,570.0,15.6,18.4,7.8,110.3,250.6,265.6,275.7,280.1,283.0,79.9,79.3,178.1,
119,IM-12,J-250100,2025-01-09 11:55:27.049846,54.89,1.792,11.96,987.4,1115.8,4.85,570.0,15.6,18.42,7.97,109.4,250.2,264.8,274.4,280.3,281.6,79.8,80.1,180.9,
120,IM-12,J-250100,2025-01-09 11:56:21.723523,55.3,1.838,12.0,967.7,1116.6,4.94,570.0,15.6,18.66,8.05,110.2,249.9,265.2,274.6,280.2,281.5,79.8,79.9,180.3,
121,IM-12,J-250100,2025-01-09 11:57:16.826475,55.04,1.801,11.98,960.4,1092.6,4.89,570.0,15.6,19.11,7.91,108.7,249.3,264.9,275.6,279.5,281.5,80.2,79.6,181.0,
122,IM-12,J-250100,2025-01-09 11:58:12.090307,55.0,1.799,12.11,975.0,1090.8,4.86,570.0,15.6,18.83,8.12,108.5,249.3,265.2,275.1,280.0,282.8,79.5,80.0,180.2,
123,IM-12,J-250100,2025-01-09 11:59:07.607136,54.93,1.786,12.03,946.9,1073.0,4.67,570.0,15.6,18.63,7.99,109.4,249.8,264.5,275.4,280.2,281.4,79.7,79.8,180.2,
124,IM-12,J-250100,2025-01-09 12:00:02.664189,55.06,1.791,12.01,942.7,1087.2,4.93,570.0,15.6,18.51,8.52,110.7,250.6,265.3,274.9,280.7,281.4,79.7,79.8,180.2,
125,IM-12,J-250100,2025-01-09 12:00:57.388500,55.33,1.784,12.02,940.7,1077.2,4.8,570.0,15.6,18.71,7.96,109.1,249.0,265.3,275.0,280.3,282.2,80.4,79.8,181.1,
126,IM-12,J-250100,2025-01-09 12:01:52.181083,54.86,1.778,11.99,945.1,1119.3,4.8,570.0,15.6,18.5,8.28,109.6,249.9,264.8,274.9,280.8,281.8,79.7,79.9,181.6,
127,IM-12,J-250100,2025-01-09 12:02:47.167493,54.96,1.807,11.97,958.9,1113.9,4.99,570.0,15.6,18.39,8.11,110.3,249.7,265.5,275.2,280.6,282.7,79.9,80.0,180.2,
128,IM-12,J-250100,2025-01-09 12:03:42.090879,54.57,1.817,11.94,983.2,1053.1,4.64,570.0,15.6,18.15,7.99,109.1,249.3,265.1,274.4,279.7,282.3,79.6,80.1,179.3,
129,IM-12,J-250100,2025-01-09 12:04:36.983658,55.04,1.798,11.95,948.8,1107.5,4.81,570.0,15.6,18.9,8.0,110.4,250.7,264.9,275.2,279.6,281.9,79.8,79.9,178.8,
130,IM-12,J-250100,2025-01-09 12:05:32.127174,55.1,1.799,12.0,974.4,1125.0,5.05,570.0,15.6,19.03,8.04,110.4,249.9,264.8,275.6,279.8,281.6,79.9,79.6,180.9,
131,IM-12,J-250100,2025-01-09 12:06:26.927611,54.81,1.831,11.93,1011.7,1081.1,4.83,570.0,15.6,18.86,8.0,110.6,250.2,265.0,274.8,280.5,282.6,79.7,79.7,179.9,
132,IM-12,J-250100,2025-01-09 12:07:21.905608,55.51,1.796,12.03,952.4,1089.0,4.79,570.0,15.6,18.39,7.86,111.5,249.9,265.8,274.1,279.4,281.7,79.8,79.7,181.1,
133,IM-12,J-250100,2025-01-09 12:08:17.489772,54.72,1.791,11.98,944.9,1090.5,4.81,570.0,15.6,18.62,7.76,110.4,250.4,264.7,275.0,280.0,281.7,79.7,79.2,180.2,
134,IM-12,J-250100,2025-01-09 12:09:12.482132,54.96,1.778,12.01,953.2,1126.3,4.82,570.0,15.6,18.42,7.76,109.0,250.6,265.3,275.5,280.3,281.6,80.1,80.3,179.9,
135,IM-12,J-250100,2025-01-09 12:10:07.293659,55.04,1.804,11.97,949.9,1096.8,4.91,570.0,15.6,18.51,8.15,110.0,250.0,265.6,275.7,279.4,281.6,79.5,79.8,180.8,
136,IM-12,J-250100,2025-01-09 12:11:02.625726,54.91,1.778,11.96,935.3,1118.3,4.86,570.0,15.6,19.35,7.87,109.8,250.1,264.8,275.0,280.0,282.0,79.8,79.8,180.6,
137,IM-12,J-250100,2025-01-09 12:11:57.404974,55.44,1.799,11.99,979.3,1101.0,4.94,570.0,15.6,19.2,7.72,111.8,250.0,265.1,274.8,280.2,282.8,79.6,79.7,180.9,
138,IM-12,J-250100,2025-01-09 12:12:52.311003,54.68,1.784,12.01,945.3,1097.2,4.81,570.0,15.6,18.44,8.14,110.0,249.8,264.7,275.7,279.6,282.0,79.8,79.8,179.7,
139,IM-12,J-250100,2025-01-09 12:13:47.223223,55.07,1.781,12.0,954.2,1097.5,4.77,570.0,15.6,18.35,7.94,110.4,249.6,265.7,275.4,279.7,281.5,79.6,80.1,179.0,
140,IM-12,J-250100,2025-01-09 12:14:41.955203,55.35,1.789,11.95,951.2,1072.9,4.99,570.0,15.6,18.42,7.96,108.1,250.2,264.8,276.2,280.2,282.5,79.4,79.5,178.6,
141,IM-12,J-250100,2025-01-09 12:15:37.066740,54.74,1.784,12.01,952.4,1078.9,4.91,570.0,15.6,17.58,7.78,110.5,250.2,264.8,274.5,279.7,283.0,79.4,80.1,180.2,
142,IM-12,J-250100,2025-01-09 12:16:32.242055,54.9,1.818,11.96,951.1,1037.1,4.82,570.0,15.6,18.9,7.97,110.7,250.6,265.4,275.0,280.0,281.9,80.0,80.0,180.6,
143,IM-12,J-250100,2025-01-09 12:17:27.187387,55.18,1.819,11.93,954.1,1074.4,4.78,570.0,15.6,18.35,7.5,110.2,250.1,264.3,274.1,279.8,282.1,79.6,80.2,179.3,
144,IM-12,J-250100,2025-01-09 12:18:22.782599,55.19,1.806,12.01,1000.3,1115.6,4.96,570.0,15.6,18.5,8.16,109.3,249.9,265.8,275.3,280.3,282.1,79.7,79.6,180.1,
145,IM-12,J-250100,2025-01-09 12:19:18.041378,55.18,1.821,11.97,949.5,1073.4,4.76,570.0,15.6,18.8,8.2,109.6,250.0,264.9,274.7,279.3,282.8,79.9,80.1,180.4,
146,IM-12,J-250100,2025-01-09 12:20:13.134026,55.12,1.765,11.98,950.5,1086.7,4.97,570.0,15.6,19.03,7.81,110.6,250.3,264.6,274.0,280.7,282.5,80.0,79.8,178.6,
147,IM-12,J-250100,2025-01-09 12:21:08.415546,55.3,1.796,12.05,962.3,1121.6,5.03,570.0,15.6,18.89,8.06,109.6,249.6,265.5,274.8,279.7,281.4,79.6,80.5,179.6,
148,IM-12,J-250100,2025-01-09 12:22:03.507376,55.14,1.778,12.04,964.6,1083.5,4.85,570.0,15.6,18.8,7.96,110.0,249.4,264.8,275.0,280.3,282.1,79.5,79.9,180.5,
149,IM-12,J-250100,2025-01-09 12:22:58.355302,54.64,1.785,12.06,982.8,1054.2,4.95,570.0,15.6,18.76,8.14,109.4,250.0,265.2,275.6,279.4,281.4,79.5,80.3,178.7,
150,IM-12,J-250100,2025-01-09 12:23:53.323123,55.14,1.789,11.98,1014.0,1115.2,4.8,570.0,15.6,18.33,7.98,108.7,249.9,265.3,274.6,279.7,282.0,79.8,80.3,179.8,
151,IM-12,J-250100,2025-01-09 12:24:48.424990,54.85,1.807,12.01,916.2,1119.9,4.77,570.0,15.6,18.7,7.9,111.3,250.0,265.4,274.8,280.3,282.4,79.9,79.8,180.7,
152,IM-12,J-250100,2025-01-09 12:25:43.870881,55.11,1.798,12.03,942.5,1128.4,4.95,570.0,15.6,19.12,8.03,110.6,249.5,265.1,275.1,280.0,282.0,79.8,80.1,179.8,
153,IM-12,J-250100,2025-01-09 12:26:39.034464,55.28,1.791,11.99,982.3,1097.3,4.86,570.0,15.6,18.8,7.76,109.5,250.0,264.9,275.3,280.5,282.7,79.5,79.9,179.4,
154,IM-12,J-250100,2025-01-09 12:27:34.014377,55.23,1.81,11.95,983.0,1103.3,5.02,570.0,15.6,18.72,7.72,109.8,250.3,264.6,274.5,280.5,281.8,79.7,80.1,179.8,
155,IM-12,J-250100,2025-01-09 12:28:29.107094,55.29,1.798,11.96,969.0,1110.5,4.82,570.0,15.6,18.42,7.48,110.3,249.5,264.9,275.7,279.5,281.8,79.8,79.9,180.7,
156,IM-12,J-250100,2025-01-09 12:29:24.274135,55.14,1.789,11.99,951.3,1128.0,4.91,570.0,15.6,18.73,7.92,109.7,250.5,265.5,276.0,279.7,282.2,79.8,79.8,179.1,
157,IM-12,J-250100,2025-01-09 12:30:18.857611,55.43,1.778,12.09,976.5,1175.1,4.81,570.0,15.6,18.36,7.94,109.4,249.9,264.3,275.7,279.8,281.2,79.7,80.2,181.4,
158,IM-12,J-250100,2025-01-09 12:31:13.940882,55.14,1.814,12.01,990.0,1118.0,4.88,570.0,15.6,19.26,7.86,110.4,250.2,264.9,275.1,279.6,281.9,79.4,80.2,181.3,
159,IM-12,J-250100,2025-01-09 12:32:09.250425,54.93,1.768,12.05,962.7,1108.4,4.92,570.0,15.6,18.78,8.48,109.3,250.0,264.9,274.9,279.9,281.3,79.9,80.1,181.2,
160,IM-12,J-250100,2025-01-09 12:33:04.287186,55.13,1.806,11.96,933.5,1078.8,4.93,570.0,15.6,18.66,7.99,107.4,250.0,265.1,275.0,280.4,281.9,79.9,80.0,179.4,
161,IM-12,J-250100,2025-01-09 12:33:59.242725,55.49,1.832,12.01,914.7,1107.9,4.85,570.0,15.6,18.25,7.79,109.4,250.3,265.2,275.1,279.8,282.6,79.8,80.1,180.8,
162,IM-12,J-250100,2025-01-09 12:34:54.268680,55.02,1.789,12.0,955.2,1108.5,4.82,570.0,15.6,19.01,7.51,110.7,249.6,264.7,275.0,280.2,281.9,79.9,80.4,179.3,
163,IM-12,J-250100,2025-01-09 12:35:49.618297,54.92,1.796,12.07,989.3,1161.2,5.08,570.0,15.6,18.52,8.08,109.6,250.9,265.0,274.9,279.8,281.7,79.6,80.3,180.7,
164,IM-12,J-250100,2025-01-09 12:36:44.815621,54.78,1.798,11.98,993.0,1118.4,4.59,570.0,15.6,18.71,7.75,110.6,249.5,265.6,275.0,280.6,282.2,79.6,80.2,181.5,
165,IM-12,J-250100,2025-01-09 12:37:39.966887,54.45,1.798,11.98,959.3,1121.6,4.86,570.0,15.6,18.86,7.93,110.4,249.5,265.1,275.1,280.9,281.8,79.6,80.1,179.6,
166,IM-12,J-250100,2025-01-09 13:25:03.225762,55.32,1.8,11.99,979.9,1096.7,4.98,570.0,15.6,18.46,7.86,110.4,250.3,264.6,275.1,279.6,281.7,79.6,80.1,180.0,
167,IM-12,J-250100,2025-01-09 13:25:58.125270,55.29,1.786,11.86,953.7,1098.8,4.88,570.0,15.6,18.88,7.89,111.1,249.2,265.5,274.8,279.8,282.9,80.4,80.0,180.9,
168,IM-12,J-250100,2025-01-09 13:26:52.872583,54.98,1.807,12.06,975.4,1058.1,5.01,570.0,15.6,19.17,7.81,110.0,249.6,264.6,275.2,280.5,282.3,79.8,80.1,180.8,
169,IM-12,J-250100,2025-01-09 13:27:48.198377,54.97,1.818,12.01,991.0,1117.2,4.78,570.0,15.6,19.09,7.89,110.4,249.4,264.4,274.9,280.0,280.4,80.2,80.0,179.9,
170,IM-12,J-250100,2025-01-09 13:28:43.547018,55.18,1.801,11.96,986.4,1076.0,4.8,570.0,15.6,18.78,8.2,110.3,249.8,265.2,274.7,279.3,281.9,80.1,80.2,180.0,
171,IM-12,J-250100,2025-01-09 13:29:38.347463,54.87,1.805,12.02,967.6,1075.9,4.87,570.0,15.6,19.16,7.85,110.0,250.4,265.2,275.3,280.3,281.8,80.0,79.9,181.7,
172,IM-12,J-250100,2025-01-09 13:30:33.625572,54.28,1.756,12.12,962.7,1077.0,4.86,570.0,15.6,18.71,8.01,109.4,249.8,265.1,275.4,280.4,282.1,80.2,80.0,180.4,
173,IM-12,J-250100,2025-01-09 13:31:28.625772,55.18,1.86,12.0,956.1,1115.0,4.92,570.0,15.6,18.92,7.75,109.6,249.8,264.6,274.7,279.9,282.0,80.0,80.0,181.6,
174,IM-12,J-250100,2025-01-09 13:32:23.600318,55.3,1.796,11.97,959.2,1072.0,4.98,570.0,15.6,19.15,7.85,110.4,250.5,265.0,275.8,279.3,281.3,80.4,80.2,180.1,
175,IM-12,J-250100,2025-01-09 13:33:19.037212,54.92,1.779,11.99,990.3,1105.0,4.74,570.0,15.6,18.32,7.83,110.2,249.3,264.6,274.6,280.3,281.1,80.3,80.4,180.5,
176,IM-12,J-250100,2025-01-09 13:34:14.450432,55.23,1.815,12.01,981.8,1120.3,4.9,570.0,15.6,19.22,7.79,109.0,249.8,264.9,274.8,280.3,281.7,80.0,80.4,179.9,
177,IM-12,J-250100,2025-01-09 13:35:09.342540,55.3,1.782,12.06,976.8,1047.6,4.77,570.0,15.6,18.65,7.46,110.3,249.4,265.3,274.8,279.5,282.6,80.0,80.6,179.8,
178,IM-12,J-250100,2025-01-09 13:36:04.487644,55.01,1.799,11.94,973.6,1118.8,4.83,570.0,15.6,18.75,7.98,110.2,249.8,265.4,275.3,280.1,282.2,80.5,80.2,181.5,
179,IM-12,J-250100,2025-01-09 13:36:59.336447,55.05,1.798,12.05,963.8,1076.6,4.93,570.0,15.6,17.77,8.09,109.3,250.1,264.4,275.0,279.4,282.4,80.3,80.1,179.4,
180,IM-12,J-250100,2025-01-09 13:37:53.957896,54.99,1.766,12.02,924.2,1124.6,4.98,570.0,15.6,18.24,8.23,110.1,250.0,264.2,274.8,279.9,281.5,80.8,80.7,180.8,
181,IM-12,J-250100,2025-01-09 13:38:49.138604,54.98,1.835,11.97,946.3,1081.9,4.86,570.0,15.6,18.56,8.33,109.4,250.1,265.5,275.2,280.4,281.8,80.3,80.0,179.7,
182,IM-12,J-250100,2025-01-09 13:39:44.223410,55.06,1.804,11.99,944.0,1090.0,4.85,570.0,15.6,18.39,8.13,109.8,250.4,264.8,274.8,280.2,281.3,80.8,80.1,179.6,
183,IM-12,J-250100,2025-01-09 13:40:39.370351,55.03,1.808,12.06,991.5,1052.9,4.84,570.0,15.6,18.92,7.49,108.0,250.0,264.8,275.1,279.4,281.5,80.5,80.1,180.0,
184,IM-12,J-250100,2025-01-09 13:41:34.851707,55.19,1.799,12.02,963.3,1092.8,5.0,570.0,15.6,19.25,8.05,109.7,250.5,264.7,274.7,281.0,282.1,80.4,80.3,179.8,
185,IM-12,J-250100,2025-01-09 13:42:29.771526,55.0,1.792,12.01,971.6,1094.4,4.94,570.0,15.6,18.48,7.97,109.8,249.5,264.2,275.6,280.2,281.6,80.1,80.7,179.8,
186,IM-12,J-250100,2025-01-09 13:43:24.863782,55.14,1.82,11.9,974.5,1095.9,4.96,570.0,15.6,18.88,8.16,110.7,249.9,265.7,275.3,280.0,281.6,79.9,80.3,179.9,
187,IM-12,J-250100,2025-01-09 13:44:19.880285,55.07,1.802,12.05,973.3,1078.3,4.73,570.0,15.6,18.19,7.83,110.1,250.1,265.0,275.8,279.8,281.8,79.9,80.2,179.7,
188,IM-12,J-250100,2025-01-09 13:45:14.435544,54.77,1.783,11.97,970.1,1102.1,4.79,570.0,15.6,18.41,8.08,110.3,250.1,265.1,274.2,280.2,281.5,80.3,80.5,180.1,
189,IM-12,J-250100,2025-01-09 13:46:09.371512,55.13,1.809,11.99,952.1,1114.9,4.73,570.0,15.6,19.02,7.71,110.8,250.2,265.4,274.8,279.9,282.6,80.2,80.9,179.9,
190,IM-12,J-250100,2025-01-09 13:47:03.999470,54.26,1.779,11.97,960.6,1132.4,4.9,570.0,15.6,18.79,7.86,111.1,250.0,264.8,274.9,279.8,281.6,80.4,80.5,180.9,
191,IM-12,J-250100,2025-01-09 13:47:58.990494,55.26,1.788,11.97,954.7,1107.9,4.91,570.0,15.6,18.77,8.0,110.6,249.7,264.7,274.8,279.9,281.8,80.1,80.6,181.6,
192,IM-12,J-250100,2025-01-09 13:48:53.733675,55.06,1.789,11.99,959.3,1082.3,4.93,570.0,15.6,19.05,8.24,110.3,249.9,264.6,274.7,280.3,281.5,79.9,80.1,180.7,
193,IM-12,J-250100,2025-01-09 13:49:48.458747,54.68,1.797,11.96,981.2,1081.3,4.85,570.0,15.6,19.14,7.84,109.9,249.4,264.6,274.6,280.1,281.5,80.2,80.3,179.7,
194,IM-12,J-250100,2025-01-09 13:50:43.753912,54.92,1.798,11.91,958.3,1097.7,4.97,570.0,15.6,19.36,7.86,109.9,250.2,265.4,275.1,280.7,281.8,80.1,80.6,181.7,
195,IM-12,J-250100,2025-01-09 13:51:38.638411,55.04,1.791,11.92,985.0,1093.2,4.71,570.0,15.6,18.73,8.1,110.0,249.6,266.2,275.1,280.4,283.0,80.0,80.5,179.6,
196,IM-12,J-250100,2025-01-09 13:52:33.551575,55.17,1.789,12.05,962.9,1082.4,5.01,570.0,15.6,18.83,7.86,110.3,249.9,264.8,274.8,280.1,282.4,80.3,80.4,180.2,
197,IM-12,J-250100,2025-01-09 13:53:28.601593,54.89,1.774,12.01,962.7,1145.7,5.0,570.0,15.6,18.21,7.76,108.5,250.6,264.8,275.2,279.0,281.9,80.1,80.6,179.5,
198,IM-12,J-250100,2025-01-09 13:54:23.103376,54.86,1.803,12.06,981.3,1114.5,4.78,570.0,15.6,18.82,7.4,111.6,250.0,265.0,275.7,280.1,282.6,80.3,80.6,180.5,
199,IM-12,J-250100,2025-01-09 13:55:17.875695,54.94,1.779,12.0,979.7,1112.3,4.86,570.0,15.6,19.29,8.09,110.9,250.4,265.4,275.3,279.9,281.9,80.0,80.5,178.1,
200,IM-12,J-250100,2025-01-09 13:56:12.682582,54.76,1.811,11.95,987.0,1081.5,4.81,570.0,15.6,19.1,7.93,109.2,249.8,264.8,274.8,279.9,281.9,80.0,80.1,179.8,
