press_id,press_type,tonnage,install_year,opc_ua,cavity_pressure_unit,cell
IM-01,electric,150,2016,False,,
IM-02,hydraulic,450,2017,False,,
IM-03,hydraulic,55,2014,False,,
IM-04,electric,300,2007,True,,
IM-05,hydraulic,55,2012,True,,
IM-06,electric,55,2017,False,,
IM-07,hydraulic,85,2011,True,,
IM-08,hydraulic,150,2016,False,,
IM-09,electric,85,2017,False,,
IM-10,electric,110,2010,False,,
IM-11,electric,200,2020,True,CPU-11,instrumented
IM-12,electric,200,2020,True,CPU-12,instrumented
IM-13,hydraulic,200,2007,False,,
IM-14,electric,55,2020,False,,
IM-15,hydraulic,150,2013,True,,
IM-16,hydraulic,150,2016,True,,
IM-17,electric,55,2011,True,,
IM-18,hydraulic,300,2006,False,,
IM-19,hydraulic,300,2009,False,,
IM-20,hydraulic,85,2016,False,,
IM-21,hydraulic,150,2019,True,,
IM-22,electric,200,2010,False,,
IM-23,hydraulic,450,2017,False,,
IM-24,electric,200,2017,True,,
