dryer_id,ts,setpoint_temp_c,actual_temp_c,dew_point_c,hopper_level_pct,alarm_code
DR-1,2025-01-06 00:00:00,80.0,80.5,-41.2,66.0,
DR-1,2025-01-06 00:15:00,80.0,81.4,-39.6,52.0,
DR-1,2025-01-06 00:30:00,80.0,79.1,-40.1,60.0,
DR-1,2025-01-06 00:45:00,80.0,79.5,-40.1,71.0,
DR-1,2025-01-06 01:00:00,80.0,79.6,-39.5,60.0,
DR-1,2025-01-06 01:15:00,80.0,79.5,-39.0,71.0,
DR-1,2025-01-06 01:30:00,80.0,80.0,-39.7,73.0,
DR-1,2025-01-06 01:45:00,80.0,79.8,-39.7,76.0,
DR-1,2025-01-06 02:00:00,80.0,80.2,-41.7,74.0,
DR-1,2025-01-06 02:15:00,80.0,79.3,-39.1,76.0,
DR-1,2025-01-06 02:30:00,80.0,80.0,-40.5,68.0,
DR-1,2025-01-06 02:45:00,80.0,80.5,-38.5,75.0,
DR-1,2025-01-06 03:00:00,80.0,81.8,-38.0,77.0,
DR-1,2025-01-06 03:15:00,80.0,80.2,-42.4,89.0,
DR-1,2025-01-06 03:30:00,80.0,81.0,-38.0,79.0,
DR-1,2025-01-06 03:45:00,80.0,80.6,-41.0,84.0,
DR-1,2025-01-06 04:00:00,80.0,79.5,-41.6,84.0,
DR-1,2025-01-06 04:15:00,80.0,82.3,-40.3,85.0,
DR-1,2025-01-06 04:30:00,80.0,81.8,-39.6,85.0,
DR-1,2025-01-06 04:45:00,80.0,79.4,-38.5,83.0,
DR-1,2025-01-06 05:00:00,80.0,79.8,-35.8,83.0,
DR-1,2025-01-06 05:15:00,80.0,80.2,-42.2,89.0,
DR-1,2025-01-06 05:30:00,80.0,80.1,-40.5,88.0,
DR-1,2025-01-06 05:45:00,80.0,80.6,-39.4,91.0,
DR-1,2025-01-06 06:00:00,80.0,80.8,-40.8,88.0,
DR-1,2025-01-06 06:15:00,80.0,80.0,-42.6,90.0,
DR-1,2025-01-06 06:30:00,80.0,78.8,-40.3,88.0,
DR-1,2025-01-06 06:45:00,80.0,81.0,-40.0,88.0,
DR-1,2025-01-06 07:00:00,80.0,79.5,-39.4,90.0,
DR-1,2025-01-06 07:15:00,80.0,81.2,-40.6,78.0,
DR-1,2025-01-06 07:30:00,80.0,78.6,-38.0,84.0,
DR-1,2025-01-06 07:45:00,80.0,79.7,-39.7,95.0,
DR-1,2025-01-06 08:00:00,80.0,79.5,-38.8,91.0,
DR-1,2025-01-06 08:15:00,80.0,77.5,-41.5,86.0,
DR-1,2025-01-06 08:30:00,80.0,79.8,-43.8,100.0,
DR-1,2025-01-06 08:45:00,80.0,80.2,-38.8,86.0,
DR-1,2025-01-06 09:00:00,80.0,79.9,-39.5,87.0,
DR-1,2025-01-06 09:15:00,80.0,80.3,-39.0,78.0,
DR-1,2025-01-06 09:30:00,80.0,81.3,-39.8,75.0,
DR-1,2025-01-06 09:45:00,80.0,78.8,-40.5,94.0,
DR-1,2025-01-06 10:00:00,80.0,80.1,-40.4,77.0,
DR-1,2025-01-06 10:15:00,80.0,80.3,-38.5,81.0,
DR-1,2025-01-06 10:30:00,80.0,80.8,-41.1,85.0,
DR-1,2025-01-06 10:45:00,80.0,80.1,-40.4,73.0,
DR-1,2025-01-06 11:00:00,80.0,79.6,-40.0,79.0,
DR-1,2025-01-06 11:15:00,80.0,80.3,-39.5,72.0,
DR-1,2025-01-06 11:30:00,80.0,80.1,-36.7,68.0,
DR-1,2025-01-06 11:45:00,80.0,79.9,-40.8,70.0,
DR-1,2025-01-06 12:00:00,80.0,80.7,-36.2,63.0,
DR-1,2025-01-06 12:15:00,80.0,81.8,-39.7,71.0,
DR-1,2025-01-06 12:30:00,80.0,79.8,-39.9,74.0,
DR-1,2025-01-06 12:45:00,80.0,80.7,-40.6,63.0,
DR-1,2025-01-06 13:00:00,80.0,80.2,-38.6,52.0,
DR-1,2025-01-06 13:15:00,80.0,80.9,-37.5,59.0,
DR-1,2025-01-06 13:30:00,80.0,80.1,-41.3,61.0,
DR-1,2025-01-06 13:45:00,80.0,78.9,-40.1,60.0,
DR-1,2025-01-06 14:00:00,80.0,78.7,-40.3,56.0,
DR-1,2025-01-06 14:15:00,80.0,80.1,-40.8,63.0,
DR-1,2025-01-06 14:30:00,80.0,78.8,-41.5,47.0,
DR-1,2025-01-06 14:45:00,80.0,80.4,-39.3,53.0,
DR-1,2025-01-06 15:00:00,80.0,81.3,-38.8,47.0,
DR-1,2025-01-06 15:15:00,80.0,80.1,-39.5,46.0,
DR-1,2025-01-06 15:30:00,80.0,80.3,-40.7,45.0,
DR-1,2025-01-06 15:45:00,80.0,81.1,-39.6,43.0,
DR-1,2025-01-06 16:00:00,80.0,80.1,-38.5,43.0,
DR-1,2025-01-06 16:15:00,80.0,80.1,-39.3,42.0,
DR-1,2025-01-06 16:30:00,80.0,80.6,-38.5,40.0,
DR-1,2025-01-06 16:45:00,80.0,80.8,-40.2,42.0,
DR-1,2025-01-06 17:00:00,80.0,80.9,-38.7,30.0,
DR-1,2025-01-06 17:15:00,80.0,80.3,-38.9,33.0,
DR-1,2025-01-06 17:30:00,80.0,79.7,-40.8,40.0,
DR-1,2025-01-06 17:45:00,80.0,80.2,-40.1,38.0,
DR-1,2025-01-06 18:00:00,80.0,79.1,-40.9,33.0,
DR-1,2025-01-06 18:15:00,80.0,79.6,-39.7,35.0,
DR-1,2025-01-06 18:30:00,80.0,79.9,-40.2,27.0,
DR-1,2025-01-06 18:45:00,80.0,80.6,-39.8,35.0,
DR-1,2025-01-06 19:00:00,80.0,79.6,-40.0,33.0,
DR-1,2025-01-06 19:15:00,80.0,80.2,-40.8,19.0,
DR-1,2025-01-06 19:30:00,80.0,79.7,-39.2,34.0,
DR-1,2025-01-06 19:45:00,80.0,82.2,-41.6,33.0,
DR-1,2025-01-06 20:00:00,80.0,79.2,-39.9,30.0,
DR-1,2025-01-06 20:15:00,80.0,80.2,-43.4,21.0,
DR-1,2025-01-06 20:30:00,80.0,78.3,-41.5,32.0,
DR-1,2025-01-06 20:45:00,80.0,79.9,-38.9,47.0,
DR-1,2025-01-06 21:00:00,80.0,80.3,-40.3,38.0,
DR-1,2025-01-06 21:15:00,80.0,79.2,-39.5,36.0,
DR-1,2025-01-06 21:30:00,80.0,80.0,-41.4,34.0,
DR-1,2025-01-06 21:45:00,80.0,80.3,-42.2,36.0,
DR-1,2025-01-06 22:00:00,80.0,79.8,-41.6,37.0,
DR-1,2025-01-06 22:15:00,80.0,78.8,-40.0,43.0,
DR-1,2025-01-06 22:30:00,80.0,79.8,-40.6,29.0,
DR-1,2025-01-06 22:45:00,80.0,80.2,-37.4,31.0,
DR-1,2025-01-06 23:00:00,80.0,80.6,-37.2,29.0,
DR-1,2025-01-06 23:15:00,80.0,80.1,-38.7,32.0,
DR-1,2025-01-06 23:30:00,80.0,79.2,-41.2,36.0,
DR-1,2025-01-06 23:45:00,80.0,80.0,-39.8,44.0,
DR-1,2025-01-07 00:00:00,80.0,80.6,-40.7,37.0,
DR-1,2025-01-07 00:15:00,80.0,80.7,-40.8,42.0,
DR-1,2025-01-07 00:30:00,80.0,80.1,-40.5,49.0,
DR-1,2025-01-07 00:45:00,80.0,78.6,-40.0,46.0,
DR-1,2025-01-07 01:00:00,80.0,78.9,-40.4,52.0,
DR-1,2025-01-07 01:15:00,80.0,81.0,-40.1,50.0,
DR-1,2025-01-07 01:30:00,80.0,80.8,-42.7,51.0,
DR-1,2025-01-07 01:45:00,80.0,80.7,-40.8,65.0,
DR-1,2025-01-07 02:00:00,80.0,79.1,-39.0,59.0,
DR-1,2025-01-07 02:15:00,80.0,79.7,-39.2,60.0,
DR-1,2025-01-07 02:30:00,80.0,80.5,-41.9,56.0,
DR-1,2025-01-07 02:45:00,80.0,79.9,-39.6,59.0,
DR-1,2025-01-07 03:00:00,80.0,80.1,-39.9,61.0,
DR-1,2025-01-07 03:15:00,80.0,80.0,-41.9,60.0,
DR-1,2025-01-07 03:30:00,80.0,80.8,-39.8,69.0,
DR-1,2025-01-07 03:45:00,80.0,80.2,-39.3,67.0,
DR-1,2025-01-07 04:00:00,80.0,80.5,-40.1,65.0,
DR-1,2025-01-07 04:15:00,80.0,80.0,-37.4,70.0,
DR-1,2025-01-07 04:30:00,80.0,81.2,-40.9,78.0,
DR-1,2025-01-07 04:45:00,80.0,80.4,-39.7,73.0,
DR-1,2025-01-07 05:00:00,80.0,79.7,-39.3,74.0,
DR-1,2025-01-07 05:15:00,80.0,81.1,-39.3,74.0,
DR-1,2025-01-07 05:30:00,80.0,79.7,-40.7,84.0,
DR-1,2025-01-07 05:45:00,80.0,80.6,-39.3,89.0,
DR-1,2025-01-07 06:00:00,80.0,81.4,-39.6,82.0,
DR-1,2025-01-07 06:15:00,80.0,79.0,-36.5,84.0,
DR-1,2025-01-07 06:30:00,80.0,79.6,-38.0,87.0,
DR-1,2025-01-07 06:45:00,80.0,80.6,-40.0,95.0,
DR-1,2025-01-07 07:00:00,80.0,79.3,-38.0,80.0,
DR-1,2025-01-07 07:15:00,80.0,79.9,-41.4,86.0,
DR-1,2025-01-07 07:30:00,80.0,80.5,-39.6,100.0,
DR-1,2025-01-07 07:45:00,80.0,80.3,-37.6,95.0,
DR-1,2025-01-07 08:00:00,80.0,78.9,-42.8,80.0,
DR-1,2025-01-07 08:15:00,80.0,79.5,-38.4,89.0,
DR-1,2025-01-07 08:30:00,80.0,80.6,-39.2,95.0,
DR-1,2025-01-07 08:45:00,80.0,79.9,-40.9,80.0,
DR-1,2025-01-07 09:00:00,80.0,79.7,-38.7,82.0,
DR-1,2025-01-07 09:15:00,80.0,81.1,-41.8,87.0,
DR-1,2025-01-07 09:30:00,80.0,79.2,-38.6,100.0,
DR-1,2025-01-07 09:45:00,80.0,79.4,-40.0,94.0,
DR-1,2025-01-07 10:00:00,80.0,81.5,-38.5,88.0,
DR-1,2025-01-07 10:15:00,80.0,80.5,-41.7,81.0,
DR-1,2025-01-07 10:30:00,80.0,79.6,-39.1,81.0,
DR-1,2025-01-07 10:45:00,80.0,79.3,-38.8,78.0,
DR-1,2025-01-07 11:00:00,80.0,80.2,-41.5,84.0,
DR-1,2025-01-07 11:15:00,80.0,79.2,-37.6,91.0,
DR-1,2025-01-07 11:30:00,80.0,80.2,-41.7,91.0,
DR-1,2025-01-07 11:45:00,80.0,79.6,-36.8,84.0,
DR-1,2025-01-07 12:00:00,80.0,82.2,-37.0,78.0,
DR-1,2025-01-07 12:15:00,80.0,79.2,-41.2,76.0,
DR-1,2025-01-07 12:30:00,80.0,79.0,-37.5,79.0,
DR-1,2025-01-07 12:45:00,80.0,80.4,-39.5,82.0,
DR-1,2025-01-07 13:00:00,80.0,81.4,-39.5,80.0,
DR-1,2025-01-07 13:15:00,80.0,79.6,-39.5,82.0,
DR-1,2025-01-07 13:30:00,80.0,79.4,-42.6,80.0,
DR-1,2025-01-07 13:45:00,80.0,79.2,-40.0,75.0,
DR-1,2025-01-07 14:00:00,80.0,80.3,-40.4,79.0,
DR-1,2025-01-07 14:15:00,80.0,81.0,-39.2,67.0,
DR-1,2025-01-07 14:30:00,80.0,78.8,-43.3,71.0,
DR-1,2025-01-07 14:45:00,80.0,80.9,-40.0,75.0,
DR-1,2025-01-07 15:00:00,80.0,80.5,-38.5,64.0,
DR-1,2025-01-07 15:15:00,80.0,79.7,-41.0,62.0,
DR-1,2025-01-07 15:30:00,80.0,80.4,-39.2,66.0,
DR-1,2025-01-07 15:45:00,80.0,79.0,-39.2,61.0,
DR-1,2025-01-07 16:00:00,80.0,80.6,-40.4,52.0,
DR-1,2025-01-07 16:15:00,80.0,78.6,-39.6,71.0,
DR-1,2025-01-07 16:30:00,80.0,79.9,-38.7,61.0,
DR-1,2025-01-07 16:45:00,80.0,80.3,-42.3,49.0,
DR-1,2025-01-07 17:00:00,80.0,81.5,-39.0,54.0,
DR-1,2025-01-07 17:15:00,80.0,78.4,-40.4,52.0,
DR-1,2025-01-07 17:30:00,80.0,80.9,-40.0,43.0,
DR-1,2025-01-07 17:45:00,80.0,78.7,-40.7,53.0,
DR-1,2025-01-07 18:00:00,80.0,80.5,-40.8,39.0,
DR-1,2025-01-07 18:15:00,80.0,80.8,-39.0,48.0,
DR-1,2025-01-07 18:30:00,80.0,79.5,-39.4,42.0,
DR-1,2025-01-07 18:45:00,80.0,80.1,-40.5,42.0,
DR-1,2025-01-07 19:00:00,80.0,79.4,-42.4,42.0,
DR-1,2025-01-07 19:15:00,80.0,79.4,-39.4,44.0,
DR-1,2025-01-07 19:30:00,80.0,80.1,-39.3,39.0,
DR-1,2025-01-07 19:45:00,80.0,80.2,-37.0,35.0,
DR-1,2025-01-07 20:00:00,80.0,80.8,-41.0,31.0,
DR-1,2025-01-07 20:15:00,80.0,79.3,-39.7,44.0,
DR-1,2025-01-07 20:30:00,80.0,79.7,-40.4,33.0,
DR-1,2025-01-07 20:45:00,80.0,78.9,-44.0,32.0,
DR-1,2025-01-07 21:00:00,80.0,80.3,-41.1,38.0,
DR-1,2025-01-07 21:15:00,80.0,79.9,-39.4,24.0,
DR-1,2025-01-07 21:30:00,80.0,80.1,-41.0,33.0,
DR-1,2025-01-07 21:45:00,80.0,79.5,-37.5,36.0,
DR-1,2025-01-07 22:00:00,80.0,79.3,-39.2,31.0,
DR-1,2025-01-07 22:15:00,80.0,79.7,-40.5,28.0,
DR-1,2025-01-07 22:30:00,80.0,80.3,-38.4,32.0,
DR-1,2025-01-07 22:45:00,80.0,79.8,-40.5,29.0,
DR-1,2025-01-07 23:00:00,80.0,80.3,-38.4,31.0,
DR-1,2025-01-07 23:15:00,80.0,80.0,-39.6,32.0,
DR-1,2025-01-07 23:30:00,80.0,80.4,-39.2,25.0,
DR-1,2025-01-07 23:45:00,80.0,81.6,-40.9,31.0,
DR-1,2025-01-08 00:00:00,80.0,80.5,-39.9,34.0,
DR-1,2025-01-08 00:15:00,80.0,80.1,-39.4,39.0,
DR-1,2025-01-08 00:30:00,80.0,79.9,-39.7,34.0,
DR-1,2025-01-08 00:45:00,80.0,78.7,-39.0,30.0,
DR-1,2025-01-08 01:00:00,80.0,80.6,-37.3,31.0,
DR-1,2025-01-08 01:15:00,80.0,80.1,-40.2,31.0,
DR-1,2025-01-08 01:30:00,80.0,80.2,-41.1,38.0,
DR-1,2025-01-08 01:45:00,80.0,81.3,-38.9,34.0,
