load_id,press_id,job_id,load_ts,resin_lot_id,colorant_lot_id,regrind_pct,dryer_id,operator_id
LD-1,IM-12,J-250100,2025-01-09 11:01:00,RL-5084,CL-310,0.0,,OP024
LD-2,IM-12,J-250100,2025-01-09 14:36:00,RL-5084,CL-358,0.0,,OP035
LD-3,IM-12,J-250100,2025-01-09 19:25:00,RL-5084,CL-332,5.6,,OP034
LD-4,IM-12,J-250100,2025-01-09 23:16:00,RL-5084,CL-307,0.0,,OP036
LD-5,IM-12,J-250100,2025-01-10 06:05:00,RL-5084,CL-355,4.8,,OP017
LD-6,IM-12,J-250100,2025-01-10 10:02:00,RL-5084,CL-332,0.0,,OP023
LD-7,IM-12,J-250100,2025-01-10 13:31:00,RL-5084,CL-344,1.2,,OP018
LD-8,IM-12,J-250100,2025-01-10 19:10:00,RL-5084,CL-335,4.5,,OP036
LD-9,IM-12,J-250100,2025-01-10 23:02:00,RL-5084,CL-319,2.4,,OP005
LD-10,IM-12,J-250100,2025-01-11 03:09:00,RL-5084,CL-330,0.0,,OP027
LD-11,IM-12,J-250100,2025-01-13 06:00:00,RL-5084,CL-330,0.0,,OP027
LD-12,IM-12,J-250100,2025-01-13 10:06:00,RL-5084,CL-302,0.0,,OP011
LD-13,IM-12,J-250100,2025-01-13 15:43:00,RL-5084,CL-339,0.0,,OP036
LD-14,IM-11,J-250101,2025-01-10 08:41:00,RL-5057,CL-352,6.1,,OP001
LD-15,IM-11,J-250101,2025-01-10 10:27:00,RL-5057,CL-350,0.9,,OP031
LD-16,IM-11,J-250101,2025-01-10 17:23:00,RL-5057,CL-322,0.0,,OP032
LD-17,IM-11,J-250101,2025-01-10 21:45:00,RL-5057,CL-333,4.8,,OP036
LD-18,IM-11,J-250101,2025-01-11 02:00:00,RL-5057,CL-309,0.0,,OP024
LD-19,IM-11,J-250101,2025-01-13 06:14:00,RL-5057,CL-307,0.0,,OP021
LD-20,IM-11,J-250101,2025-01-13 11:13:00,RL-5057,CL-339,0.0,,OP030
LD-21,IM-11,J-250101,2025-01-13 16:53:00,RL-5057,CL-305,10.6,,OP030
LD-22,IM-11,J-250101,2025-01-13 21:03:00,RL-5057,CL-335,13.6,,OP033
LD-23,IM-11,J-250101,2025-01-14 03:21:00,RL-5057,CL-338,0.0,,OP021
LD-24,IM-11,J-250101,2025-01-14 07:28:00,RL-5057,CL-350,10.9,,OP016
LD-25,IM-11,J-250101,2025-01-14 13:11:00,RL-5057,CL-302,0.0,,OP028
LD-26,IM-11,J-250101,2025-01-14 20:27:00,RL-5057,CL-303,0.1,,OP028
LD-27,IM-11,J-250101,2025-01-14 22:20:00,RL-5057,CL-348,9.0,,OP012
LD-28,IM-11,J-250101,2025-01-15 04:47:00,RL-5057,CL-346,0.0,,OP029
LD-29,IM-12,J-250102,2025-01-14 02:24:00,RL-5001,CL-336,1.6,DR-2,OP003
LD-30,IM-12,J-250102,2025-01-14 07:14:00,RL-5001,CL-356,7.3,DR-2,OP026
LD-31,IM-12,J-250102,2025-01-14 11:52:00,RL-5001,CL-332,0.0,DR-2,OP032
LD-32,IM-12,J-250102,2025-01-14 17:43:00,RL-5001,CL-355,0.0,DR-2,OP013
LD-33,IM-12,J-250102,2025-01-14 23:57:00,RL-5001,CL-307,0.0,DR-2,OP030
LD-34,IM-12,J-250102,2025-01-15 05:08:00,RL-5001,CL-325,0.0,DR-2,OP029
LD-35,IM-12,J-250102,2025-01-15 11:26:00,RL-5001,CL-339,0.0,DR-2,OP028
LD-36,IM-12,J-250102,2025-01-15 14:38:00,RL-5001,CL-329,9.7,DR-2,OP011
LD-37,IM-12,J-250102,2025-01-15 18:34:00,RL-5001,CL-302,3.9,DR-2,OP038
LD-38,IM-12,J-250102,2025-01-16 00:47:00,RL-5001,CL-358,0.5,DR-2,OP032
LD-39,IM-12,J-250102,2025-01-16 05:28:00,RL-5001,CL-351,0.0,DR-2,OP029
LD-40,IM-12,J-250102,2025-01-16 10:24:00,RL-5001,CL-315,10.7,DR-2,OP010
LD-41,IM-12,J-250102,2025-01-16 15:13:00,RL-5001,CL-328,8.2,DR-2,OP023
LD-42,IM-12,J-250102,2025-01-16 18:15:00,RL-5001,CL-323,3.5,DR-2,OP007
LD-43,IM-12,J-250102,2025-01-16 22:02:00,RL-5001,CL-303,8.2,DR-2,OP003
LD-44,IM-12,J-250102,2025-01-17 02:30:00,RL-5001,CL-306,0.0,DR-2,OP036
LD-45,IM-12,J-250102,2025-01-17 05:47:00,RL-5001,CL-349,1.5,DR-2,OP010
LD-46,IM-11,J-250103,2025-01-16 13:16:00,RL-5084,CL-334,2.9,,OP011
LD-47,IM-11,J-250103,2025-01-16 20:07:00,RL-5084,CL-300,0.0,,OP016
LD-48,IM-11,J-250103,2025-01-17 01:26:00,RL-5084,CL-302,0.0,,OP022
LD-49,IM-11,J-250103,2025-01-17 07:37:00,RL-5084,CL-350,3.0,,OP038
LD-50,IM-11,J-250103,2025-01-17 10:11:00,RL-5084,CL-330,0.0,,OP031
LD-51,IM-11,J-250103,2025-01-17 15:01:00,RL-5084,CL-324,3.9,,OP023
LD-52,IM-11,J-250103,2025-01-17 20:02:00,RL-5084,CL-331,5.1,,OP039
LD-53,IM-11,J-250103,2025-01-17 23:12:00,RL-5084,CL-328,0.0,,OP032
LD-54,IM-11,J-250103,2025-01-18 03:04:00,RL-5085,CL-314,12.6,,OP025
LD-55,IM-11,J-250103,2025-01-20 06:00:00,RL-5085,CL-318,9.3,,OP031
LD-56,IM-11,J-250103,2025-01-20 12:13:00,RL-5085,CL-351,0.0,,OP014
LD-57,IM-12,J-250104,2025-01-20 06:00:00,RL-5001,CL-323,0.2,DR-2,OP025
LD-58,IM-12,J-250104,2025-01-20 13:03:00,RL-5001,CL-305,3.6,DR-2,OP011
LD-59,IM-12,J-250104,2025-01-20 19:29:00,RL-5001,CL-329,0.0,DR-2,OP034
LD-60,IM-12,J-250104,2025-01-21 02:38:00,RL-5001,CL-356,0.0,DR-2,OP021
LD-61,IM-12,J-250104,2025-01-21 08:48:00,RL-5001,CL-306,6.9,DR-2,OP014
LD-62,IM-12,J-250104,2025-01-21 12:16:00,RL-5001,CL-307,14.7,DR-2,OP008
LD-63,IM-12,J-250104,2025-01-21 16:46:00,RL-5001,CL-349,6.7,DR-2,OP017
LD-64,IM-12,J-250104,2025-01-21 20:36:00,RL-5001,CL-325,0.0,DR-2,OP019
LD-65,IM-12,J-250104,2025-01-22 02:33:00,RL-5001,CL-328,6.5,DR-2,OP035
LD-66,IM-12,J-250104,2025-01-22 05:50:00,RL-5001,CL-338,13.6,DR-2,OP007
LD-67,IM-12,J-250104,2025-01-22 12:22:00,RL-5001,CL-336,0.0,DR-2,OP038
LD-68,IM-12,J-250104,2025-01-22 16:35:00,RL-5001,CL-333,0.8,DR-2,OP033
LD-69,IM-12,J-250104,2025-01-22 23:33:00,RL-5001,CL-301,2.5,DR-2,OP023
LD-70,IM-12,J-250104,2025-01-23 05:31:00,RL-5001,CL-352,0.0,DR-2,OP006
LD-71,IM-12,J-250104,2025-01-23 10:59:00,RL-5001,CL-329,0.0,DR-2,OP020
LD-72,IM-12,J-250104,2025-01-23 14:36:00,RL-5001,CL-343,1.2,DR-2,OP020
LD-73,IM-12,J-250104,2025-01-23 21:12:00,RL-5001,CL-343,0.1,DR-2,OP002
LD-74,IM-12,J-250104,2025-01-24 02:39:00,RL-5001,CL-322,14.8,DR-2,OP030
LD-75,IM-12,J-250104,2025-01-24 05:45:00,RL-5001,CL-351,12.5,DR-2,OP004
LD-76,IM-12,J-250104,2025-01-24 12:09:00,RL-5001,CL-338,13.3,DR-2,OP002
LD-77,IM-12,J-250104,2025-01-24 15:24:00,RL-5001,CL-341,0.0,DR-2,OP005
LD-78,IM-12,J-250104,2025-01-24 22:29:00,RL-5001,CL-355,0.0,DR-2,OP025
LD-79,IM-12,J-250104,2025-01-25 04:19:00,RL-5001,CL-356,13.5,DR-2,OP039
LD-80,IM-11,J-250105,2025-01-23 14:10:00,RL-5057,CL-317,7.7,,OP005
LD-81,IM-11,J-250105,2025-01-23 19:39:00,RL-5057,CL-307,10.1,,OP019
LD-82,IM-11,J-250105,2025-01-24 00:48:00,RL-5057,CL-335,0.0,,OP026
LD-83,IM-11,J-250105,2025-01-24 04:02:00,RL-5057,CL-355,0.0,,OP021
LD-84,IM-11,J-250105,2025-01-24 09:23:00,RL-5057,CL-300,3.6,,OP021
LD-85,IM-11,J-250105,2025-01-24 15:56:00,RL-5057,CL-353,5.6,,OP011
LD-86,IM-11,J-250105,2025-01-24 20:22:00,RL-5057,CL-332,13.8,,OP028
LD-87,IM-11,J-250105,2025-01-25 02:45:00,RL-5057,CL-318,0.0,,OP013
LD-88,IM-11,J-250105,2025-01-27 06:00:00,RL-5057,CL-322,11.8,,OP030
LD-89,IM-11,J-250105,2025-01-27 09:36:00,RL-5057,CL-323,0.0,,OP035
LD-90,IM-11,J-250105,2025-01-27 15:31:00,RL-5057,CL-321,14.1,,OP038
LD-91,IM-11,J-250105,2025-01-27 21:49:00,RL-5057,CL-339,0.4,,OP026
LD-92,IM-11,J-250105,2025-01-28 02:33:00,RL-5057,CL-351,1.9,,OP005
LD-93,IM-11,J-250105,2025-01-28 07:02:00,RL-5057,CL-343,11.7,,OP020
LD-94,IM-11,J-250105,2025-01-28 12:15:00,RL-5057,CL-340,0.0,,OP037
LD-95,IM-11,J-250105,2025-01-28 15:37:00,RL-5057,CL-309,0.8,,OP027
LD-96,IM-11,J-250105,2025-01-28 19:55:00,RL-5057,CL-311,7.8,,OP002
LD-97,IM-11,J-250105,2025-01-29 00:39:00,RL-5057,CL-346,12.8,,OP032
LD-98,IM-11,J-250105,2025-01-29 08:07:00,RL-5057,CL-317,12.1,,OP013
LD-99,IM-12,J-250106,2025-01-25 01:01:00,RL-5028,CL-313,0.0,DR-2,OP026
LD-100,IM-12,J-250106,2025-01-27 06:00:00,RL-5028,CL-346,0.0,DR-2,OP026
LD-101,IM-12,J-250106,2025-01-27 12:35:00,RL-5028,CL-354,14.8,DR-2,OP038
LD-102,IM-12,J-250106,2025-01-27 18:26:00,RL-5028,CL-342,1.8,DR-2,OP038
LD-103,IM-12,J-250106,2025-01-28 00:30:00,RL-5028,CL-359,9.9,DR-2,OP024
LD-104,IM-12,J-250106,2025-01-28 04:37:00,RL-5028,CL-358,8.2,DR-2,OP009
LD-105,IM-12,J-250106,2025-01-28 10:44:00,RL-5028,CL-334,0.0,DR-2,OP007
LD-106,IM-12,J-250106,2025-01-28 16:12:00,RL-5028,CL-323,0.0,DR-2,OP022
LD-107,IM-12,J-250106,2025-01-28 22:06:00,RL-5028,CL-326,12.2,DR-2,OP026
LD-108,IM-12,J-250106,2025-01-29 03:37:00,RL-5028,CL-320,0.0,DR-2,OP017
LD-109,IM-12,J-250106,2025-01-29 06:25:00,RL-5028,CL-358,12.5,DR-2,OP011
LD-110,IM-12,J-250106,2025-01-29 11:07:00,RL-5028,CL-315,0.0,DR-2,OP029
LD-111,IM-12,J-250106,2025-01-29 14:43:00,RL-5028,CL-323,0.0,DR-2,OP010
LD-112,IM-12,J-250106,2025-01-29 18:40:00,RL-5028,CL-306,14.6,DR-2,OP020
LD-113,IM-11,J-250107,2025-01-30 21:03:00,RL-5001,CL-345,8.7,DR-1,OP014
LD-114,IM-11,J-250107,2025-01-31 01:20:00,RL-5001,CL-325,0.0,DR-1,OP002
LD-115,IM-11,J-250107,2025-01-31 07:42:00,RL-5001,CL-353,0.8,DR-1,OP025
LD-116,IM-11,J-250107,2025-01-31 11:21:00,RL-5001,CL-337,14.3,DR-1,OP032
LD-117,IM-11,J-250107,2025-01-31 16:05:00,RL-5001,CL-305,0.0,DR-1,OP035
LD-118,IM-11,J-250107,2025-01-31 19:56:00,RL-5001,CL-322,8.4,DR-1,OP033
LD-119,IM-11,J-250107,2025-01-31 23:25:00,RL-5001,CL-352,0.0,DR-1,OP020
LD-120,IM-11,J-250107,2025-02-01 04:56:00,RL-5001,CL-348,0.0,DR-1,OP019
LD-121,IM-11,J-250107,2025-02-03 06:00:00,RL-5001,CL-345,12.1,DR-1,OP006
LD-122,IM-11,J-250107,2025-02-03 11:19:00,RL-5001,CL-338,0.0,DR-1,OP007
LD-123,IM-11,J-250107,2025-02-03 15:57:00,RL-5001,CL-330,4.0,DR-1,OP009
LD-124,IM-11,J-250107,2025-02-03 19:18:00,RL-5001,CL-302,5.5,DR-1,OP025
LD-125,IM-11,J-250107,2025-02-03 22:47:00,RL-5002,CL-344,8.7,DR-1,OP029
LD-126,IM-11,J-250107,2025-02-04 03:44:00,RL-5002,CL-335,10.1,DR-1,OP004
LD-127,IM-11,J-250107,2025-02-04 09:40:00,RL-5002,CL-333,14.7,DR-1,OP009
LD-128,IM-11,J-250107,2025-02-04 16:30:00,RL-5002,CL-329,5.4,DR-1,OP004
LD-129,IM-12,J-250108,2025-02-03 06:53:00,RL-5002,CL-341,4.2,DR-2,OP014
LD-130,IM-12,J-250108,2025-02-03 09:20:00,RL-5002,CL-338,0.0,DR-2,OP016
LD-131,IM-12,J-250108,2025-02-03 12:23:00,RL-5002,CL-334,0.0,DR-2,OP035
LD-132,IM-12,J-250108,2025-02-03 16:30:00,RL-5002,CL-343,0.0,DR-2,OP005
LD-133,IM-12,J-250108,2025-02-03 20:58:00,RL-5002,CL-348,14.5,DR-2,OP019
LD-134,IM-12,J-250108,2025-02-04 02:17:00,RL-5002,CL-331,0.0,DR-2,OP026
LD-135,IM-12,J-250108,2025-02-04 08:17:00,RL-5002,CL-356,10.3,DR-2,OP005
LD-136,IM-12,J-250108,2025-02-04 15:08:00,RL-5002,CL-356,0.0,DR-2,OP031
LD-137,IM-12,J-250108,2025-02-04 21:23:00,RL-5002,CL-302,0.0,DR-2,OP034
LD-138,IM-12,J-250108,2025-02-05 03:50:00,RL-5002,CL-346,0.0,DR-2,OP030
LD-139,IM-12,J-250108,2025-02-05 09:21:00,RL-5002,CL-353,11.0,DR-2,OP029
LD-140,IM-12,J-250108,2025-02-05 14:33:00,RL-5002,CL-326,8.8,DR-2,OP015
LD-141,IM-12,J-250108,2025-02-05 18:10:00,RL-5002,CL-326,0.0,DR-2,OP029
LD-142,IM-12,J-250108,2025-02-05 23:11:00,RL-5002,CL-328,10.9,DR-2,OP004
LD-143,IM-12,J-250108,2025-02-06 03:56:00,RL-5002,CL-323,0.0,DR-2,OP003
LD-144,IM-12,J-250108,2025-02-06 11:22:00,RL-5002,CL-334,3.2,DR-2,OP027
LD-145,IM-11,J-250109,2025-02-06 15:14:00,RL-5028,CL-356,6.1,DR-1,OP016
LD-146,IM-11,J-250109,2025-02-06 21:59:00,RL-5028,CL-333,8.9,DR-1,OP008
LD-147,IM-11,J-250109,2025-02-07 02:46:00,RL-5028,CL-316,1.4,DR-1,OP031
LD-148,IM-11,J-250109,2025-02-07 08:06:00,RL-5028,CL-336,0.0,DR-1,OP039
LD-149,IM-11,J-250109,2025-02-07 12:58:00,RL-5028,CL-343,10.9,DR-1,OP026
LD-150,IM-11,J-250109,2025-02-07 17:39:00,RL-5029,CL-314,0.0,DR-1,OP038
LD-151,IM-11,J-250109,2025-02-07 23:24:00,RL-5029,CL-311,0.0,DR-1,OP033
LD-152,IM-11,J-250109,2025-02-08 05:27:00,RL-5029,CL-332,0.0,DR-1,OP038
LD-153,IM-11,J-250109,2025-02-10 06:37:00,RL-5029,CL-357,0.0,DR-1,OP039
LD-154,IM-11,J-250109,2025-02-10 09:08:00,RL-5029,CL-345,0.0,DR-1,OP036
LD-155,IM-11,J-250109,2025-02-10 15:00:00,RL-5029,CL-359,0.0,DR-1,OP023
LD-156,IM-11,J-250109,2025-02-10 19:59:00,RL-5029,CL-331,1.5,DR-1,OP035
LD-157,IM-11,J-250109,2025-02-10 23:39:00,RL-5029,CL-320,12.3,DR-1,OP034
LD-158,IM-11,J-250109,2025-02-11 04:32:00,RL-5029,CL-359,0.0,DR-1,OP010
LD-159,IM-11,J-250109,2025-02-11 07:52:00,RL-5029,CL-341,0.0,DR-1,OP023
LD-160,IM-11,J-250109,2025-02-11 12:23:00,RL-5029,CL-358,14.1,DR-1,OP023
LD-161,IM-11,J-250109,2025-02-11 17:46:00,RL-5029,CL-313,0.0,DR-1,OP032
LD-162,IM-11,J-250109,2025-02-12 00:55:00,RL-5029,CL-355,5.5,DR-1,OP012
LD-163,IM-11,J-250109,2025-02-12 05:41:00,RL-5029,CL-329,0.0,DR-1,OP022
LD-164,IM-11,J-250109,2025-02-12 11:00:00,RL-5029,CL-341,0.0,DR-1,OP035
LD-165,IM-11,J-250109,2025-02-12 16:00:00,RL-5029,CL-341,4.4,DR-1,OP021
LD-166,IM-11,J-250109,2025-02-12 19:50:00,RL-5029,CL-314,13.2,DR-1,OP001
LD-167,IM-11,J-250109,2025-02-13 02:04:00,RL-5030,CL-321,0.0,DR-1,OP004
LD-168,IM-12,J-250110,2025-02-10 06:00:00,RL-5030,CL-351,7.9,DR-2,OP005
LD-169,IM-12,J-250110,2025-02-10 10:09:00,RL-5030,CL-302,10.6,DR-2,OP012
LD-170,IM-12,J-250110,2025-02-10 15:41:00,RL-5030,CL-321,9.3,DR-2,OP019
LD-171,IM-12,J-250110,2025-02-10 21:23:00,RL-5030,CL-311,10.4,DR-2,OP022
LD-172,IM-12,J-250110,2025-02-11 01:52:00,RL-5030,CL-313,0.0,DR-2,OP021
LD-173,IM-12,J-250110,2025-02-11 08:52:00,RL-5030,CL-308,8.0,DR-2,OP001
LD-174,IM-12,J-250110,2025-02-11 13:13:00,RL-5030,CL-357,0.0,DR-2,OP034
LD-175,IM-12,J-250110,2025-02-11 16:29:00,RL-5030,CL-335,0.0,DR-2,OP005
LD-176,IM-12,J-250110,2025-02-11 23:15:00,RL-5030,CL-300,8.7,DR-2,OP034
LD-177,IM-12,J-250110,2025-02-12 03:34:00,RL-5030,CL-310,7.8,DR-2,OP003
LD-178,IM-12,J-250110,2025-02-12 09:19:00,RL-5030,CL-342,0.0,DR-2,OP006
LD-179,IM-12,J-250110,2025-02-12 13:13:00,RL-5030,CL-346,0.0,DR-2,OP015
LD-180,IM-12,J-250110,2025-02-12 17:50:00,RL-5030,CL-322,7.0,DR-2,OP037
LD-181,IM-12,J-250110,2025-02-13 00:02:00,RL-5030,CL-332,0.0,DR-2,OP018
LD-182,IM-12,J-250110,2025-02-13 03:20:00,RL-5030,CL-335,0.0,DR-2,OP016
LD-183,IM-12,J-250110,2025-02-13 06:47:00,RL-5030,CL-313,6.1,DR-2,OP015
LD-184,IM-12,J-250110,2025-02-13 09:49:00,RL-5030,CL-356,4.3,DR-2,OP029
LD-185,IM-12,J-250110,2025-02-13 14:37:00,RL-5030,CL-359,10.5,DR-2,OP012
LD-186,IM-12,J-250110,2025-02-13 20:59:00,RL-5030,CL-358,0.0,DR-2,OP022
LD-187,IM-12,J-250110,2025-02-14 00:32:00,RL-5030,CL-350,8.8,DR-2,OP007
LD-188,IM-12,J-250110,2025-02-14 06:28:00,RL-5030,CL-301,0.0,DR-2,OP020
LD-189,IM-12,J-250110,2025-02-14 10:14:00,RL-5030,CL-329,11.9,DR-2,OP039
LD-190,IM-12,J-250110,2025-02-14 13:46:00,RL-5030,CL-333,10.0,DR-2,OP006
LD-191,IM-12,J-250110,2025-02-14 20:07:00,RL-5030,CL-318,0.0,DR-2,OP009
LD-192,IM-12,J-250110,2025-02-15 03:05:00,RL-5030,CL-336,14.5,DR-2,OP035
LD-193,IM-12,J-250110,2025-02-17 06:00:00,RL-5031,CL-345,0.0,DR-2,OP038
LD-194,IM-12,J-250110,2025-02-17 11:06:00,RL-5031,CL-332,9.8,DR-2,OP036
LD-195,IM-11,J-250111,2025-02-17 06:00:00,RL-5057,CL-336,12.3,,OP027
LD-196,IM-11,J-250111,2025-02-17 11:59:00,RL-5057,CL-355,0.0,,OP028
LD-197,IM-11,J-250111,2025-02-17 16:12:00,RL-5058,CL-326,9.1,,OP008
LD-198,IM-11,J-250111,2025-02-17 20:59:00,RL-5058,CL-302,0.0,,OP021
LD-199,IM-11,J-250111,2025-02-18 02:10:00,RL-5058,CL-300,0.0,,OP009
LD-200,IM-11,J-250111,2025-02-18 07:22:00,RL-5058,CL-303,7.6,,OP033
