lot_id,resin_id,grade,supplier_id,received_date,cert_melt_flow_index,cert_moisture_pct,cert_density,qty_kg
RL-5000,PA66 GF30,PA66 GF30,RS-3,2024-11-07,11.1,0.119,1.361,1138
RL-5001,PA66 GF30,PA66 GF30,RS-3,2024-11-26,11.1,0.153,1.367,1717
RL-5002,PA66 GF30,PA66 GF30,RS-1,2024-12-10,10.9,0.172,1.354,1077
RL-5003,PA66 GF30,PA66 GF30,RS-3,2025-01-05,9.9,0.169,1.357,1170
RL-5004,PA66 GF30,PA66 GF30,RS-2,2025-01-21,11.7,0.11,1.36,1679
RL-5005,PA66 GF30,PA66 GF30,RS-3,2025-02-13,10.4,0.16,1.364,1977
RL-5006,PA66 GF30,PA66 GF30,RS-2,2025-03-07,12.3,0.072,1.359,1292
RL-5007,PA66 GF30,PA66 GF30,RS-3,2025-03-28,11.5,0.117,1.364,1328
RL-5008,PA66 GF30,PA66 GF30,RS-2,2025-04-22,12.4,0.154,1.364,1647
RL-5009,PA66 GF30,PA66 GF30,RS-3,2025-05-13,10.7,0.14,1.352,2135
RL-5010,PA66 GF30,PA66 GF30,RS-2,2025-05-30,12.8,0.15,1.355,1770
RL-5011,PA66 GF30,PA66 GF30,RS-3,2025-06-21,11.8,0.103,1.353,920
RL-5012,PA66 GF30,PA66 GF30,RS-3,2025-07-10,10.5,0.123,1.356,1850
RL-5013,PA66 GF30,PA66 GF30,RS-3,2025-07-23,10.7,0.06,1.359,1488
RL-5014,PA66 GF30,PA66 GF30,RS-1,2025-08-07,12.5,0.109,1.36,1154
RL-5015,PA66 GF30,PA66 GF30,RS-1,2025-08-29,12.3,0.131,1.357,1619
RL-5016,PA66 GF30,PA66 GF30,RS-2,2025-09-19,11.7,0.101,1.362,1734
RL-5017,PA66 GF30,PA66 GF30,RS-2,2025-10-07,12.0,0.094,1.356,1506
RL-5018,PA66 GF30,PA66 GF30,RS-2,2025-10-24,11.8,0.143,1.36,1998
RL-5019,PA66 GF30,PA66 GF30,RS-1,2025-11-17,10.7,0.138,1.362,1653
RL-5020,PA66 GF30,PA66 GF30,RS-1,2025-12-05,12.0,0.106,1.356,1138
RL-5021,PA66 GF30,PA66 GF30,RS-3,2025-12-23,12.2,0.166,1.36,1383
RL-5022,PA66 GF30,PA66 GF30,RS-1,2026-01-08,12.8,0.06,1.356,2049
RL-5023,PA66 GF30,PA66 GF30,RS-3,2026-01-23,11.1,0.112,1.359,1446
RL-5024,PA66 GF30,PA66 GF30,RS-3,2026-02-10,10.8,0.091,1.356,1385
RL-5025,PA66 GF30,PA66 GF30,RS-2,2026-03-05,12.0,0.108,1.358,973
RL-5026,PA66 GF30,PA66 GF30,RS-2,2026-03-26,11.7,0.133,1.36,1220
RL-5027,PC/ABS,PC/ABS,RS-2,2024-11-07,19.1,0.175,1.149,1582
RL-5028,PC/ABS,PC/ABS,RS-2,2024-11-23,16.6,0.15,1.146,1233
RL-5029,PC/ABS,PC/ABS,RS-2,2024-12-08,18.1,0.113,1.146,1078
RL-5030,PC/ABS,PC/ABS,RS-4,2024-12-29,18.3,0.095,1.15,1707
RL-5031,PC/ABS,PC/ABS,RS-2,2025-01-16,15.8,0.133,1.151,1536
RL-5032,PC/ABS,PC/ABS,RS-2,2025-01-30,16.7,0.053,1.148,1125
RL-5033,PC/ABS,PC/ABS,RS-4,2025-02-13,18.4,0.085,1.148,1516
RL-5034,PC/ABS,PC/ABS,RS-2,2025-02-28,18.8,0.156,1.152,1702
RL-5035,PC/ABS,PC/ABS,RS-2,2025-03-25,19.1,0.136,1.144,2061
RL-5036,PC/ABS,PC/ABS,RS-4,2025-04-16,19.4,0.065,1.154,1177
RL-5037,PC/ABS,PC/ABS,RS-4,2025-04-29,17.1,0.13,1.147,1980
RL-5038,PC/ABS,PC/ABS,RS-2,2025-05-20,19.9,0.094,1.15,1641
RL-5039,PC/ABS,PC/ABS,RS-2,2025-06-02,17.6,0.161,1.15,1841
RL-5040,PC/ABS,PC/ABS,RS-4,2025-06-18,18.6,0.09,1.154,1000
RL-5041,PC/ABS,PC/ABS,RS-2,2025-07-13,17.5,0.161,1.152,1261
RL-5042,PC/ABS,PC/ABS,RS-2,2025-07-25,15.7,0.154,1.147,1923
RL-5043,PC/ABS,PC/ABS,RS-2,2025-08-09,19.4,0.141,1.15,1247
RL-5044,PC/ABS,PC/ABS,RS-4,2025-09-02,18.3,0.122,1.157,1052
RL-5045,PC/ABS,PC/ABS,RS-2,2025-09-15,19.1,0.091,1.15,1256
RL-5046,PC/ABS,PC/ABS,RS-4,2025-10-03,17.8,0.133,1.155,2021
RL-5047,PC/ABS,PC/ABS,RS-2,2025-10-21,16.7,0.053,1.153,1842
RL-5048,PC/ABS,PC/ABS,RS-2,2025-11-12,17.2,0.111,1.144,1166
RL-5049,PC/ABS,PC/ABS,RS-2,2025-11-30,18.1,0.079,1.149,1274
RL-5050,PC/ABS,PC/ABS,RS-4,2025-12-14,17.2,0.146,1.153,981
RL-5051,PC/ABS,PC/ABS,RS-2,2025-12-30,17.8,0.066,1.151,1643
RL-5052,PC/ABS,PC/ABS,RS-4,2026-01-18,18.5,0.162,1.158,1945
RL-5053,PC/ABS,PC/ABS,RS-2,2026-01-30,19.7,0.06,1.15,1578
RL-5054,PC/ABS,PC/ABS,RS-2,2026-02-22,14.9,0.092,1.147,1510
RL-5055,PC/ABS,PC/ABS,RS-2,2026-03-12,18.4,0.174,1.146,1099
RL-5056,POM,POM,RS-5,2024-11-07,9.6,0.028,1.409,1320
RL-5057,POM,POM,RS-1,2024-11-26,7.6,0.015,1.42,1157
RL-5058,POM,POM,RS-5,2024-12-20,10.4,0.022,1.409,1075
RL-5059,POM,POM,RS-5,2025-01-06,9.2,0.013,1.417,1604
RL-5060,POM,POM,RS-5,2025-01-31,8.1,0.037,1.412,1031
RL-5061,POM,POM,RS-5,2025-02-16,8.2,0.012,1.409,1150
RL-5062,POM,POM,RS-5,2025-03-07,8.1,0.014,1.414,1581
RL-5063,POM,POM,RS-5,2025-04-02,7.6,0.019,1.408,1875
RL-5064,POM,POM,RS-1,2025-04-14,8.5,0.03,1.41,2032
RL-5065,POM,POM,RS-1,2025-04-29,8.4,0.016,1.41,1080
RL-5066,POM,POM,RS-1,2025-05-17,10.1,0.011,1.416,1363
RL-5067,POM,POM,RS-5,2025-06-09,8.9,0.022,1.41,1232
RL-5068,POM,POM,RS-1,2025-07-03,10.3,0.014,1.412,1303
RL-5069,POM,POM,RS-5,2025-07-24,9.3,0.024,1.41,2116
RL-5070,POM,POM,RS-1,2025-08-18,8.8,0.013,1.402,1804
RL-5071,POM,POM,RS-1,2025-09-04,9.7,0.028,1.404,2119
RL-5072,POM,POM,RS-5,2025-09-24,8.8,0.03,1.402,1496
RL-5073,POM,POM,RS-5,2025-10-08,8.8,0.037,1.416,1956
RL-5074,POM,POM,RS-1,2025-10-24,8.2,0.021,1.412,1488
RL-5075,POM,POM,RS-5,2025-11-11,8.1,0.023,1.41,1387
RL-5076,POM,POM,RS-5,2025-11-29,9.4,0.027,1.412,1081
RL-5077,POM,POM,RS-5,2025-12-22,8.1,0.019,1.411,1199
RL-5078,POM,POM,RS-1,2026-01-08,8.5,0.013,1.409,1320
RL-5079,POM,POM,RS-1,2026-01-31,8.8,0.022,1.407,1285
RL-5080,POM,POM,RS-5,2026-02-15,10.0,0.015,1.407,1352
RL-5081,POM,POM,RS-5,2026-02-28,8.7,0.016,1.406,2160
RL-5082,POM,POM,RS-1,2026-03-16,8.0,0.011,1.409,1686
RL-5083,PP copolymer,PP copolymer,RS-3,2024-11-07,19.9,0.01,0.896,1813
RL-5084,PP copolymer,PP copolymer,RS-3,2024-11-26,16.1,0.012,0.901,998
RL-5085,PP copolymer,PP copolymer,RS-5,2024-12-21,20.6,0.01,0.91,1465
RL-5086,PP copolymer,PP copolymer,RS-5,2025-01-16,20.2,0.02,0.898,2066
RL-5087,PP copolymer,PP copolymer,RS-5,2025-01-31,20.1,0.013,0.901,933
RL-5088,PP copolymer,PP copolymer,RS-3,2025-02-24,21.5,0.034,0.901,1336
RL-5089,PP copolymer,PP copolymer,RS-5,2025-03-16,18.7,0.028,0.903,1703
RL-5090,PP copolymer,PP copolymer,RS-5,2025-04-08,19.8,0.037,0.895,1732
RL-5091,PP copolymer,PP copolymer,RS-3,2025-04-22,16.8,0.024,0.896,1800
RL-5092,PP copolymer,PP copolymer,RS-3,2025-05-05,22.1,0.036,0.899,2006
RL-5093,PP copolymer,PP copolymer,RS-3,2025-05-21,19.9,0.016,0.904,1556
RL-5094,PP copolymer,PP copolymer,RS-5,2025-06-09,19.6,0.018,0.903,2029
RL-5095,PP copolymer,PP copolymer,RS-3,2025-06-28,16.0,0.027,0.903,1025
RL-5096,PP copolymer,PP copolymer,RS-3,2025-07-17,19.2,0.038,0.899,1555
RL-5097,PP copolymer,PP copolymer,RS-5,2025-08-10,20.9,0.016,0.905,1710
RL-5098,PP copolymer,PP copolymer,RS-3,2025-08-22,18.7,0.039,0.898,1808
RL-5099,PP copolymer,PP copolymer,RS-3,2025-09-04,17.8,0.018,0.898,1457
RL-5100,PP copolymer,PP copolymer,RS-5,2025-09-24,19.5,0.03,0.904,1395
RL-5101,PP copolymer,PP copolymer,RS-3,2025-10-18,20.5,0.036,0.897,2148
RL-5102,PP copolymer,PP copolymer,RS-5,2025-11-11,24.0,0.028,0.896,1273
RL-5103,PP copolymer,PP copolymer,RS-3,2025-11-23,19.2,0.021,0.903,1949
RL-5104,PP copolymer,PP copolymer,RS-3,2025-12-09,16.0,0.039,0.904,1710
RL-5105,PP copolymer,PP copolymer,RS-5,2026-01-02,19.6,0.016,0.894,1948
RL-5106,PP copolymer,PP copolymer,RS-3,2026-01-27,19.0,0.026,0.904,1708
RL-5107,PP copolymer,PP copolymer,RS-3,2026-02-09,20.1,0.014,0.899,1066
RL-5108,PP copolymer,PP copolymer,RS-5,2026-02-25,19.8,0.023,0.902,1074
RL-5109,PP copolymer,PP copolymer,RS-5,2026-03-12,20.1,0.024,0.901,1763
RL-5110,PP copolymer,PP copolymer,RS-3,2026-03-27,17.1,0.022,0.9,1834
