press_id,equipment,event_ts,event_type
IM-11,check_ring,2024-06-10 00:00:00.000000,replace
IM-12,check_ring,2024-09-02 00:00:00.000000,replace
IM-11,mold_temperature_controller,2024-12-07 07:00:00.000000,service
IM-12,mold_temperature_controller,2024-12-07 07:00:00.000000,service
IM-12,mold_temperature_controller,2025-01-30 21:26:00.354665,service
IM-11,mold_temperature_controller,2025-02-20 13:34:54.373842,service
IM-12,mold_temperature_controller,2025-03-20 18:44:07.670315,service
IM-11,mold_temperature_controller,2025-04-10 19:29:21.548220,service
IM-12,mold_temperature_controller,2025-05-26 00:27:13.446473,service
IM-11,mold_temperature_controller,2025-05-31 23:16:19.363962,service
IM-12,mold_temperature_controller,2025-08-05 16:17:12.106809,service
IM-11,mold_temperature_controller,2025-08-29 13:15:47.068164,service
IM-12,mold_temperature_controller,2025-10-04 00:04:26.286185,service
IM-11,mold_temperature_controller,2025-10-14 20:41:48.365607,service
IM-12,check_ring,2025-10-20 05:00:00.000000,replace
IM-12,mold_temperature_controller,2025-11-22 21:24:56.167112,service
IM-11,mold_temperature_controller,2025-12-12 09:38:18.403257,service
IM-12,mold_temperature_controller,2026-02-12 09:14:53.396844,service
IM-11,mold_temperature_controller,2026-03-10 13:14:39.707434,service
IM-11,mold_temperature_controller,2026-04-25 05:33:31.981718,service
